"record_id","dataset","text_length_chars","text_length_tokens","prefix_length","continuation_length","Mean_Coherence","Median_Coherence","Variance_Coherence","MAD_Coherence","Mean_Diversity","Median_Diversity","Variance_Diversity","MAD_Diversity","Mean_PPL","Median_PPL","Variance_PPL","MAD_PPL"
1,"wikitext",940,181,130,810,-2.18,-1.16,6.79,1.06,0.95,0.96,0,0.04,453.49,3.19,2934734.54,2.17
2,"wikitext",786,134,164,622,-3.23,-2.56,9.18,1.68,0.99,1,0,0,786.12,12.94,5532134.06,11.84
3,"wikitext",1006,196,147,858,-2.96,-2.16,9.38,1.65,0.93,0.9,0,0.03,575.77,8.68,3858386.55,7.6
4,"wikitext",863,165,128,735,-2.82,-1.7,9.56,1.6,0.98,0.98,0,0.02,635.42,5.47,4549568.99,4.46
5,"wikitext",1171,209,122,1049,-2.67,-1.62,8.09,1.52,0.98,0.98,0,0.01,476.59,5.05,3103001.88,4.04
6,"wikitext",868,162,150,718,-2.14,-1.33,5.22,1.19,0.82,0.81,0.01,0.09,219.05,3.78,1286820.45,2.76
7,"wikitext",1409,287,142,1267,-2.45,-1.47,8.06,1.38,0.91,0.89,0,0.03,457.12,4.35,3125800.85,3.34
8,"wikitext",995,181,134,861,-2.56,-1.49,8.58,1.43,0.95,0.94,0,0.02,597.69,4.44,3805917.26,3.43
9,"wikitext",1405,252,152,1253,-2.44,-1.77,6.35,1.56,0.9,0.88,0,0.02,442.36,5.87,3138823.05,4.85
10,"wikitext",1037,197,153,884,-2.62,-1.56,9.12,1.43,0.9,0.9,0,0.06,801.22,4.76,6334676.2,3.74
11,"wikitext",1437,265,143,1294,-2.77,-2.02,8.01,1.7,0.95,0.93,0,0.03,539.66,7.54,3518325.21,6.52
12,"wikitext",1160,265,97,1063,-2.22,-1.23,6.76,1.19,0.75,0.71,0.01,0.03,443.72,3.42,3050134.23,2.41
13,"wikitext",729,131,165,564,-2.71,-1.68,10.05,1.56,0.94,0.93,0,0.03,585.19,5.37,3689759.57,4.34
14,"wikitext",671,149,112,559,-2.43,-1.77,6.37,1.69,0.7,0.62,0.03,0.09,344.07,5.87,1384089.54,4.86
15,"wikitext",1012,224,132,880,-2.54,-1.64,7.97,1.58,0.67,0.59,0.03,0.03,524.51,5.18,3001655.59,4.17
16,"wikitext",736,151,88,648,-1.73,-0.68,5.89,0.67,0.96,0.97,0,0.01,272.08,1.97,1566669.18,0.97
17,"wikitext",1109,231,133,975,-2.62,-1.71,7.43,1.59,0.94,0.94,0,0.01,522.9,5.53,3292186.53,4.52
18,"wikitext",978,194,151,827,-2.62,-1.88,7.87,1.79,0.96,0.96,0,0.03,575.11,6.59,4384910.35,5.58
19,"wikitext",1502,310,143,1358,-2.49,-1.5,7.81,1.4,0.88,0.85,0,0.01,610.97,4.46,4633726.09,3.45
20,"wikitext",1507,280,147,1360,-2.75,-1.97,7.64,1.62,0.93,0.91,0,0.06,541.17,7.17,3588479.61,6.13
21,"wikitext",902,181,147,755,-3,-2.12,9.54,1.79,0.93,0.97,0.01,0.03,762.83,8.33,4970475.31,7.28
22,"wikitext",943,168,155,788,-3,-1.92,10.27,1.5,0.96,0.96,0,0.03,1045.39,6.78,7843929.86,5.75
23,"wikitext",800,136,172,628,-2.8,-1.78,8.46,1.6,0.98,1,0,0,821,5.94,6229847.08,4.9
24,"wikitext",889,145,181,708,-2.92,-2.05,9.76,1.58,0.99,1,0,0,707.35,7.77,5723129.65,6.71
25,"wikitext",858,144,171,686,-2.26,-1.42,5.73,1.22,0.96,0.95,0,0.02,339.08,4.16,1952162.03,3.15
26,"wikitext",992,138,193,799,-2.9,-2.25,7.71,1.54,0.92,0.92,0,0.02,706.62,9.48,5286539.21,8.4
27,"wikitext",857,138,138,718,-2.79,-1.71,8.24,1.6,0.97,0.98,0,0.01,759.53,5.55,5035471.82,4.51
28,"wikitext",1028,180,163,865,-2.2,-0.84,8.12,0.79,0.77,0.72,0.02,0.07,674.44,2.33,5037678.81,1.32
29,"wikitext",724,134,158,566,-2.62,-1.83,6.75,1.41,0.94,0.96,0,0.04,473.48,6.2,3641764.04,5.15
30,"wikitext",745,170,113,631,-1.69,-0.41,7,0.41,0.77,0.71,0.02,0.05,278.28,1.51,1918271.11,0.51
31,"wikitext",781,163,169,612,-2.08,-0.64,8.76,0.63,0.73,0.71,0.01,0.03,446.82,1.9,2723916.2,0.9
32,"wikitext",681,130,178,503,-3.05,-2.31,8.67,1.91,0.85,0.79,0.01,0.07,663.07,10.08,4524560.67,9.05
33,"wikitext",1005,161,165,839,-2.77,-1.96,7.14,1.61,0.79,0.79,0.01,0.02,586.64,7.1,3970818.01,5.93
34,"wikitext",783,154,151,632,-2.82,-1.9,7.31,1.69,0.79,0.76,0.01,0.09,526.4,6.68,3478791.83,5.61
35,"wikitext",1014,171,147,867,-2.89,-2.11,7.98,1.67,0.93,0.89,0,0.02,663.36,8.25,4429229.78,7.12
36,"wikitext",1036,160,172,863,-2.42,-1.48,5.5,1.19,0.96,0.95,0,0.01,352.09,4.37,2301956.27,3.21
37,"wikitext",1337,232,139,1198,-2.58,-1.6,7.6,1.31,0.89,0.86,0,0.02,552.99,4.95,3651299.32,3.88
38,"wikitext",1039,191,147,892,-2.86,-2.27,7.74,1.75,0.95,0.96,0,0.03,588.08,9.68,4062654.57,8.43
39,"wikitext",1791,310,195,1596,-3.44,-2.5,9.72,2.14,0.91,0.91,0,0.02,977,12.18,6617356,11.14
40,"wikitext",1360,267,175,1185,-2.65,-1.86,8.33,1.58,0.93,0.92,0,0.03,606.27,6.42,4225946.06,5.37
41,"wikitext",855,138,153,701,-2.69,-1.76,7.04,1.36,0.98,0.99,0,0.01,499.68,5.81,3121847.02,4.68
42,"wikitext",1044,227,161,883,-2.46,-1.42,7.73,1.34,0.89,0.93,0.01,0.07,473.81,4.14,2942707.85,3.1
43,"wikitext",744,128,161,583,-2.81,-1.83,8.53,1.59,0.92,0.97,0.01,0.03,645.78,6.2,4492093.22,5.12
44,"wikitext",860,137,149,711,-2.82,-1.58,9.62,1.52,0.99,1,0,0,871.58,4.85,6333306.51,3.84
45,"wikitext",914,149,171,743,-2.56,-1.59,7.44,1.27,0.94,0.93,0,0.02,365.83,4.9,2691085.67,3.74
46,"wikitext",1009,157,156,853,-2.73,-1.94,7.51,1.73,0.97,0.97,0,0.01,534.68,6.96,2940811.91,5.9
47,"wikitext",1488,259,150,1338,-2.35,-1.48,6.03,1.21,0.92,0.91,0,0.03,322.09,4.39,1995812.37,3.31
48,"wikitext",822,171,146,675,-2.54,-1.85,7.82,1.64,0.77,0.73,0.01,0.06,493.34,6.36,3658533.9,5.33
49,"wikitext",621,167,131,489,-2.52,-1.55,6.33,1.48,0.76,0.77,0.03,0.16,340.88,4.71,1634243.22,3.71
50,"wikitext",801,151,135,666,-3.35,-2.46,8.63,2.11,1,1,0,0,875.93,11.7,5544448.85,10.67
51,"wikitext",598,154,141,456,-3.88,-3.3,11.18,2.81,0.9,0.9,0,0.02,1181.26,27.35,7127626.93,26.32
52,"wikitext",894,165,160,734,-3.28,-2.27,11.07,2.18,0.95,0.94,0,0.01,1054.41,9.68,7357442.09,8.68
53,"wikitext",678,138,139,539,-3.43,-2.29,11.57,1.89,0.97,1,0,0,820.02,9.93,5577970.19,8.88
54,"wikitext",885,164,139,746,-3.63,-2.73,11.75,2.35,0.98,0.98,0,0.01,1247.92,15.5,8511010.7,14.47
55,"wikitext",911,160,156,754,-3.6,-2.96,12.04,2.13,0.95,0.95,0,0.05,1054.72,19.4,7707947.51,18.34
56,"wikitext",930,184,117,813,-2.42,-1.68,6.12,1.41,0.97,0.97,0,0.02,418.75,5.36,2757040.05,4.28
57,"wikitext",881,165,126,754,-2.75,-1.8,8.5,1.62,0.99,1,0,0,531.51,6.05,3808376.74,5.04
58,"wikitext",968,177,153,815,-3.5,-2.56,9.71,2.08,0.98,0.98,0,0.02,1029.32,12.94,6308575.71,11.89
59,"wikitext",789,158,123,666,-3.82,-2.74,11.61,1.98,0.99,0.98,0,0.01,1303.35,15.5,9308179.34,14.47
60,"wikitext",776,150,126,650,-3.03,-2.38,8.78,1.96,0.95,0.94,0,0.01,675.96,10.75,4139280.66,9.69
61,"wikitext",784,146,152,631,-3.25,-1.99,11.07,1.81,0.98,0.98,0,0.02,959.47,7.32,6628923.36,6.29
62,"wikitext",778,133,156,622,-2.57,-1.89,5.77,1.56,0.99,1,0,0,255.29,6.62,998225.17,5.53
63,"wikitext",860,149,149,711,-2.52,-1.61,7.93,1.47,0.95,0.94,0,0.01,288.56,5,1494851.96,3.98
64,"wikitext",867,152,178,689,-2.02,-0.94,8.03,0.88,0.93,0.92,0,0.03,301.54,2.56,2257346.79,1.54
65,"wikitext",1101,210,140,960,-2.3,-1.46,6.89,1.39,0.92,0.9,0,0.05,281.97,4.32,1649687.78,3.31
66,"wikitext",894,160,140,754,-2.47,-1.67,8.3,1.44,0.97,0.96,0,0.02,430.26,5.34,2912501.24,4.29
67,"wikitext",812,144,149,663,-2.38,-1.47,6.91,1.34,0.96,0.95,0,0.03,350.63,4.35,2175839.16,3.31
68,"wikitext",868,165,147,721,-2.23,-1.47,7.32,1.33,0.94,0.97,0,0.03,341.68,4.35,2386171.27,3.32
69,"wikitext",1032,172,172,860,-2.33,-1.76,5.24,1.46,0.97,0.96,0,0.02,301.17,5.78,1689221.42,4.73
70,"wikitext",1195,218,172,1023,-2.22,-1.02,8.32,0.99,0.9,0.89,0,0.06,507.26,2.78,3451864.1,1.76
71,"wikitext",1183,233,136,1047,-2.49,-1.66,7.76,1.55,0.96,0.95,0,0.01,530.04,5.26,3897200.99,4.24
72,"wikitext",802,137,140,662,-2.14,-1.34,5.68,1.16,0.97,0.96,0,0.02,427.12,3.82,3026689.9,2.75
73,"wikitext",1061,207,106,954,-2.82,-1.72,8.1,1.59,0.95,0.94,0,0.02,687.16,5.58,5026114,4.58
74,"wikitext",896,158,136,760,-2.4,-1.52,5.76,1.35,0.99,0.99,0,0.01,315,4.6,1736081.59,3.59
75,"wikitext",932,161,132,800,-2.89,-1.8,8.77,1.32,0.97,0.96,0,0.01,657.29,6.05,4912723.25,4.84
76,"wikitext",1278,276,128,1150,-2.81,-1.9,7.55,1.51,0.95,0.95,0,0.01,677.62,6.69,4812707.99,5.57
77,"wikitext",1136,203,155,981,-3.42,-2.58,9.7,1.91,0.97,0.96,0,0.01,971.83,13.2,6622441.96,12.17
78,"wikitext",1254,264,122,1131,-3.27,-2.2,9.47,1.83,0.97,0.99,0,0.01,921.91,9.03,5862316.54,8.01
79,"wikitext",1160,247,144,1016,-3.49,-2.12,13.37,1.99,0.85,0.86,0,0.02,1369.91,8.33,9527990.87,7.31
80,"wikitext",890,170,141,749,-2.84,-1.92,9.9,1.6,0.98,1,0,0,731.15,6.78,5206747.56,5.71
81,"wikitext",733,128,131,602,-3.1,-2.3,9.1,1.85,0.98,0.98,0,0.02,684.62,10.02,5240263.77,8.94
82,"wikitext",724,137,141,583,-3.08,-2.11,8.04,1.86,0.95,0.95,0,0.03,622.5,8.25,4131353.12,7.23
83,"wikitext",1257,218,160,1097,-3.06,-2.45,7.74,1.81,0.99,0.99,0,0,683.36,11.58,4765815.04,10.53
84,"wikitext",1023,171,154,869,-3.06,-2.13,9.26,1.75,0.99,0.99,0,0.01,748.07,8.41,5139865.65,7.36
85,"wikitext",918,177,130,788,-3.37,-2.31,9.94,1.71,0.92,0.92,0,0.01,1040.11,10.07,7297285.98,8.84
86,"wikitext",1308,257,130,1177,-2.53,-1.71,7.4,1.4,0.92,0.93,0,0.01,479.35,5.53,3579925.18,4.46
87,"wikitext",823,156,163,660,-2.93,-2.27,8.19,1.57,0.82,0.83,0.01,0.04,666.19,9.68,4992266.35,8.49
88,"wikitext",703,132,173,530,-2.65,-1.9,7.47,1.37,0.95,0.95,0,0.02,503.12,6.68,3712836.63,5.42
89,"wikitext",953,175,152,801,-2.38,-1.51,6.34,1.24,0.94,0.92,0,0.03,429.73,4.53,2989969.89,3.47
90,"wikitext",1689,332,152,1537,-2.65,-1.9,7.19,1.45,0.93,0.93,0,0.02,517.69,6.66,3690564.44,5.58
91,"wikitext",746,139,132,613,-2.67,-1.71,6.99,1.63,0.95,0.94,0,0.06,491.06,5.53,2820738.02,4.51
92,"wikitext",1245,223,165,1080,-2.84,-1.83,8.5,1.53,0.97,0.95,0,0.02,667.45,6.23,4800449.27,5.19
93,"wikitext",972,165,130,842,-3.26,-2.7,10.96,2,0.98,0.98,0,0.02,844.74,14.88,5940436.21,13.85
94,"wikitext",704,155,123,581,-2.5,-1.4,8.11,1.34,0.88,0.88,0,0.02,643.72,4.06,5056689.98,3.04
95,"wikitext",1083,204,137,946,-2.58,-1.56,9.27,1.43,0.91,0.91,0,0.06,628.54,4.74,4642516.48,3.72
96,"wikitext",843,140,151,692,-2.67,-2.06,5.88,1.94,0.98,0.97,0,0.02,289.18,7.92,1362025.58,6.92
97,"wikitext",776,148,133,643,-2.3,-1.58,5.62,1.42,0.93,0.92,0,0.01,347.27,4.89,2174780.49,3.89
98,"wikitext",915,164,144,771,-2.17,-1.42,5.91,1.19,0.91,0.89,0,0.02,346.32,4.16,2497044.64,3.03
99,"wikitext",1106,210,155,951,-2.79,-1.92,7.99,1.65,0.96,0.96,0,0.02,644.35,6.86,4429807.57,5.82
100,"wikitext",914,194,144,770,-2.17,-0.86,7.28,0.83,0.95,0.96,0,0.02,453.8,2.36,3062286.7,1.34
101,"wikitext",1131,192,154,976,-2.22,-1.36,6.08,1.29,0.87,0.9,0,0.02,361.4,3.88,2377195.74,2.85
102,"wikitext",1317,250,155,1161,-2.8,-1.86,8.69,1.65,0.96,0.96,0,0.03,678.33,6.39,4707017.83,5.38
103,"wikitext",852,156,143,708,-3.1,-2.27,8.94,2.03,0.93,0.94,0,0.06,673.06,9.7,3920507.21,8.68
104,"wikitext",963,172,173,789,-2.93,-1.77,8.36,1.59,0.88,0.87,0,0.03,738.14,5.87,4530708.07,4.86
105,"wikitext",986,234,118,868,-2.3,-1.55,6.59,1.4,0.79,0.78,0.01,0.05,449.78,4.71,3138927.22,3.7
106,"wikitext",1430,339,101,1329,-2.61,-1.85,6.66,1.53,0.84,0.85,0.01,0.11,456.13,6.36,2988411.75,5.3
107,"wikitext",847,199,90,757,-3.07,-1.95,10.11,1.72,0.8,0.76,0.01,0.03,905.12,7.03,6435703.2,5.99
108,"wikitext",611,128,126,485,-2.82,-1.69,9.43,1.55,0.95,0.95,0,0.02,751.12,5.45,5592744.85,4.45
109,"wikitext",990,194,126,864,-2.75,-1.79,9.34,1.54,0.98,0.98,0,0.02,689.79,5.99,4951835.11,4.97
110,"wikitext",1090,235,106,984,-2.23,-1.39,5.57,1.16,0.86,0.86,0.01,0.11,327.96,4.01,2336735.16,2.96
111,"wikitext",738,132,139,599,-1.89,-1.19,4.37,1.03,0.81,0.77,0.01,0.02,215.24,3.3,1274107.35,2.26
112,"wikitext",807,143,143,664,-2.79,-1.54,12.69,1.5,0.97,0.96,0,0.01,940.25,4.66,7598510.51,3.65
113,"wikitext",1285,271,143,1141,-2.13,-1.37,4.98,1.31,0.85,0.85,0,0.04,250.66,3.94,1652913.89,2.93
114,"wikitext",842,158,134,708,-2.69,-1.72,9.7,1.58,0.87,0.83,0.01,0.08,583.53,5.56,4168882,4.53
115,"wikitext",735,126,164,571,-2.68,-2.07,7.21,1.57,0.97,0.97,0,0.02,481.52,7.94,3580504.97,6.83
116,"wikitext",703,125,150,553,-2.65,-2.08,5.44,1.34,1,1,0,0,364.83,8,2323666.84,6.58
117,"wikitext",919,160,172,747,-2.49,-1.47,8.33,1.28,0.91,0.94,0.01,0.06,640.82,4.35,4963116.09,3.34
118,"wikitext",666,135,103,562,-2.35,-1.04,9.87,1.03,0.96,0.97,0,0.03,531.96,2.83,3892005.51,1.83
119,"wikitext",785,133,131,653,-2.78,-1.79,9.16,1.45,0.91,0.86,0.01,0.04,573.27,5.99,2963920.95,4.93
120,"wikitext",958,175,150,808,-2.73,-1.76,9.01,1.4,0.97,0.97,0,0.02,533.49,5.81,3303090.2,4.77
121,"wikitext",1169,221,154,1015,-2.61,-1.63,9.6,1.51,0.91,0.9,0,0.02,567.23,5.1,4073840.51,4.09
122,"wikitext",1020,197,124,896,-2.62,-1.79,8.97,1.47,0.95,0.94,0,0.03,433.65,5.99,3025289.64,4.92
123,"wikitext",1311,244,126,1185,-2.81,-1.96,7.31,1.45,0.98,0.98,0,0.02,516.33,7.06,3557137.58,6
124,"wikitext",871,137,154,717,-2.42,-1.54,7.93,1.48,0.99,1,0,0,497.23,4.66,3637412.23,3.66
125,"wikitext",911,161,156,755,-2.36,-1.62,7.78,1.27,0.93,0.93,0,0.07,470.78,5.05,3680197.24,3.97
126,"wikitext",884,148,174,710,-2.44,-1.69,7.1,1.41,0.97,0.96,0,0.01,386.85,5.46,2713876.62,4.45
127,"wikitext",935,181,135,800,-2.83,-1.77,8.18,1.63,0.98,1,0,0,652.62,5.87,4360893.91,4.86
128,"wikitext",783,132,148,635,-3.32,-2.48,10.13,1.91,0.99,1,0,0,901.84,11.88,6217068.08,10.85
129,"wikitext",1125,217,118,1007,-2.89,-1.84,10.08,1.63,0.95,0.96,0,0.04,736.29,6.3,5330121.64,5.3
130,"wikitext",1181,250,94,1087,-2.35,-1.52,6.51,1.41,0.79,0.75,0.01,0.04,398.89,4.55,2718398.5,3.53
131,"wikitext",942,195,154,788,-2.68,-1.66,8.56,1.55,0.88,0.91,0.01,0.05,516.87,5.26,3144893.43,4.24
132,"wikitext",1327,248,175,1152,-2.57,-1.52,8.66,1.43,0.89,0.9,0.01,0.08,519.48,4.55,3805590.08,3.54
133,"wikitext",1221,222,127,1093,-2.17,-1.13,7.1,1.06,0.74,0.67,0.02,0.09,580.55,3.1,4469424.6,2.08
134,"wikitext",795,137,161,634,-2.51,-1.66,6.94,1.38,0.79,0.77,0.01,0.02,503.07,5.26,3507968.89,4.23
135,"wikitext",784,132,123,661,-2.31,-1.74,6.44,1.47,0.93,0.94,0,0.02,430.63,5.7,2879554.59,4.66
136,"wikitext",810,144,154,656,-2.52,-1.48,9.45,1.4,0.89,0.88,0.01,0.04,770.96,4.39,5388901.01,3.39
137,"wikitext",998,178,149,849,-2.8,-1.93,9.26,1.5,0.96,0.96,0,0.03,785.85,6.89,5724646.09,5.81
138,"wikitext",835,150,166,669,-2.84,-1.71,9.56,1.4,0.88,0.85,0.01,0.08,786.64,5.52,6080592.77,4.41
139,"wikitext",1017,205,137,880,-2.29,-1.38,6.79,1.3,0.93,0.93,0,0.01,437.49,3.97,3139644.71,2.96
140,"wikitext",988,163,156,832,-2.58,-1.68,6.01,1.36,0.9,0.89,0,0.01,444.05,5.37,3106256.7,4.24
141,"wikitext",585,168,69,515,-2.78,-1.66,10.99,1.59,0.94,1,0.01,0,768.83,5.26,5954429.81,4.25
142,"wikitext",988,204,132,856,-2.69,-1.85,7.46,1.61,0.97,0.99,0,0.01,597.12,6.36,3897729.66,5.29
143,"wikitext",803,138,128,674,-2.94,-2.16,7.81,1.83,0.98,1,0,0,585.76,8.64,3613912.83,7.59
144,"wikitext",748,126,153,595,-3.59,-2.82,10.95,2.19,0.99,1,0,0,966.27,16.75,6078171.79,15.71
145,"wikitext",796,156,121,675,-3.12,-2.17,8.73,1.65,0.94,0.94,0,0.01,804.93,8.76,5530210.37,7.74
146,"wikitext",748,155,109,639,-3.09,-2.25,8.79,1.99,0.88,0.9,0.01,0.1,640.39,9.49,3946648.66,8.49
147,"wikitext",885,163,161,723,-3.87,-2.79,12.63,2.07,0.99,1,0,0,1108.29,16.28,6976749.98,15.2
148,"wikitext",793,151,145,648,-3.38,-2.37,9.9,1.89,0.9,0.9,0,0.02,1001.53,10.7,6429847.24,9.64
149,"wikitext",761,148,164,597,-3.37,-2.57,9.06,1.98,1,1,0,0,734.61,13.04,4621096.83,12.03
150,"wikitext",771,142,130,641,-3.11,-2.65,7.43,1.89,0.97,0.96,0,0.03,666.71,14.16,4222075.41,12.72
151,"wikitext",1055,221,135,919,-2.82,-1.97,8.42,1.64,0.95,0.94,0,0.04,587.86,7.17,3752986.92,6.16
152,"wikitext",956,199,131,825,-3.31,-2.72,7.35,1.69,0.95,0.99,0,0.01,783.36,15.18,5278641.59,13.78
153,"wikitext",1062,209,146,915,-2.87,-2.01,8.81,1.81,0.95,0.97,0,0.03,611.42,7.46,4361880.21,6.45
154,"wikitext",954,167,149,805,-2.95,-1.96,9.16,1.85,0.97,0.97,0,0.03,599.21,7.1,3677202.46,6.06
155,"wikitext",1232,229,143,1089,-2.77,-1.8,7.83,1.59,0.88,0.87,0,0.03,582.87,6.05,4128105.81,5.04
156,"wikitext",757,181,124,633,-3.2,-2.54,8.91,2.06,0.98,1,0,0,797.1,12.68,5353997.97,11.65
157,"wikitext",1123,253,152,971,-2.74,-1.99,9.09,1.77,0.92,0.93,0,0.05,498.52,7.32,3371033.61,6.29
158,"wikitext",1447,275,127,1319,-2.71,-1.84,8.77,1.61,0.87,0.85,0,0.01,639.79,6.3,4413197.3,5.3
159,"wikitext",874,185,107,766,-2.74,-1.94,8.12,1.81,0.99,0.99,0,0,555.8,6.96,3595994.11,5.95
160,"wikitext",861,174,157,704,-3.1,-2.22,9.38,2.02,0.95,0.94,0,0.01,643.22,9.21,4551646.02,8.19
161,"wikitext",1143,244,148,995,-2.74,-1.86,8.31,1.76,0.92,0.92,0.01,0.08,675.65,6.46,4766117,5.45
162,"wikitext",640,125,158,482,-2.79,-1.78,11.13,1.72,0.94,0.97,0,0.03,580.87,5.93,4022726.2,4.92
163,"wikitext",1166,227,144,1022,-2.72,-1.82,8.05,1.62,0.96,0.97,0,0.02,626.26,6.17,4234847.29,5.15
164,"wikitext",1118,205,182,936,-2.95,-2.47,6.82,1.81,0.89,0.88,0,0.03,505.37,11.82,2950191.32,10.78
165,"wikitext",898,184,141,757,-2.79,-1.68,8.49,1.46,0.88,0.91,0.01,0.01,568.72,5.39,3989221.96,4.35
166,"wikitext",715,136,129,586,-2.88,-2.01,7.81,1.69,1,1,0,0,673.1,7.46,4561711.79,6.46
167,"wikitext",1050,200,170,879,-2.85,-2,8.45,1.48,0.93,0.9,0,0.01,601.27,7.36,4260062.27,6.25
168,"wikitext",1443,271,151,1292,-2.82,-2.05,6.97,1.75,0.95,0.94,0,0.02,525.74,7.77,3293689.12,6.75
169,"wikitext",1253,250,158,1095,-2.75,-2.14,7.03,1.56,0.89,0.87,0,0.02,545.53,8.5,4244643.61,7.39
170,"wikitext",1274,267,111,1163,-2.8,-1.89,7.54,1.6,0.93,0.92,0,0.02,469.18,6.62,2652874.83,5.58
171,"wikitext",768,142,141,627,-3.29,-2.78,8.97,2.11,0.97,0.97,0,0.02,801.28,16.12,5568883.77,15.1
172,"wikitext",1018,180,146,872,-2.86,-2.05,7.53,1.8,0.98,0.98,0,0.02,545.97,7.77,3725885.04,6.7
173,"wikitext",1461,294,133,1328,-3.12,-2.45,8.12,1.86,0.95,0.97,0,0.03,742.75,11.53,5166757.08,10.37
174,"wikitext",807,152,129,678,-3,-2.3,7.26,1.83,0.96,0.96,0,0.03,568.46,10.03,3678441.43,8.95
175,"wikitext",816,127,137,679,-2.77,-2.13,6.81,1.77,0.96,0.95,0,0.02,383.79,8.41,1994074.85,7.35
176,"wikitext",1059,204,131,928,-2.93,-1.9,9.29,1.57,0.88,0.88,0,0.01,819.98,6.69,6023892.59,5.63
177,"wikitext",1008,188,147,861,-2.84,-2.19,7.46,1.66,0.96,0.95,0,0.01,499.22,8.94,3308726.73,7.83
178,"wikitext",736,139,131,604,-2.7,-1.69,8.42,1.66,0.93,0.92,0,0.01,679.97,5.42,5196278.61,4.42
179,"wikitext",1181,223,130,1051,-2.45,-1.53,6.96,1.44,0.96,0.96,0,0.02,375.84,4.62,2199763.79,3.62
180,"wikitext",697,146,108,589,-2.06,-1.15,7.01,1.13,0.96,0.95,0,0.01,310.01,3.18,2219691.71,2.17
181,"wikitext",767,131,149,618,-2.49,-1.79,8.02,1.42,0.81,0.77,0.01,0.06,395.48,5.99,2973159.14,4.88
182,"wikitext",1079,206,137,941,-2.42,-1.5,5.97,1.34,0.92,0.95,0,0.04,337.46,4.5,2364131.1,3.49
183,"wikitext",746,139,125,621,-2.63,-2.02,6.9,1.44,0.93,0.93,0,0.07,550.6,7.54,4419946.52,6.47
184,"wikitext",1312,239,147,1165,-2.22,-1.43,5.28,1.33,0.78,0.75,0.01,0.04,350.55,4.18,2301297.61,3.17
185,"wikitext",746,130,120,626,-3.25,-2.09,10.15,1.9,0.94,0.96,0,0.01,928.26,8.09,6168846.9,7.06
186,"wikitext",849,147,193,656,-2.37,-1.37,7.21,1.31,0.93,0.91,0,0.03,582.56,3.94,4066390.69,2.91
187,"wikitext",939,159,181,757,-2.95,-1.8,11.19,1.7,1,1,0,0,885.13,6.05,6536449.74,5.04
188,"wikitext",939,173,125,814,-3.05,-2.14,8.69,1.66,0.98,0.97,0,0.02,753.38,8.5,4789814.53,7.47
189,"wikitext",1017,175,197,819,-2.74,-2.04,7.98,1.75,1,1,0,0,653.76,7.69,4580402.75,6.69
190,"wikitext",755,128,168,587,-2.83,-2.08,8.58,1.82,0.91,0.89,0,0.02,598.33,7.98,4528000.81,6.94
191,"wikitext",910,173,132,778,-3.65,-2.66,10.97,2.01,0.93,0.91,0,0.02,927.31,14.3,5798589.13,13.22
192,"wikitext",791,142,143,648,-2.95,-2.17,8.28,1.48,0.94,0.94,0,0.01,700.25,8.76,4876123.75,7.36
193,"wikitext",979,170,163,816,-3.02,-2.26,8.36,1.52,0.93,0.94,0,0.02,738.62,9.54,5332620.11,8.41
194,"wikitext",738,130,141,597,-2.91,-1.94,8.02,1.47,0.94,1,0,0,633.95,7,4542467.66,5.97
195,"wikitext",821,152,135,686,-3.59,-2.94,11.73,2.3,0.98,0.98,0,0.01,1001.28,18.89,6711812,17.88
196,"wikitext",1127,191,172,954,-3.03,-1.96,9.69,1.64,0.98,0.98,0,0.01,755.35,7.1,5275544.03,6.02
197,"wikitext",925,148,170,755,-3.49,-2.66,9.95,2.19,1,1,0,0,794.66,14.37,4822530.31,13.33
198,"wikitext",1249,235,147,1102,-2.96,-1.82,9.66,1.62,0.96,0.98,0,0.02,711.85,6.17,5021295.7,5.15
199,"wikitext",1137,225,123,1014,-2.9,-1.97,8.01,1.74,0.94,0.93,0,0.02,690.82,7.17,4500114.73,6.15
200,"wikitext",946,167,147,798,-3.07,-2.24,8.74,1.79,0.99,0.99,0,0.01,750.83,9.39,5317532.83,8.34
201,"wikitext",773,136,147,626,-3.49,-2.53,12.31,1.97,0.99,0.99,0,0.01,1049.22,12.64,7453887.56,11.46
202,"wikitext",858,131,168,690,-3.39,-2.75,8.71,2.03,1,1,0,0,865.52,15.64,5542367,14.6
203,"wikitext",1147,204,162,985,-3.05,-1.99,9.82,1.82,0.98,0.98,0,0.01,656.93,7.32,4477701.53,6.3
204,"wikitext",803,156,100,703,-2.75,-1.42,10.19,1.27,0.95,0.97,0,0.03,743.2,4.14,5566267.97,3.08
205,"wikitext",857,152,166,691,-2.13,-1.19,5.95,1.16,0.94,0.98,0,0.02,341.14,3.28,2177044.36,2.29
206,"wikitext",987,185,126,861,-2.89,-1.89,8.05,1.52,0.94,0.92,0,0.02,683.4,6.62,4528136.27,5.48
207,"wikitext",903,195,175,728,-3.1,-2.08,11.17,1.95,0.98,0.98,0,0.01,900.14,8,5985696.43,6.99
208,"wikitext",1103,206,148,955,-2.66,-1.6,8.33,1.52,0.79,0.83,0.03,0.17,615.64,4.97,4193513.77,3.95
209,"wikitext",1809,426,115,1694,-2.83,-1.92,8.52,1.79,0.89,0.86,0,0.01,653.52,6.78,4330928.9,5.78
210,"wikitext",1107,240,108,998,-2.71,-1.78,7.85,1.62,0.95,0.94,0,0.02,589.25,5.93,3701384.84,4.92
211,"wikitext",1422,300,120,1302,-2.82,-2.1,8.42,1.98,0.96,0.96,0,0.02,574.22,8.17,3664300.41,7.17
212,"wikitext",1231,292,134,1097,-2.5,-1.49,8.65,1.47,0.84,0.8,0.01,0.05,603.63,4.44,4627044.21,3.44
213,"wikitext",1302,238,162,1140,-3.72,-3.08,11.93,2.3,0.91,0.89,0,0.03,1185.01,21.76,7886993.01,20.73
214,"wikitext",1727,328,140,1586,-2.94,-1.93,9.28,1.58,0.95,0.93,0,0.01,760.63,6.89,5460481.84,5.88
215,"wikitext",1144,221,159,984,-3.15,-2.25,11.14,2.01,0.95,0.95,0,0.02,994.66,9.49,7494925.2,8.46
216,"wikitext",779,130,144,634,-2.81,-2.28,7.09,1.57,0.96,0.97,0,0.03,577.05,9.78,4212241.29,8.51
217,"wikitext",1069,205,142,926,-3.14,-2.26,9.2,1.7,0.91,0.91,0,0.07,918.91,9.58,6417773.28,8.5
218,"wikitext",1069,189,154,915,-3.06,-2.38,7.63,1.81,0.96,0.96,0,0.01,618.14,10.8,3907357.13,9.72
219,"wikitext",933,183,139,794,-2.74,-2,7.79,1.79,0.93,0.94,0,0.04,619.37,7.39,4515649.5,6.38
220,"wikitext",1071,208,152,919,-2.82,-2.02,7.38,1.69,0.95,0.97,0,0.03,556.95,7.51,3495881.59,6.45
221,"wikitext",1197,225,128,1069,-3.1,-2,8.2,1.55,0.97,0.96,0,0.01,713.95,7.39,4623534.52,6.38
222,"wikitext",763,163,130,633,-3.65,-3.2,9.75,2.36,0.92,0.86,0.01,0.02,1024.37,24.53,6361875.71,23.45
223,"wikitext",886,155,116,770,-3.17,-2.83,6.68,2.1,0.92,0.91,0,0.01,469.35,16.95,2420692.41,15.81
224,"wikitext",1239,260,125,1114,-3.14,-2.45,8.54,1.99,0.93,0.94,0,0.06,751.63,11.53,4950558.63,10.47
225,"wikitext",1036,197,127,909,-3.28,-2.24,10.06,1.82,0.94,0.94,0,0.02,1040.52,9.39,7724962.34,8.38
226,"wikitext",757,156,113,644,-2.93,-2.4,7.45,1.95,0.97,0.97,0,0.01,661.71,11.02,4272445.7,9.96
227,"wikitext",891,172,145,746,-3.59,-2.82,10.39,2.13,0.96,0.95,0,0.01,1126.37,16.7,7719938.97,15.46
228,"wikitext",1118,199,177,941,-2.12,-1.19,7.25,1.13,0.94,0.95,0,0.05,307.18,3.29,1892491.41,2.28
229,"wikitext",903,141,159,744,-2.73,-2.01,6.98,1.5,0.96,0.97,0,0.03,449.86,7.46,2938636.14,6.37
230,"wikitext",1156,205,148,1008,-2.6,-1.75,8.07,1.57,0.95,0.97,0,0.02,444.26,5.75,2856295.09,4.74
231,"wikitext",1035,190,166,869,-2.15,-1.24,6.68,1.16,0.9,0.9,0.01,0.1,321.1,3.46,1976373.28,2.43
232,"wikitext",883,145,182,701,-2.21,-1.23,6.08,1.2,0.85,0.86,0.01,0.07,301.66,3.42,1405015.51,2.41
233,"wikitext",885,180,139,746,-1.93,-0.98,6.98,0.92,0.77,0.7,0.02,0.06,545.23,2.66,4307229.9,1.66
234,"wikitext",728,132,124,604,-2.92,-2.15,7.56,1.8,0.98,0.99,0,0.01,582.58,8.59,3699940.52,7.57
235,"wikitext",1027,193,116,911,-2.85,-1.91,7.84,1.53,0.92,0.93,0,0.01,624.2,6.75,4341879.12,5.71
236,"wikitext",553,138,117,435,-2.86,-1.78,9.8,1.72,0.81,0.83,0.01,0.04,808.88,5.93,5804987.64,4.92
237,"wikitext",729,163,122,606,-2.31,-1.5,6.43,1.37,0.85,0.88,0.01,0.03,310.78,4.48,1954019.42,3.47
238,"wikitext",701,130,143,558,-3.31,-2.66,8.04,1.87,0.9,0.88,0,0.02,677.11,14.23,4512934.16,12.92
239,"wikitext",831,134,189,642,-2.76,-1.76,8.86,1.41,0.97,0.97,0,0.02,601.89,5.78,4530968.73,4.7
240,"wikitext",996,148,190,805,-2.78,-1.78,8.47,1.63,0.87,0.85,0,0.03,661.92,5.96,4832513.16,4.92
241,"wikitext",1156,187,157,998,-3.21,-2.41,9.32,1.88,0.94,0.94,0,0.01,781.42,11.13,5114983.31,10.02
242,"wikitext",1061,179,166,894,-2.61,-1.74,8.48,1.61,0.87,0.82,0.01,0.04,569.53,5.7,3773925.14,4.69
243,"wikitext",1351,218,180,1170,-3.05,-2.09,8.33,1.6,0.95,0.95,0,0.01,625.81,8.08,3614992.97,7
244,"wikitext",1733,297,149,1584,-3.14,-2.36,9.1,1.92,0.98,1,0,0,905.35,10.59,6471159.36,9.53
245,"wikitext",971,156,138,833,-3.03,-2.3,9.71,1.75,0.97,0.98,0,0.02,607.58,9.92,3934210.49,8.86
246,"wikitext",1127,175,160,967,-3.13,-2.01,10.02,1.75,0.99,1,0,0,903.67,7.46,6460757.73,6.45
247,"wikitext",1082,160,164,918,-3.42,-2.74,11.24,2.21,0.92,0.91,0,0.03,925.04,15.5,6050269.26,14.37
248,"wikitext",849,144,148,701,-2.67,-1.6,7.82,1.47,0.95,0.94,0,0.03,594.85,4.92,3707296.53,3.92
249,"wikitext",1335,213,173,1162,-2.92,-2.34,8.14,1.92,1,1,0,0,565.11,10.38,3836924.54,9.26
250,"wikitext",937,157,175,762,-2.32,-1.37,6.31,1.25,0.89,0.87,0.01,0.02,383.08,3.94,2163680.29,2.94
251,"wikitext",1060,158,188,871,-2.71,-1.78,9.19,1.56,0.94,0.98,0.01,0.02,619.53,5.93,4448184.74,4.85
252,"wikitext",1257,194,168,1089,-2.62,-1.76,7.86,1.51,0.93,0.94,0,0.05,501.35,5.84,3143967.15,4.77
253,"wikitext",1153,170,188,965,-2.9,-2.18,7.52,1.72,1,1,0,0,624.1,8.9,4489708.33,7.81
254,"wikitext",1141,193,157,983,-2.83,-2.19,7.96,1.71,0.91,0.88,0,0.05,654.67,8.94,4919760.26,7.78
255,"wikitext",1482,269,187,1295,-2.56,-1.46,8.16,1.34,0.96,0.97,0,0.02,607.12,4.31,4436084.21,3.3
256,"wikitext",1314,207,181,1133,-3.15,-2.29,8.22,1.73,0.94,0.92,0,0.02,740.1,9.87,4991244.93,8.79
257,"wikitext",1073,165,195,878,-2.93,-1.87,12.43,1.76,0.94,0.96,0,0.04,774.23,6.49,5368162.15,5.48
258,"wikitext",943,154,158,785,-2.56,-1.7,9.56,1.58,0.99,0.99,0,0.01,601.32,5.5,4822571.31,4.5
259,"wikitext",1168,205,151,1017,-3.32,-2.34,10.32,2.01,0.98,0.98,0,0.02,976.1,10.38,6826785.69,9.31
260,"wikitext",1610,279,177,1433,-2.74,-2.05,7.68,1.82,0.95,0.92,0,0.02,443.59,7.77,2707422.46,6.72
261,"wikitext",1331,229,179,1152,-2.7,-1.96,7.2,1.62,0.97,0.97,0,0.01,559.5,7.1,3514077.43,6.05
262,"wikitext",1355,213,137,1218,-3.19,-2.02,10.2,1.81,0.92,0.91,0,0.02,814.15,7.54,5407892.49,6.52
263,"wikitext",822,144,149,673,-2.52,-1.75,8.24,1.42,0.97,0.97,0,0.03,517.81,5.76,3686803.62,4.66
264,"wikitext",1026,187,136,890,-2.88,-2.23,7.77,1.72,0.92,0.91,0,0.03,613.13,9.3,3825648.57,8.25
265,"wikitext",624,132,123,501,-2.52,-1.44,9.57,1.33,0.84,0.78,0.01,0.03,560.8,4.24,3920583.71,3.21
266,"wikitext",880,228,150,730,-2.44,-1.35,7.4,1.31,0.76,0.69,0.02,0.08,542,3.86,4103156.73,2.85
267,"wikitext",1218,338,108,1110,-1.75,-0.46,5.94,0.46,0.63,0.58,0.06,0.24,327.09,1.58,2292938.98,0.58
268,"wikitext",1189,266,115,1074,-2.27,-1.16,6.91,1.07,0.82,0.84,0.01,0.08,460.97,3.19,3076798.74,2.15
269,"wikitext",819,150,119,700,-2.66,-1.96,8.11,1.59,0.98,0.98,0,0.01,376.33,7.1,2364455.78,6
270,"wikitext",1280,241,123,1157,-2.31,-1.48,5.93,1.19,0.92,0.93,0,0.03,379.2,4.39,2915334.93,3.34
271,"wikitext",1599,315,127,1472,-2.78,-1.86,8.08,1.52,0.85,0.82,0,0.02,560.98,6.42,3585677.36,5.37
272,"wikitext",1574,317,145,1429,-2.65,-1.7,8.16,1.57,0.92,0.9,0,0.06,618.86,5.47,4200728.15,4.46
273,"wikitext",1155,233,144,1011,-2.51,-1.73,6.57,1.5,0.87,0.85,0,0.03,438.72,5.64,2645370.81,4.59
274,"wikitext",901,172,184,717,-3.52,-2.5,11.84,2.14,0.92,0.92,0,0.08,1264.71,12.12,9180028.13,11.09
275,"wikitext",803,146,154,649,-2.86,-2.02,8.5,1.64,0.99,1,0,0,552.72,7.54,3574652.2,6.44
276,"wikitext",685,147,146,539,-2.89,-1.68,9.37,1.42,0.91,0.9,0,0.02,855.84,5.37,5697381.08,4.31
277,"wikitext",1183,220,148,1035,-3.02,-2.12,8.25,1.6,0.93,0.92,0,0.01,775.89,8.29,5431351.12,7.22
278,"wikitext",1063,209,140,922,-2.42,-1.79,5.82,1.55,0.92,0.9,0,0.02,371.51,5.99,2252740.05,4.97
279,"wikitext",768,162,129,639,-2.07,-0.82,7.77,0.78,0.73,0.67,0.03,0.09,533.26,2.27,4384659.85,1.25
280,"wikitext",1669,306,164,1505,-2.91,-2.2,8.36,1.68,0.94,0.95,0,0.04,723.25,9.07,5585779.66,7.96
281,"wikitext",803,131,169,633,-1.91,-0.97,5.06,0.91,0.93,0.97,0,0.03,240.62,2.64,1285256.95,1.64
282,"wikitext",833,129,161,672,-2.91,-2.49,9.32,1.83,0.97,0.98,0,0.02,557.24,12.06,3857640.55,10.79
283,"wikitext",817,141,163,654,-2.34,-1.32,7.71,1.24,0.79,0.69,0.02,0.04,471.81,3.74,3265869.45,2.72
284,"wikitext",820,129,187,633,-2.72,-2.15,7.13,1.57,0.94,0.93,0,0.01,291.81,8.58,1649305.16,7.45
285,"wikitext",838,134,141,696,-2.65,-1.72,6.69,1.43,0.97,0.98,0,0.02,437.76,5.64,2327313.18,4.61
286,"wikitext",981,150,165,815,-2.93,-2.02,7,1.71,0.99,1,0,0,629.47,7.51,4235041.48,6.47
287,"wikitext",806,140,186,620,-2.87,-2.06,8.93,1.73,0.93,1,0.01,0,463.89,7.85,2581827.92,6.8
288,"wikitext",977,178,140,837,-2.78,-1.81,9.04,1.65,0.98,0.99,0,0.01,673.03,6.08,4542486.14,5.04
289,"wikitext",915,157,156,759,-2.46,-1.67,7.18,1.51,0.97,0.98,0,0.02,660.95,5.31,4747792.15,4.3
290,"wikitext",1045,184,157,888,-2.53,-1.92,5.46,1.3,0.98,0.98,0,0.02,346.13,6.78,2231250.18,5.4
291,"wikitext",1172,204,146,1026,-2.77,-1.95,8.16,1.5,0.96,0.97,0,0.03,484.07,7.03,3274210.07,5.85
292,"wikitext",703,126,141,562,-2.79,-1.9,9.51,1.29,0.99,0.99,0,0.01,723,6.72,5178859.37,5.57
293,"wikitext",890,174,164,726,-2.7,-1.7,9.37,1.68,0.88,0.84,0.01,0.03,758.4,5.48,5987046.08,4.48
294,"wikitext",862,157,148,714,-3.13,-2.47,7.63,1.71,0.96,0.96,0,0.01,432.98,11.82,2273355.28,10.73
295,"wikitext",925,173,113,812,-2.85,-2.13,6.51,1.55,0.97,0.97,0,0.03,448.05,8.41,2270262.57,7.35
296,"wikitext",1412,266,170,1242,-2.95,-2.08,6.61,1.64,0.95,0.94,0,0.02,461.02,8.04,2820811.7,6.94
297,"wikitext",1180,216,145,1035,-2.76,-1.92,7.87,1.44,0.92,0.9,0,0.02,491.02,6.82,3237483.5,5.63
298,"wikitext",943,167,149,794,-3.12,-2.01,9.9,1.62,0.96,0.96,0,0.02,898.91,7.46,6301472.02,6.32
299,"wikitext",1049,199,151,898,-3.12,-2,11.19,1.64,0.93,0.91,0,0.04,1067.87,7.39,8134575.96,6.26
300,"wikitext",781,130,170,611,-3.39,-2.27,10.37,1.78,0.99,0.99,0,0.01,1050.26,9.68,7689806.05,8.62
301,"wikitext",1096,205,158,938,-2.76,-2.05,7.7,1.4,0.96,0.96,0,0.04,636.63,7.77,4533884.22,6.58
302,"wikitext",1332,238,157,1175,-2.58,-1.81,6.41,1.47,0.93,0.93,0,0.01,369.39,6.11,2331855.33,5.03
303,"wikitext",1212,225,157,1055,-2.9,-1.96,8.83,1.71,0.96,0.95,0,0.02,751.99,7.1,5579692.18,5.98
304,"wikitext",920,153,137,783,-2.72,-2.37,5.93,1.64,0.96,0.95,0,0.02,340.73,10.7,2088461.6,9.48
305,"wikitext",1080,202,165,915,-2.72,-1.76,8.4,1.35,0.92,0.92,0,0.03,685.63,5.78,4858593.39,4.64
306,"wikitext",837,135,116,721,-3.16,-2.47,8.49,1.84,0.97,0.97,0,0.02,675.56,11.82,4846591.27,10.48
307,"wikitext",927,173,163,764,-2.92,-2.16,9.02,1.61,0.92,0.9,0,0.03,556.17,8.67,3498928.85,7.37
308,"wikitext",880,155,132,748,-3.11,-2.3,9.16,1.39,0.96,0.95,0,0.02,708.64,9.97,5111627.7,8.37
309,"wikitext",804,161,157,647,-2.26,-1.15,7.04,1.13,0.99,1,0,0,476.65,3.16,3074749.47,2.16
310,"wikitext",941,177,143,798,-2.37,-1.64,5.9,1.5,0.99,0.99,0,0.01,326.39,5.16,1953728.38,4.15
311,"wikitext",1055,188,131,924,-3.32,-2.52,9.59,2.07,0.98,0.98,0,0.01,920.44,12.37,5829023.8,11.36
312,"wikitext",855,142,145,709,-2.68,-1.71,6.81,1.52,0.97,0.96,0,0.01,432.34,5.52,2023145.31,4.52
313,"wikitext",1248,232,162,1086,-2.67,-1.5,9.14,1.44,0.95,0.94,0,0.02,712.68,4.51,5046214.77,3.51
314,"wikitext",1144,192,153,991,-3.02,-2.34,7.56,1.87,0.98,0.98,0,0.01,534.79,10.38,3415315.67,9.23
315,"wikitext",1229,210,164,1065,-3.17,-2.45,8.03,1.68,0.97,0.96,0,0.01,700,11.59,4477077.99,10.37
316,"wikitext",1135,204,130,1005,-2.65,-1.97,5.93,1.59,0.96,0.98,0,0.02,370.07,7.17,2128490.97,6.09
317,"wikitext",868,140,166,702,-2.88,-2.08,5.81,1.33,0.98,0.99,0,0.01,434.07,8,2536312.08,6.29
318,"wikitext",1045,213,129,916,-2.92,-2.2,7.9,1.97,0.89,0.88,0,0.02,608.71,9.03,3788211.98,7.94
319,"wikitext",982,165,166,816,-3.07,-2.62,6.88,1.83,0.95,0.94,0,0.02,626.17,13.74,4316450.42,12.46
320,"wikitext",947,191,114,833,-3.15,-2.34,8.89,2.11,0.98,0.97,0,0.01,867.09,10.38,5923752.82,9.37
321,"wikitext",784,125,192,591,-2.84,-2.12,8.2,1.64,0.99,0.99,0,0.01,482.93,8.33,3483998.61,7.08
322,"wikitext",916,141,167,749,-3.3,-2.85,8.45,2.02,1,1,0,0,675.91,17.29,4306767.55,16.12
323,"wikitext",1669,328,143,1526,-3.22,-2.43,9.49,1.85,0.93,0.93,0,0.03,780.91,11.36,5730510.36,10.22
324,"wikitext",763,144,117,646,-2.59,-1.54,6.77,1.44,0.98,0.98,0,0.01,391.9,4.64,2263319.47,3.63
325,"wikitext",1287,249,119,1168,-3,-2.41,7.22,1.63,0.97,0.97,0,0.02,626.03,11.13,4391329.83,9.98
326,"wikitext",850,144,140,710,-2.92,-2,9.21,1.55,0.93,0.93,0,0.03,721.68,7.39,5119216.54,6.33
327,"wikitext",590,159,96,493,-3.29,-2.73,7.16,1.5,0.94,0.92,0,0.01,433.6,15.33,2404641.85,13.93
328,"wikitext",710,143,143,566,-3.01,-1.83,9.94,1.67,0.97,0.97,0,0.01,768.55,6.23,5675271.06,5.19
329,"wikitext",785,170,77,708,-3.02,-2.06,8.13,1.67,0.98,1,0,0,746.73,7.86,5211247.37,6.73
330,"wikitext",1143,220,141,1002,-2.8,-2.18,6.74,1.64,0.96,0.99,0,0.01,522.89,8.9,2963927.04,7.85
331,"wikitext",740,163,151,588,-2.93,-2.1,9.5,1.8,0.91,0.9,0,0.02,625.32,8.17,4185777.23,7.13
332,"wikitext",1203,221,176,1026,-2.94,-2.2,8.44,1.68,0.94,0.98,0,0.02,515.17,9.03,3261033.3,7.98
333,"wikitext",716,163,102,614,-3.36,-2.65,7.55,1.74,0.99,1,0,0,656.89,14.15,4277731.25,13
334,"wikitext",1633,333,106,1527,-3.14,-2.65,7.16,1.78,0.97,0.97,0,0.02,518.99,14.15,3106736.96,12.81
335,"wikitext",672,141,83,588,-3.24,-2.54,7.18,1.84,1,1,0,0,611.7,12.68,3893173.34,11.3
336,"wikitext",876,223,124,752,-3.06,-2.31,6.78,1.77,0.98,0.99,0,0.01,520.48,10.07,3144970.01,9
337,"wikitext",972,160,176,795,-2.56,-1.72,7.26,1.49,0.91,0.9,0,0.01,618.2,5.58,4698337.87,4.53
338,"wikitext",831,137,144,687,-2.33,-1.5,5.68,1.23,0.95,0.93,0,0.03,363.48,4.48,2062253.73,3.42
339,"wikitext",1086,207,144,942,-3.06,-2.23,8.89,1.75,0.95,0.93,0,0.01,676.98,9.3,4779858.95,8.28
340,"wikitext",1101,185,159,942,-3.26,-2.32,9.93,1.88,0.92,0.93,0,0.01,794.9,10.18,5355033.76,9.12
341,"wikitext",707,132,148,559,-2.87,-1.78,8.96,1.62,0.9,0.89,0.01,0.09,651.72,5.93,4611531.38,4.9
342,"wikitext",1033,169,155,878,-2.93,-1.92,7.69,1.57,0.96,1,0,0,641.12,6.82,4348788.86,5.73
343,"wikitext",945,166,132,813,-3.18,-2.44,8.26,1.63,0.94,0.92,0,0.01,644.95,11.48,3885765.34,10.22
344,"wikitext",893,158,133,760,-3.2,-2.24,9.54,1.66,0.99,1,0,0,745.96,9.35,5553860.83,8.34
345,"wikitext",948,156,152,796,-3.35,-2.33,9.25,1.68,0.98,0.98,0,0.02,998.38,10.24,7243267.61,9.21
346,"wikitext",1320,242,182,1138,-3.27,-2.2,9.42,1.83,0.97,0.98,0,0.02,667.28,9.03,4376484.09,7.97
347,"wikitext",1657,319,138,1519,-3.01,-2.23,7.56,1.72,0.97,0.99,0,0.01,600.28,9.3,3685551.3,8.17
348,"wikitext",821,150,151,669,-3.39,-3.04,8.62,1.9,1,1,0,0,707.44,20.82,4590338.83,19.65
349,"wikitext",836,127,174,662,-3.46,-2.72,11.41,1.94,0.98,0.98,0,0.01,1047.77,15.18,7712882.72,14.07
350,"wikitext",1430,271,168,1262,-3.34,-2.45,9.85,1.98,0.96,0.94,0,0.01,820.93,11.59,5528553.2,10.56
351,"wikitext",1038,159,162,876,-2.49,-1.85,6.39,1.51,0.97,0.95,0,0.01,254.08,6.36,1441721.83,5.34
352,"wikitext",986,172,158,828,-2.75,-1.79,8.96,1.48,0.98,0.99,0,0.01,642.71,5.99,4344197,4.91
353,"wikitext",983,187,148,835,-3.14,-1.94,11.12,1.71,0.92,0.91,0,0.04,934.72,6.96,6522315.51,5.93
354,"wikitext",1011,187,157,854,-2.83,-2.08,7.44,1.73,0.96,0.98,0,0.02,562.57,8,3288876.14,6.93
355,"wikitext",1143,235,148,995,-3.31,-2.25,10.4,1.96,0.94,0.96,0,0.04,897.39,9.49,5856810.72,8.48
356,"wikitext",2178,436,154,2024,-2.83,-2,7.6,1.62,0.95,0.95,0,0.02,595.79,7.36,4130215.32,6.29
357,"wikitext",1480,243,144,1336,-2.76,-2.08,6.44,1.52,0.96,0.98,0,0.01,426.08,8,2480547.67,6.81
358,"wikitext",1493,283,148,1345,-2.92,-2.25,7.67,1.71,0.95,0.95,0,0.05,569.7,9.49,3557724.62,8.4
359,"wikitext",793,131,145,648,-3.07,-2.33,8.82,1.73,0.96,0.95,0,0.01,564.09,10.28,3957149.89,9.14
360,"wikitext",1013,192,133,879,-3.06,-2.26,9.21,1.99,0.93,0.92,0,0.02,667.96,9.58,4368168.2,8.5
361,"wikitext",1184,206,131,1053,-2.97,-2.2,8.35,1.55,0.98,1,0,0.01,634.65,8.98,4428879.59,7.74
362,"wikitext",1012,175,139,873,-3.03,-2.39,7.23,1.65,0.95,0.93,0,0.02,680.36,10.91,4807599.76,9.52
363,"wikitext",862,138,171,691,-2.91,-2.2,7.43,1.53,0.99,1,0,0,591.04,9.03,3574313.04,7.79
364,"wikitext",1149,192,152,997,-3.31,-2.61,8.16,1.93,0.98,0.99,0,0.01,545.34,13.6,2962929.69,12.48
365,"wikitext",835,129,183,652,-2.91,-2.26,9.24,1.7,1,1,0,0,561.63,9.58,4123618.14,8.53
366,"wikitext",859,152,134,725,-3.17,-2.33,8.23,1.91,0.93,0.94,0,0.01,707.12,10.28,4496576.71,9.24
367,"wikitext",930,166,174,756,-2.95,-2.05,7.92,1.92,0.99,1,0,0,615.04,7.81,3546760.57,6.81
368,"wikitext",1326,244,137,1189,-3.08,-2,9.25,1.39,0.98,1,0,0,999.23,7.44,7476040.64,6.17
369,"wikitext",1122,200,165,957,-2.99,-2.24,7.62,1.79,0.97,0.97,0,0.01,582.84,9.46,3683552.33,8.42
370,"wikitext",1282,237,146,1136,-2.98,-1.86,10.03,1.53,0.97,0.99,0,0.01,744.15,6.42,5580046.17,5.4
371,"wikitext",875,169,129,746,-3.7,-2.3,13.04,1.86,0.98,1,0,0,1534.43,9.97,10911017.87,8.9
372,"wikitext",784,130,139,645,-2.92,-2.16,7.37,1.69,0.98,0.98,0,0.02,650.35,8.67,4494393.03,7.51
373,"wikitext",1019,193,136,883,-2.22,-1.48,5.87,1.32,0.82,0.78,0.02,0.13,308.66,4.39,2122657.41,3.36
374,"wikitext",1246,228,156,1089,-2.53,-1.69,6.97,1.27,0.87,0.86,0,0.02,561.26,5.44,3901286.49,4.29
375,"wikitext",1018,176,149,869,-3.09,-2.36,8.86,1.69,0.96,0.96,0,0.04,622.9,10.54,4710285.46,9.31
376,"wikitext",760,129,139,621,-3.31,-2.95,9.48,1.98,0.99,0.99,0,0.01,823.84,19.11,5793760.94,18
377,"wikitext",1037,185,156,881,-3.05,-2.26,8.27,1.86,0.98,1,0,0,702.16,9.58,4332292.71,8.51
378,"wikitext",930,172,137,793,-2.6,-1.62,8.72,1.47,0.98,0.99,0,0.01,577.78,5.05,4270327.78,4.04
379,"wikitext",1458,266,142,1316,-3.27,-2.48,8.66,1.88,0.93,0.94,0,0.01,802.81,11.88,5278201.27,10.79
380,"wikitext",1487,278,122,1365,-3.11,-2.56,7.83,1.99,0.97,0.97,0,0.02,674.96,12.94,4136517.2,11.87
381,"wikitext",927,173,124,802,-2.77,-1.68,8.73,1.34,0.97,0.98,0,0.02,747.89,5.37,5290405.1,4.31
382,"wikitext",1086,192,173,912,-3.29,-2.64,7.4,1.9,0.98,0.98,0,0.01,586.88,14.08,3382672.45,12.89
383,"wikitext",1010,196,151,859,-2.66,-1.81,7.49,1.48,0.97,0.98,0,0.01,680.25,6.11,4777636.13,5.04
384,"wikitext",923,150,154,769,-3.59,-2.54,9.78,2.04,0.99,0.98,0,0.01,1102.5,12.74,7479635.01,11.71
385,"wikitext",947,188,156,791,-3.39,-2.18,11.83,1.92,0.86,0.88,0.01,0.07,1110.89,8.9,8275611.61,7.88
386,"wikitext",798,149,127,671,-2.68,-1.91,8.21,1.57,0.92,0.93,0,0.02,464.51,6.75,2830286.06,5.74
387,"wikitext",1154,223,135,1019,-3.31,-2.54,9.12,2.05,0.97,0.97,0,0.03,814.19,12.68,5906390.38,11.62
388,"wikitext",940,176,116,824,-2.94,-2.14,9.93,1.59,0.95,0.94,0,0.02,889.88,8.5,6776635.56,7.36
389,"wikitext",797,170,120,676,-2.62,-1.76,7.11,1.54,0.91,0.89,0,0.04,528.37,5.82,3640489.41,4.76
390,"wikitext",904,192,97,807,-2.68,-1.83,8.5,1.73,0.92,0.91,0,0.01,489.47,6.2,3327819.96,5.18
391,"wikitext",983,173,127,856,-2.84,-2.11,8.92,1.66,0.98,0.99,0,0.01,639.65,8.25,4747409.97,7.23
392,"wikitext",1160,237,150,1009,-2.29,-1.42,5.42,1.29,0.95,0.94,0,0.02,249.2,4.14,1063188.26,3.14
393,"wikitext",663,129,114,549,-2.67,-1.47,8.98,1.35,0.97,0.97,0,0.03,695.62,4.35,5225069.5,3.34
394,"wikitext",876,176,127,748,-2.6,-1.87,7.9,1.55,0.95,0.93,0,0.01,535.05,6.46,4126909.34,5.42
395,"wikitext",888,179,109,779,-2.32,-1.61,5.47,1.34,0.95,0.94,0,0.02,327.74,5,2270650.63,3.98
396,"wikitext",928,164,143,785,-3.15,-2.46,7.81,1.91,0.96,0.97,0,0.03,597.86,11.7,3549691.96,10.51
397,"wikitext",872,155,144,728,-2.7,-1.8,6.94,1.36,0.98,0.98,0,0.02,571.09,6.05,3979058.4,4.93
398,"wikitext",1027,185,147,880,-2.57,-1.67,7.22,1.48,0.91,0.89,0,0.04,375.94,5.31,2464597.38,4.29
399,"wikitext",1048,192,149,899,-2.78,-1.98,8.89,1.77,0.88,0.87,0,0.03,570.75,7.24,3592136.93,6.22
400,"wikitext",842,177,166,676,-2.8,-1.48,11.59,1.44,0.92,0.94,0,0.03,989.62,4.39,7516552.57,3.37
401,"wikitext",1651,317,152,1499,-2.83,-1.99,8.93,1.68,0.92,0.91,0,0.05,725.38,7.32,5358684.19,6.31
402,"wikitext",1161,218,162,999,-2.76,-1.92,8.5,1.68,0.93,0.9,0,0.03,661.22,6.82,4674261.5,5.8
403,"wikitext",761,129,169,592,-3.02,-1.84,9.88,1.42,0.95,0.93,0,0.03,945.33,6.3,6877851.94,5.19
404,"wikitext",1333,255,116,1217,-2.87,-2.14,7.2,1.57,0.91,0.93,0,0.07,598.87,8.5,3929547.66,7.42
405,"wikitext",970,168,152,817,-3.01,-1.96,10.62,1.57,0.96,0.94,0,0.03,908.07,7.06,6646597.79,6.05
406,"wikitext",986,187,125,861,-3.12,-2.13,9.29,1.76,0.96,0.97,0,0.03,873.5,8.41,6133319.43,7.39
407,"wikitext",1479,307,125,1354,-2.77,-1.9,9.06,1.68,0.9,0.89,0.01,0.07,669.73,6.69,4802795.45,5.66
408,"wikitext",1359,279,157,1202,-2.93,-1.96,9.57,1.75,0.89,0.89,0,0.03,874.69,7.1,6226748.1,6.09
409,"wikitext",906,153,147,759,-2.83,-1.96,7.09,1.58,0.95,0.93,0,0.01,619.26,7.1,4139599.44,5.95
410,"wikitext",941,200,132,809,-2.98,-2.12,8.37,1.67,0.93,0.94,0,0.06,687.56,8.29,4817849.84,7.22
411,"wikitext",1034,214,128,906,-2.45,-1.46,7.73,1.38,0.93,0.91,0,0.05,590.25,4.28,4293192.48,3.27
412,"wikitext",926,176,146,780,-2.71,-1.62,7.01,1.48,0.97,0.97,0,0.03,423.32,5.06,2448570.9,4.05
413,"wikitext",817,163,131,686,-3,-2.06,8.81,1.78,0.96,0.98,0,0.02,708.6,7.85,4572292.54,6.77
414,"wikitext",937,171,143,794,-2.51,-1.6,6.92,1.45,0.87,0.86,0.01,0.04,386.38,4.95,2422835.68,3.9
415,"wikitext",687,127,148,539,-2.58,-1.52,8.57,1.31,0.96,0.97,0,0.03,589.35,4.57,4397291.23,3.54
416,"wikitext",883,163,161,722,-2.92,-1.91,10.24,1.69,0.89,0.9,0,0.01,916.87,6.75,6729297.89,5.69
417,"wikitext",1238,236,138,1100,-3.21,-1.98,11.63,1.67,0.95,0.95,0,0.04,1000.13,7.24,7008448.28,6.17
418,"wikitext",762,134,144,617,-2.91,-1.66,10,1.36,0.97,0.96,0,0.02,940.99,5.26,7373214.57,4.08
419,"wikitext",808,138,166,642,-2.41,-0.98,9.17,0.95,0.93,0.96,0,0.04,657.02,2.65,4846325.66,1.65
420,"wikitext",1838,366,135,1703,-2.87,-1.89,9.56,1.55,0.93,0.94,0,0.02,705.14,6.62,4943880.27,5.55
421,"wikitext",1030,178,184,846,-3.18,-2.37,10.15,1.81,0.92,0.89,0,0.03,728.5,10.64,5090664.16,9.45
422,"wikitext",1016,206,133,883,-2.52,-1.53,7.6,1.37,0.78,0.72,0.02,0.07,587.17,4.62,4522929.68,3.58
423,"wikitext",1344,248,138,1206,-2.81,-2.04,7.47,1.62,0.9,0.88,0,0.02,677.07,7.69,4618805.7,6.62
424,"wikitext",1480,297,163,1317,-2.91,-1.72,9.87,1.47,0.91,0.88,0,0.04,804.52,5.58,5834464.45,4.55
425,"wikitext",807,167,136,671,-2.96,-1.9,8.8,1.53,0.94,0.93,0,0.01,798.47,6.69,5787705.31,5.56
426,"wikitext",857,170,130,727,-2.55,-1.73,7.29,1.4,0.93,0.94,0,0.02,529.46,5.64,3718909.54,4.42
427,"wikitext",686,129,137,549,-3.2,-1.98,10.59,1.63,0.96,0.96,0,0.01,1018.51,7.24,7493887.27,6.13
428,"wikitext",975,188,151,824,-2.97,-2.27,7.82,1.61,0.92,0.91,0,0.03,616.8,9.68,4311479.61,8.6
429,"wikitext",742,134,135,607,-3.54,-2.54,11.92,1.95,0.92,0.91,0,0.02,1209.01,12.62,9297949.41,11.52
430,"wikitext",1080,216,131,949,-3.03,-2.13,7.96,1.76,0.93,0.94,0,0.03,688.83,8.41,4037451.45,7.31
431,"wikitext",786,151,139,647,-3.02,-2.1,7.45,1.52,0.93,0.93,0,0.06,722.05,8.17,4173018.64,7.06
432,"wikitext",856,145,141,715,-2.98,-2.23,7.03,1.72,0.97,0.97,0,0.01,518.5,9.3,2792318.86,8.16
433,"wikitext",1225,236,136,1089,-2.84,-1.49,9.64,1.31,0.87,0.89,0.01,0.08,767.68,4.44,5362017.15,3.39
434,"wikitext",794,134,135,659,-3.21,-2.05,8.81,1.65,0.98,1,0,0,977.87,7.77,6682899.91,6.69
435,"wikitext",785,162,140,645,-3.01,-2.24,9.19,1.81,0.95,0.96,0,0.03,865.43,9.36,6245002.45,8.16
436,"wikitext",1173,236,130,1043,-2.91,-1.78,8.11,1.61,0.93,0.92,0,0.02,620.56,5.9,3728103.26,4.8
437,"wikitext",696,134,120,575,-3.22,-1.98,10.11,1.87,0.98,0.99,0,0.01,973.49,7.25,6443007.39,6.23
438,"wikitext",896,179,169,727,-2.47,-1.75,6.78,1.46,0.93,0.97,0.01,0.03,503.59,5.75,3821625.48,4.72
439,"wikitext",698,136,124,574,-2.38,-1.76,6.15,1.47,0.97,0.96,0,0.02,344.69,5.78,2302439.9,4.77
440,"wikitext",768,142,125,643,-2.2,-1.46,6.05,1.23,0.89,0.87,0,0.07,412.13,4.28,2440705.12,3.27
441,"wikitext",729,133,111,618,-2.6,-1.65,8.23,1.54,0.97,0.96,0,0.01,593.94,5.21,4381210.18,4.2
442,"wikitext",745,140,129,616,-2.91,-1.82,10.55,1.55,0.99,1,0,0,678.52,6.17,4483422.19,5.12
443,"wikitext",1283,229,164,1118,-2.7,-1.79,8.69,1.57,0.91,0.87,0.01,0.05,736.27,5.99,5539579.25,4.98
444,"wikitext",757,128,145,612,-2.48,-1.47,9.71,1.26,0.94,0.94,0,0.01,429.37,4.35,2862271.7,3.34
445,"wikitext",1029,163,173,856,-2.43,-1.59,6.25,1.47,0.96,0.96,0,0.01,277.04,4.9,1389764.03,3.88
446,"wikitext",909,128,189,720,-2.85,-2.2,6,1.78,1,1,0,0,399.4,9.03,2282110.52,7.99
447,"wikitext",1600,254,186,1414,-3.14,-2.37,9.37,2,0.96,0.95,0,0.04,666.69,10.7,4763365.05,9.64
448,"wikitext",926,151,190,736,-2.54,-1.74,8.03,1.5,0.89,0.88,0,0.03,576.52,5.7,4134176.85,4.64
449,"wikitext",1222,203,154,1068,-2.78,-1.97,8.29,1.71,0.97,0.97,0,0.02,634.36,7.17,4622905.63,6.13
450,"wikitext",1343,222,163,1179,-2.66,-2.02,6.59,1.55,0.97,0.96,0,0.01,409.67,7.54,2346871.98,6.42
451,"wikitext",1314,239,159,1154,-2.94,-2.26,7.85,1.99,0.87,0.85,0,0.02,528.16,9.58,3580787.85,8.56
452,"wikitext",1444,261,176,1268,-2.54,-1.83,6.69,1.53,0.94,0.94,0,0.04,406.42,6.23,2597654.07,5.21
453,"wikitext",947,173,150,797,-3,-1.97,8.83,1.48,0.98,0.98,0,0.02,685.52,7.17,4313991.81,5.97
454,"wikitext",1374,218,172,1202,-2.92,-2.22,7.16,1.7,0.95,0.94,0,0.01,454.64,9.17,2670188.99,7.93
455,"wikitext",1245,190,176,1069,-3.15,-2.37,8.32,1.82,0.97,0.97,0,0.03,637.33,10.7,4251175.77,9.68
456,"wikitext",1535,289,150,1384,-2.46,-1.53,7.32,1.43,0.87,0.82,0.01,0.03,436.25,4.62,3158683.44,3.6
457,"wikitext",865,152,157,708,-2.86,-1.76,8.98,1.38,0.98,0.98,0,0.02,605.73,5.81,4040265.69,4.63
458,"wikitext",943,173,164,779,-3.37,-2.55,8.26,1.81,0.98,0.99,0,0.01,848.11,12.81,5682778.71,11.72
459,"wikitext",1160,200,163,997,-2.58,-1.64,8.04,1.31,0.97,0.97,0,0.03,601.66,5.16,4193572.51,4.11
460,"wikitext",1152,188,173,979,-2.86,-2.18,6.84,1.74,0.96,0.96,0,0.01,529.65,8.9,3783394.74,7.82
461,"wikitext",1110,218,108,1001,-2.76,-1.92,7.66,1.63,0.91,0.88,0,0.07,552.41,6.79,3631511.85,5.79
462,"wikitext",1059,166,153,906,-3.31,-2.58,8.16,1.72,0.99,0.99,0,0.01,636.16,13.2,3944476.78,12.14
463,"wikitext",886,160,108,778,-2.76,-1.83,6.7,1.53,0.96,0.97,0,0.02,622.96,6.2,4740523.37,5.08
464,"wikitext",995,181,182,813,-3.17,-2.53,7.34,1.95,0.96,0.97,0,0.03,688.31,12.55,4512130.81,11.51
465,"wikitext",922,164,150,772,-3.06,-2.26,8.97,1.74,0.98,0.99,0,0.01,802.55,9.65,4865015.44,8.56
466,"wikitext",1327,221,151,1176,-3.01,-2.6,6.71,1.88,0.95,0.95,0,0.02,455.82,13.46,2636972.57,12.24
467,"wikitext",1272,247,146,1126,-3.12,-2.22,9.21,1.69,0.92,0.9,0,0.01,630.92,9.21,4070143,8.1
468,"wikitext",1175,194,175,999,-3.04,-2.24,7.54,1.8,0.87,0.9,0.01,0.02,645.82,9.39,3927390.59,8.36
469,"wikitext",1571,270,166,1405,-2.72,-1.88,7.46,1.51,0.97,0.98,0,0.02,570.7,6.58,3885233.64,5.52
470,"wikitext",969,164,183,786,-3.18,-2.37,9.16,1.84,0.95,0.94,0,0.01,802.3,10.7,5268826.94,9.6
471,"wikitext",1240,205,162,1078,-2.85,-2.07,8.35,1.57,0.92,0.93,0,0.05,573.35,7.92,3749190.05,6.77
472,"wikitext",1252,223,177,1075,-3.04,-2.21,8.24,1.72,0.94,0.93,0,0.01,614.28,9.12,4353121.44,8.09
473,"wikitext",1027,203,154,873,-2.45,-1.47,8.35,1.35,0.93,0.94,0,0.04,436.49,4.35,2978571.52,3.33
474,"wikitext",805,161,124,681,-2.49,-1.5,8.74,1.47,0.89,0.87,0,0.03,395.29,4.48,2173545.91,3.47
475,"wikitext",870,164,140,729,-2.62,-1.46,8.73,1.44,0.97,0.96,0,0.02,537.96,4.3,3505213.35,3.29
476,"wikitext",795,158,129,666,-2.65,-1.68,7.35,1.46,0.99,0.98,0,0.01,513.75,5.39,2826832.08,4.33
477,"wikitext",870,151,148,722,-3.05,-2.1,8.09,1.6,0.96,0.96,0,0.02,757.36,8.17,4903559.42,7.09
478,"wikitext",944,144,187,757,-3.03,-2.08,9.37,1.76,0.96,0.96,0,0.01,655.77,7.97,4438832.28,6.92
479,"wikitext",913,152,174,739,-2.43,-1.7,6.82,1.46,0.96,0.96,0,0.04,499.97,5.5,3914360.14,4.5
480,"wikitext",1346,235,176,1170,-2.57,-1.56,8.52,1.41,0.91,0.9,0,0.05,502.04,4.76,3344905.07,3.74
481,"wikitext",907,145,145,762,-2.3,-1.62,6.32,1.49,0.96,0.96,0,0.02,409.91,5.05,3318883.03,4.02
482,"wikitext",1090,180,171,919,-2.62,-1.8,8,1.33,0.97,0.96,0,0.04,506.44,6.02,3847165.73,4.8
483,"wikitext",998,162,152,846,-2.63,-1.82,7.13,1.19,0.94,0.93,0,0.01,433.21,6.18,3063388.92,5.07
484,"wikitext",1012,185,158,854,-2.58,-1.73,8.21,1.55,0.91,0.88,0,0.03,442.62,5.64,3082933.76,4.62
485,"wikitext",885,139,174,711,-2.57,-1.86,6.63,1.63,0.96,0.96,0,0.02,382.44,6.42,2137981.43,5.38
486,"wikitext",1040,171,160,880,-3.06,-2.19,8.19,1.71,0.93,0.93,0,0.02,785.96,8.94,5632550.28,7.88
487,"wikitext",1719,343,171,1547,-2.52,-1.61,6.45,1.46,0.93,0.91,0,0.02,347,5,1948848.23,3.98
488,"wikitext",855,129,169,686,-2.69,-1.99,5.78,1.62,0.98,0.97,0,0.01,302.73,7.32,1610476,6.23
489,"wikitext",914,162,143,771,-2.72,-1.67,8.27,1.37,0.95,0.94,0,0.01,719.01,5.32,5221758.79,4.25
490,"wikitext",1553,282,122,1431,-2.7,-2.04,6.46,1.55,0.98,0.97,0,0.03,371.09,7.65,1885084.85,6.6
491,"wikitext",1413,245,149,1264,-2.8,-2.06,7.51,1.6,0.94,0.93,0,0.02,422.23,7.85,2838758.5,6.74
492,"wikitext",941,170,140,800,-3.05,-1.94,9.35,1.64,0.97,0.97,0,0.01,918.54,6.96,6385840.25,5.93
493,"wikitext",1094,199,156,938,-2.68,-1.88,7.01,1.62,0.95,0.95,0,0.01,518.22,6.55,3009608.62,5.5
494,"wikitext",1329,239,174,1155,-2.77,-1.8,8.38,1.43,0.94,0.95,0,0.02,751.19,6.05,5662746.51,5.03
495,"wikitext",760,144,152,608,-3.08,-2.36,9.51,1.93,0.88,0.88,0.01,0.1,740.92,10.54,4977699.76,9.49
496,"wikitext",940,149,188,752,-2.63,-1.99,6.05,1.68,0.95,0.92,0,0.03,418.15,7.32,2530558.98,6.28
497,"wikitext",916,140,181,735,-3.3,-2.16,10.7,1.76,0.98,1,0,0,885.83,8.72,5406125.41,7.7
498,"wikitext",1124,198,123,1000,-3.02,-2.18,8.55,1.74,0.96,0.99,0,0.01,595.32,8.85,3342818.93,7.67
499,"wikitext",826,133,160,666,-2.37,-1.57,5.73,1.34,0.95,0.95,0,0.01,350.8,4.81,2381327.38,3.79
500,"wikitext",1582,295,158,1424,-2.83,-2.03,7.89,1.57,0.97,0.97,0,0.02,661.97,7.61,4521774.31,6.5
501,"wikitext",1458,249,186,1272,-3.36,-2.9,9.18,2.05,0.98,0.98,0,0.01,797.85,18.17,5696239.72,16.82
502,"wikitext",1085,172,201,884,-2.95,-2.28,7.95,1.6,0.99,0.99,0,0.01,591.29,9.82,4129240.22,8.65
503,"wikitext",1194,184,155,1039,-2.96,-2.21,8.68,1.77,0.98,0.99,0,0.01,653.47,9.12,4169438.91,8.1
504,"wikitext",1108,172,175,933,-2.85,-1.98,8.68,1.51,0.96,0.98,0,0.02,600.05,7.24,4373401.65,6.07
505,"wikitext",1087,167,169,918,-2.76,-2.13,7.89,1.63,0.96,0.96,0,0.01,367.59,8.41,2449610.7,7.35
506,"wikitext",1318,232,169,1149,-2.45,-1.7,6.85,1.52,0.97,0.98,0,0.02,382.12,5.47,2221754.97,4.43
507,"wikitext",1579,275,165,1414,-2.7,-1.79,8.2,1.58,0.95,0.94,0,0.02,538.13,5.99,3505580.44,4.94
508,"wikitext",1659,312,192,1467,-2.54,-1.69,6.89,1.4,0.91,0.91,0.01,0.07,493.09,5.42,3367143.77,4.39
509,"wikitext",1178,206,167,1011,-2.88,-2.15,7.23,1.68,0.96,0.95,0,0.01,553.6,8.59,3474676.23,7.48
510,"wikitext",865,136,171,694,-3.2,-2.29,9.12,1.88,0.99,1,0,0,555.92,9.87,2958226.68,8.7
511,"wikitext",1077,210,166,911,-2.81,-2.02,7.75,1.65,0.93,0.94,0,0.06,576.33,7.58,3398065.78,6.54
512,"wikitext",1297,241,185,1112,-3.12,-2.2,10.35,1.86,0.94,0.96,0,0.04,735.67,9.03,4965557.15,7.95
513,"wikitext",1334,260,172,1162,-2.42,-1.53,7.82,1.37,0.86,0.85,0,0.01,507.84,4.62,3555714.19,3.59
514,"wikitext",1333,219,184,1149,-2.87,-2.13,7.99,1.74,0.94,0.96,0,0.04,503.98,8.41,3243835.52,7.37
515,"wikitext",1039,174,185,854,-2.35,-1.34,8.5,1.12,0.96,0.98,0,0.02,518.19,3.82,4050055.57,2.73
516,"wikitext",1294,248,121,1173,-2.93,-2.04,8.31,1.67,0.93,0.92,0,0.02,773.67,7.7,5462104.22,6.66
517,"wikitext",1181,214,143,1038,-2.89,-1.93,9.53,1.67,0.93,0.93,0,0.03,740.34,6.89,5259467.52,5.84
518,"wikitext",842,151,139,703,-2.66,-1.71,7.65,1.67,0.98,0.98,0,0.02,593.15,5.53,3594055.84,4.51
519,"wikitext",771,136,149,622,-3.2,-2.17,10.04,1.96,0.96,0.98,0,0.02,904.94,8.8,6304714.55,7.77
520,"wikitext",807,142,177,630,-2.81,-1.76,8.94,1.56,0.96,0.96,0,0.02,635.26,5.85,4694405.85,4.75
521,"wikitext",954,167,133,821,-3.08,-2.05,10.63,1.76,0.94,0.92,0,0.03,793.81,7.77,5371722.9,6.71
522,"wikitext",822,130,153,669,-2.94,-2.12,10.04,1.92,0.98,0.98,0,0,597.86,8.29,3930588.95,7.19
523,"wikitext",965,154,175,789,-2.97,-1.88,9.98,1.67,0.97,0.96,0,0.02,644.64,6.58,3980098.51,5.55
524,"wikitext",1194,209,173,1021,-2.69,-1.85,6.45,1.51,0.93,0.91,0,0.02,451.81,6.36,3056562.23,5.3
525,"wikitext",930,184,144,785,-2.68,-1.85,7.68,1.45,0.96,0.96,0,0.01,568.52,6.36,4081292.14,5.21
526,"wikitext",996,198,135,861,-2.85,-1.78,9.02,1.62,0.94,0.97,0.01,0.03,659.31,5.96,4663030.82,4.94
527,"wikitext",812,145,156,656,-2.69,-1.39,9.56,1.12,0.99,1,0,0,659.05,4.01,4704752.55,2.92
528,"wikitext",1092,228,118,974,-2.78,-1.69,9.38,1.59,0.89,0.86,0.01,0.05,777.76,5.45,5560343.29,4.43
529,"wikitext",1028,199,127,901,-2.63,-1.75,7.51,1.37,0.97,0.98,0,0.02,612.35,5.75,4235691.16,4.68
530,"wikitext",918,148,187,731,-2.91,-1.72,11.93,1.39,0.89,0.84,0.01,0.04,766.7,5.61,5786290.69,4.47
531,"wikitext",1053,216,123,929,-2.12,-1.19,7.34,1.11,0.85,0.84,0.01,0.08,503.55,3.29,3789763.02,2.27
532,"wikitext",1055,201,117,938,-3.05,-2.14,8.77,1.83,0.97,0.98,0,0.02,736.29,8.5,5165295.65,7.47
533,"wikitext",732,128,136,596,-2.17,-1.09,6.59,0.99,0.94,0.94,0,0.01,461.38,2.97,3432430.61,1.94
534,"wikitext",830,142,145,685,-2.85,-1.77,8.97,1.5,1,1,0,0,679.85,5.87,4743186.59,4.83
535,"wikitext",813,146,160,653,-2.92,-2.26,7.98,1.67,0.98,1,0,0,546.26,9.54,3999636.93,8.38
536,"wikitext",960,176,155,805,-3.09,-2.34,8.46,1.58,0.97,0.96,0,0.01,660.41,10.44,4409838.6,9.22
537,"wikitext",835,147,142,693,-3.73,-3.05,11.05,2.46,0.97,0.96,0,0.02,1229,21.12,8522574.5,19.91
538,"wikitext",904,158,151,752,-2.89,-1.99,8.03,1.72,0.95,0.97,0,0.03,678.87,7.34,4481459.49,6.28
539,"wikitext",727,139,153,574,-2,-0.87,5.36,0.86,0.97,0.98,0,0.02,227.46,2.39,733889.63,1.38
540,"wikitext",1687,340,146,1540,-2.53,-1.28,9.04,1.18,0.93,0.93,0,0.01,695.08,3.6,5050879.86,2.58
541,"wikitext",1264,232,142,1122,-2.02,-1.04,6.41,0.98,0.88,0.94,0.01,0.06,457.78,2.83,3722741.94,1.82
542,"wikitext",1116,192,146,970,-2.62,-1.76,7.35,1.56,0.81,0.75,0.01,0.06,378.98,5.84,2420275.51,4.81
543,"wikitext",877,173,135,741,-2.61,-1.74,7.56,1.59,0.96,0.95,0,0.03,473.52,5.7,3275429.32,4.69
544,"wikitext",1136,229,161,974,-3.13,-2.02,10.82,1.94,0.94,0.94,0,0.02,1063.06,7.54,7290896.34,6.52
545,"wikitext",763,136,119,644,-2.89,-2.14,8.42,1.69,0.95,0.96,0,0.04,704.77,8.5,5039665.15,7.34
546,"wikitext",876,145,144,731,-2.55,-1.84,7.92,1.6,0.92,0.91,0,0.01,371.41,6.3,2271410.06,5.23
547,"wikitext",1693,335,157,1535,-2.38,-1.55,6.8,1.37,0.89,0.9,0.01,0.07,466.17,4.71,3034744.64,3.67
548,"wikitext",727,132,145,581,-2.87,-1.94,8.31,1.8,0.82,0.77,0.01,0.03,789.54,6.96,5383044.48,5.95
549,"wikitext",778,138,150,628,-3.21,-2.19,9.24,1.57,0.96,0.97,0,0.03,919.19,8.94,6452425.1,7.66
550,"wikitext",1262,243,140,1121,-2.74,-2.04,7.32,1.61,0.91,0.91,0,0.04,542.08,7.69,3801341.31,6.57
551,"wikitext",818,148,130,687,-2.44,-1.62,7.76,1.5,0.96,0.96,0,0.01,635.24,5.09,4842367.39,4.04
552,"wikitext",1026,193,152,874,-2.46,-1.64,7.34,1.37,0.9,0.89,0,0.03,325.3,5.16,2012665.56,4.04
553,"wikitext",795,145,130,665,-2.12,-1.33,5.73,1.14,0.79,0.73,0.02,0.05,327.52,3.78,2282966.14,2.7
554,"wikitext",732,129,143,589,-2.85,-1.9,8.56,1.55,0.98,0.98,0,0.02,677.75,6.69,5279886.82,5.61
555,"wikitext",911,163,147,764,-3.24,-2.38,8.89,1.72,0.99,1,0,0,756.16,10.8,5157109.43,9.58
556,"wikitext",1418,283,144,1274,-3.18,-2.19,9.24,1.67,0.9,0.86,0,0.02,874.66,8.94,6225319.92,7.78
557,"wikitext",1120,217,152,968,-3.08,-2.19,8.38,2.02,0.93,0.9,0,0.03,702.33,8.94,4539834.72,7.92
558,"wikitext",1870,366,141,1729,-3.22,-2.35,8.25,1.74,0.93,0.92,0,0.02,722.11,10.49,4852974.68,9.38
559,"wikitext",1003,214,148,855,-2.85,-1.88,8.31,1.75,0.98,0.99,0,0.01,611.24,6.56,3950570.17,5.54
560,"wikitext",1020,202,144,876,-3.32,-2.24,10.55,1.84,0.98,1,0,0,838.76,9.45,5738703.78,8.42
561,"wikitext",918,175,139,778,-3.35,-2.33,10.37,1.76,0.98,0.98,0,0.01,1009.24,10.28,6952600.76,9.12
562,"wikitext",849,182,139,710,-3.24,-2.3,10.31,1.98,0.99,0.99,0,0.01,886.08,10.02,6107031.33,9.01
563,"wikitext",849,169,131,718,-3.53,-2.69,10.13,2.32,0.89,0.91,0,0.01,789.99,14.73,4867135.08,13.68
564,"wikitext",740,149,125,615,-2.13,-1.13,6.1,1.08,0.94,0.92,0,0.06,369.61,3.1,2447594.66,2.09
565,"wikitext",792,159,122,670,-2.57,-1.69,8.71,1.57,0.96,1,0,0,551.91,5.42,3868363.74,4.39
566,"wikitext",848,155,166,682,-3.04,-2.21,9.23,1.58,0.97,0.96,0,0.02,719.23,9.12,5450961.75,7.93
567,"wikitext",1098,195,139,959,-3.15,-2.46,7.97,1.81,0.95,0.97,0,0.03,515.16,11.7,3175071.36,10.54
568,"wikitext",835,148,152,683,-2.87,-2.16,6.23,1.53,0.97,0.96,0,0.03,465.04,8.68,3003704.93,7.48
569,"wikitext",981,203,152,829,-2.82,-2.15,7.7,1.62,0.98,0.97,0,0.03,459.52,8.58,2796982.72,7.46
570,"wikitext",950,192,140,810,-1.99,-1.2,5.65,1.08,0.71,0.68,0.01,0.03,337.3,3.34,2457129.63,2.29
571,"wikitext",828,150,141,687,-2.6,-1.7,8.04,1.46,0.98,0.98,0,0.02,483.35,5.5,3671570.22,4.47
572,"wikitext",1042,176,163,879,-3.11,-2.02,9.14,1.71,0.93,0.91,0,0.02,780.15,7.58,5413500.62,6.54
573,"wikitext",1141,226,131,1009,-2.85,-1.98,8.32,1.55,0.93,0.92,0,0.02,705.83,7.24,4992245.5,6.17
574,"wikitext",1594,318,164,1430,-2.72,-1.65,8.68,1.56,0.91,0.92,0,0.05,595.29,5.24,4075830.37,4.21
575,"wikitext",752,139,145,607,-3.25,-2.73,9.08,1.99,0.99,0.99,0,0.01,636.32,15.33,3886244.57,14.3
576,"wikitext",996,186,141,854,-3.3,-2.3,11.1,1.9,0.98,0.98,0,0.02,940.78,9.97,6542723.39,8.91
577,"wikitext",1242,236,146,1096,-3.03,-2.28,7.75,1.71,0.91,0.9,0,0.02,629.35,9.73,4421231.56,8.7
578,"wikitext",821,155,148,673,-3.23,-2.06,9.6,1.66,0.93,0.93,0,0.04,952.39,7.85,6311220.83,6.73
579,"wikitext",1386,264,153,1233,-3.09,-2.06,8.85,1.78,0.89,0.89,0.01,0.07,741.73,7.88,4915509.84,6.87
580,"wikitext",803,132,141,662,-2.11,-1.34,5.59,1.16,0.94,0.93,0,0.01,260.05,3.8,1600160.21,2.74
581,"wikitext",939,163,161,778,-2.84,-2.35,7.12,1.95,0.98,0.99,0,0.01,510.75,10.49,3753516.2,9.41
582,"wikitext",1063,209,144,918,-2.7,-2.05,7.51,1.56,0.84,0.83,0.01,0.07,506,7.77,3289723.19,6.57
583,"wikitext",1769,345,129,1640,-2.36,-1.37,7.26,1.19,0.91,0.91,0,0.01,542.79,3.94,4239062.48,2.89
584,"wikitext",807,147,142,665,-3.04,-1.57,10.63,1.5,0.98,0.97,0,0.02,855.39,4.81,5194847.79,3.77
585,"wikitext",896,178,111,785,-2.7,-1.83,7.59,1.66,0.97,1,0,0,641.89,6.2,4969947.26,5.19
586,"wikitext",1195,223,159,1036,-2.94,-1.89,9.06,1.72,0.95,0.93,0,0.01,692.6,6.62,4845933.27,5.62
587,"wikitext",818,149,126,692,-3.39,-2.27,11.7,1.94,0.88,0.87,0,0.02,1100.66,9.68,7969593.57,8.63
588,"wikitext",846,175,135,711,-3.55,-2.46,12.05,2.08,0.98,0.99,0,0.01,1162.27,11.7,7579322.98,10.67
589,"wikitext",1061,177,189,871,-3.66,-3.05,10.5,2.12,0.98,0.97,0,0.02,917.42,21.12,5828746.3,19.72
590,"wikitext",839,158,132,707,-3.57,-2.48,10.29,1.78,0.95,0.94,0,0.01,1110.18,12.03,7530390.54,10.92
591,"wikitext",1158,206,151,1007,-3.29,-2.54,9.32,1.86,0.99,0.99,0,0.01,876.62,12.74,6355441.74,11.69
592,"wikitext",1369,274,167,1201,-3.19,-2.14,9.66,1.81,0.97,0.96,0,0.01,889.93,8.54,6166784.76,7.46
593,"wikitext",1440,345,119,1320,-2.23,-1.33,6.05,1.21,0.74,0.68,0.02,0.05,377.13,3.78,2662959.63,2.75
594,"wikitext",564,153,110,454,-2.28,-0.66,7.94,0.65,0.73,0.7,0.01,0.03,578.58,1.93,3901622.65,0.92
595,"wikitext",1917,376,124,1793,-2.89,-2.17,7.9,1.73,0.95,0.96,0,0.02,702.48,8.76,4752381.13,7.73
596,"wikitext",1776,365,137,1639,-3.03,-2.13,9.48,1.69,0.93,0.94,0,0.05,737.56,8.41,5292444.8,7.36
597,"wikitext",1596,311,125,1471,-3.14,-2.53,8.44,2.08,0.95,0.95,0,0.04,653.43,12.55,3709583.45,11.52
598,"wikitext",965,189,132,833,-2.4,-1.4,7.15,1.3,0.83,0.79,0.01,0.05,530.34,4.06,4243173.61,3.04
599,"wikitext",1671,321,153,1518,-2.06,-1.2,5.17,1.04,0.84,0.79,0.01,0.05,297.86,3.32,1944280.43,2.27
600,"wikitext",829,161,118,710,-3.11,-2.2,9.34,2.04,0.92,0.9,0,0.02,783.13,9.03,4742675.91,8.02
601,"wikitext",882,130,156,726,-2.76,-2.1,7.51,1.87,0.98,1,0,0.01,570.76,8.22,3713233.33,7.21
602,"wikitext",919,154,122,797,-2.8,-2.08,7.65,1.66,0.97,0.97,0,0.03,604.49,8,3968858.2,6.98
603,"wikitext",1052,188,106,945,-3.08,-2.44,8.54,1.94,0.97,0.98,0,0.02,799.26,11.43,5801142.1,10.41
604,"wikitext",1163,243,132,1031,-3.18,-2.11,10.63,1.97,0.92,0.9,0,0.02,1044.2,8.25,7173954.64,7.24
605,"wikitext",843,163,159,684,-3.33,-2.16,11.24,1.99,0.95,1,0,0,1203.2,8.67,8537376.62,7.66
606,"wikitext",1133,210,176,957,-2.99,-2.18,7.73,1.65,0.93,0.93,0,0.04,571.2,8.9,3855386.96,7.77
607,"wikitext",1296,218,178,1117,-3.12,-2.24,10.36,1.78,0.98,0.98,0,0.03,744.79,9.44,5369562.08,8.33
608,"wikitext",1000,172,157,843,-2.87,-1.7,8.72,1.35,0.9,0.9,0,0.03,639.57,5.5,4524379.83,4.37
609,"wikitext",1024,184,155,869,-2.51,-1.36,8.28,1.24,0.96,0.98,0,0.02,730.4,3.88,5240711.25,2.87
610,"wikitext",901,144,156,745,-3.09,-2,10.65,1.86,0.94,0.93,0,0.01,924.29,7.43,6379157.31,6.42
611,"wikitext",1282,238,147,1135,-2.64,-1.42,9.72,1.3,0.91,0.9,0,0.01,663.98,4.12,4624774.54,3.1
612,"wikitext",2138,406,138,2000,-2.25,-1.44,6.29,1.32,0.85,0.84,0,0.01,428.84,4.2,2942917.72,3.18
613,"wikitext",1088,212,130,958,-2.36,-1.59,7.16,1.48,0.97,0.98,0,0.02,531.66,4.9,3945899.76,3.89
614,"wikitext",1690,314,130,1560,-2.93,-1.95,9.86,1.62,0.92,0.92,0,0.04,764.87,7.03,5406672.71,6
615,"wikitext",1370,258,179,1191,-2.71,-1.85,8.42,1.46,0.95,0.94,0,0.01,719.61,6.33,5422576.95,5.25
616,"wikitext",766,131,141,625,-2.9,-1.51,11.33,1.43,0.91,0.9,0,0.04,831.12,4.53,6049912.93,3.52
617,"wikitext",752,129,146,606,-2.65,-1.85,7.66,1.38,0.94,0.95,0,0.05,570.65,6.36,3819004.01,5.29
618,"wikitext",670,130,153,516,-3.4,-2.19,11.51,1.91,0.99,1,0,0,992.18,8.94,6813941.4,7.94
619,"wikitext",1083,214,161,922,-3.3,-1.86,13.03,1.68,0.96,0.96,0,0.03,1203.26,6.42,8855187.48,5.4
620,"wikitext",1128,213,138,990,-3.49,-2.71,9.89,1.98,0.94,0.92,0,0.02,1010.01,15.03,7193034.51,13.82
621,"wikitext",1010,186,124,886,-2.73,-1.82,7.7,1.55,0.94,0.95,0,0.03,594.35,6.17,4333945.59,5.09
622,"wikitext",753,133,162,591,-2.6,-1.76,8.91,1.47,0.99,1,0,0,610.36,5.81,4699444.48,4.79
623,"wikitext",1020,194,132,888,-3.08,-1.92,10.43,1.71,0.96,0.96,0,0.01,785.77,6.86,5520696.23,5.85
624,"wikitext",1192,223,172,1020,-3.08,-2.12,9.17,1.69,0.96,0.96,0,0.04,774.68,8.33,5282662.49,7.28
625,"wikitext",784,141,139,645,-2.71,-1.78,7.17,1.46,0.98,1,0,0,438.56,5.93,2663663.23,4.88
626,"wikitext",1456,303,127,1329,-2.79,-1.66,10.29,1.43,0.89,0.87,0,0.02,769.31,5.26,5710771.16,4.24
627,"wikitext",878,170,137,741,-2.57,-1.6,7.63,1.36,0.98,0.97,0,0.01,629.87,4.97,4046424.21,3.95
628,"wikitext",1050,189,151,898,-3.25,-2.19,10.86,1.69,0.99,1,0,0,1052.36,8.94,7840209.84,7.79
629,"wikitext",1375,264,152,1223,-3.08,-1.96,10.07,1.62,0.94,0.94,0,0.01,933.9,7.1,6710780.19,6.09
630,"wikitext",1237,272,146,1091,-2.77,-1.88,9.43,1.57,0.81,0.8,0,0.04,685.25,6.52,4753169.52,5.45
631,"wikitext",1044,208,143,900,-2.81,-2.06,8.22,1.48,0.97,0.98,0,0.01,528.54,7.85,3908529.82,6.75
632,"wikitext",702,142,116,586,-3.09,-2.46,8.04,1.69,0.97,0.97,0,0.01,798.55,11.77,5568302.56,10.44
633,"wikitext",1965,385,166,1799,-2.65,-1.9,6.36,1.44,0.94,0.92,0,0.02,440.91,6.69,2812643.29,5.53
634,"wikitext",845,151,140,704,-2.71,-1.44,8.75,1.2,0.91,0.9,0,0.05,765.68,4.22,5201036.11,3.03
635,"wikitext",847,156,149,697,-2.79,-1.36,12.63,1.29,0.9,0.9,0,0.03,1044.79,3.9,8129032.28,2.89
636,"wikitext",950,183,127,823,-2.97,-2,9.75,1.84,0.96,0.96,0,0.01,850.06,7.39,5724346.71,6.39
637,"wikitext",924,174,150,774,-2.83,-1.8,9.47,1.62,0.98,1,0,0,698.19,6.06,4685223.83,5.04
638,"wikitext",1137,211,132,1004,-3.02,-1.82,10.27,1.47,0.91,0.89,0,0.04,861.71,6.17,6151624.58,5.02
639,"wikitext",1033,157,199,833,-3.26,-2.88,7.08,1.95,0.99,1,0,0,674.9,17.81,4303424.06,16.66
640,"wikitext",825,146,151,673,-2.64,-2.08,6.12,1.47,1,1,0,0,395.71,8.04,2345331.14,6.85
641,"wikitext",918,167,160,758,-3.15,-2.17,10.04,1.79,0.87,0.88,0.01,0.01,751.4,8.76,4971781.18,7.73
642,"wikitext",798,148,137,661,-2.93,-2.46,6.55,1.9,0.96,0.95,0,0.01,376.34,11.72,1870155.18,10.63
643,"wikitext",845,154,121,724,-2.91,-2.15,6.43,1.71,0.97,0.97,0,0.02,501.45,8.59,3130650.5,7.4
644,"wikitext",783,150,127,656,-3.25,-2.24,10.65,1.94,0.99,0.99,0,0.01,881,9.35,5932125.83,8.33
645,"wikitext",1249,233,106,1142,-3.65,-2.79,11.34,2.04,0.99,0.99,0,0.01,1094.97,16.28,7732570.61,15.16
646,"wikitext",1224,214,136,1087,-2.92,-1.69,9.44,1.61,0.96,0.96,0,0.02,791.71,5.42,5033177.37,4.41
647,"wikitext",1410,321,147,1263,-2.98,-2.16,8.12,1.73,0.92,0.92,0,0.05,700.89,8.67,4846152.46,7.64
648,"wikitext",1099,263,76,1023,-3.22,-2.64,7.75,1.87,0.97,0.96,0,0.01,739.13,14.01,5070486.23,12.86
649,"wikitext",1101,193,142,958,-3.38,-2.63,8.46,1.84,0.98,0.98,0,0.01,790.36,13.87,4418789.57,12.66
650,"wikitext",683,126,106,576,-2.57,-1.66,7.9,1.55,0.93,0.92,0,0.03,660.74,5.29,5017707.95,4.27
651,"wikitext",719,125,146,573,-2.26,-1.46,4.53,1.06,0.97,0.97,0,0.01,202.85,4.31,990754.12,3.08
652,"wikitext",916,184,115,801,-2.96,-1.8,9.56,1.52,0.97,0.97,0,0.01,736,6.05,5036600.88,5.02
653,"wikitext",950,187,140,810,-2.86,-1.63,9.85,1.51,0.94,0.95,0,0.05,833.74,5.1,6058492.16,4.09
654,"wikitext",1112,220,152,960,-2.25,-0.98,9.63,0.94,0.74,0.72,0.02,0.08,537.49,2.68,3743931.75,1.67
655,"wikitext",1089,205,131,958,-2.04,-1.05,7.75,1.02,0.92,0.92,0,0.06,460.78,2.86,3861369.54,1.85
656,"wikitext",781,163,141,639,-2.78,-1.54,8.53,1.46,0.88,0.89,0,0.02,602.58,4.66,3711091.32,3.64
657,"wikitext",1144,214,172,972,-2.71,-1.58,8.74,1.4,0.86,0.86,0.01,0.1,627.57,4.86,4670713.26,3.83
658,"wikitext",1155,192,173,981,-2.81,-2.33,7.95,1.75,0.97,0.99,0,0.01,495.26,10.23,3377526.53,9.04
659,"wikitext",990,183,176,813,-2.85,-2.05,9.1,1.92,0.9,0.91,0.01,0.06,775.93,7.77,5646967.4,6.75
660,"wikitext",742,140,138,604,-2.26,-1.4,5.84,1.26,0.98,0.97,0,0.01,273.04,4.06,1704048.38,3.04
661,"wikitext",1800,385,130,1670,-2.84,-1.68,9.49,1.5,0.81,0.79,0.01,0.05,725.74,5.37,5464881.68,4.35
662,"wikitext",729,151,166,563,-2.53,-1.74,7.48,1.58,0.86,0.83,0.01,0.09,358.68,5.7,2124627.11,4.69
663,"wikitext",1371,389,121,1250,-2.36,-1.32,6.93,1.29,0.65,0.62,0.01,0.02,398.94,3.74,2484112.31,2.73
664,"wikitext",769,199,139,630,-2.34,-1.38,7.06,1.31,0.79,0.75,0.02,0.09,522.63,3.97,3644787.35,2.95
665,"wikitext",791,160,89,702,-2.8,-2.16,7.3,1.5,0.95,0.98,0,0.02,567.98,8.68,3920846.4,7.46
666,"wikitext",676,163,124,552,-2.56,-1.6,8.68,1.54,0.73,0.71,0.02,0.09,611.29,4.95,4004916.35,3.93
667,"wikitext",1349,354,121,1228,-2.07,-1.18,5.93,1.17,0.77,0.7,0.02,0.07,314.65,3.27,1944331.42,2.26
668,"wikitext",786,174,97,689,-2.37,-1.46,6.28,1.38,0.82,0.82,0.01,0.1,358.61,4.28,2374474.42,3.25
669,"wikitext",1208,243,139,1068,-2.81,-2.15,7.19,1.74,0.89,0.91,0.01,0.09,515.73,8.58,3508545.84,7.55
670,"wikitext",928,208,111,817,-2.07,-0.88,6.28,0.85,0.69,0.58,0.04,0.04,378.93,2.42,2287077.97,1.41
671,"wikitext",1046,181,145,901,-3.09,-1.98,10.17,1.65,0.97,1,0,0,815.38,7.24,5208895.66,6.2
672,"wikitext",1208,257,139,1068,-2.58,-1.54,8.06,1.41,0.88,0.87,0.01,0.1,680,4.66,4835040.28,3.64
673,"wikitext",1229,224,140,1089,-2.77,-1.79,8.69,1.46,0.98,0.98,0,0.02,682.67,5.99,4918041.17,4.91
674,"wikitext",1026,189,172,853,-2.97,-2.22,8.42,1.87,0.9,0.87,0,0.05,675.08,9.21,4747824.5,8.12
675,"wikitext",1068,211,127,940,-2.82,-1.87,9.17,1.7,0.92,0.91,0,0.02,669.55,6.49,4582193.74,5.47
676,"wikitext",904,198,105,799,-2.64,-1.39,8.65,1.31,0.76,0.7,0.02,0.1,692.28,4.01,4717600.81,2.99
677,"wikitext",736,136,116,619,-3.24,-2.58,9.57,1.94,0.86,0.86,0,0.01,663.59,13.14,4675443.18,11.99
678,"wikitext",683,147,170,513,-2.94,-2.2,9.67,2,0.76,0.69,0.02,0.04,754.33,9.03,5584609.86,8.01
679,"wikitext",1655,340,133,1522,-2.81,-1.86,9.47,1.71,0.96,0.96,0,0.02,781.09,6.39,5841046.73,5.37
680,"wikitext",797,148,121,676,-3.31,-2.9,9.49,2.11,1,1,0,0,795.17,18.21,5898533.59,17.01
681,"wikitext",1533,277,140,1393,-2.73,-1.92,6.92,1.44,0.95,0.94,0,0.03,424.44,6.82,2715693.23,5.68
682,"wikitext",948,163,166,782,-3.23,-2.45,8.86,1.73,1,1,0,0,746.92,11.59,4865177.91,10.45
683,"wikitext",1189,223,137,1052,-3.04,-2.4,7.53,1.8,0.99,1,0,0,685.84,11.02,4668962.98,9.89
684,"wikitext",831,146,158,673,-3.09,-2.36,9.16,1.84,0.98,0.99,0,0.01,618.27,10.61,3994313.63,9.57
685,"wikitext",1196,216,140,1056,-3.04,-2.14,8.23,1.64,0.99,1,0,0,527.31,8.52,3616607.21,7.44
686,"wikitext",1011,184,178,833,-3.28,-2.44,8.58,1.99,0.96,0.99,0,0.01,726.3,11.42,4456328.53,10.33
687,"wikitext",801,136,151,650,-2.29,-1.44,8.97,1.14,0.94,0.93,0,0.06,387.91,4.22,2968028.79,3.12
688,"wikitext",1036,218,122,914,-2.43,-1.56,7.71,1.36,0.91,0.91,0,0.06,663.42,4.78,5163574.37,3.76
689,"wikitext",1185,245,149,1036,-3.38,-2.3,10.49,1.85,0.93,0.92,0,0.02,1030.97,9.97,7423873.06,8.94
690,"wikitext",1067,200,149,918,-2.68,-1.77,10.21,1.51,0.9,0.91,0,0.02,428.43,5.87,3046474.27,4.84
691,"wikitext",873,153,155,718,-2.81,-1.98,9.62,1.6,0.96,0.97,0,0.01,719.35,7.24,5217892.96,6.19
692,"wikitext",1015,193,157,858,-3.04,-2.4,8.99,1.66,0.9,0.93,0.01,0.07,787.16,11.02,5621595.65,9.82
693,"wikitext",774,130,169,605,-2.56,-1.75,8.9,1.52,0.93,0.92,0,0.03,509.89,5.76,3818076.34,4.72
694,"wikitext",1361,267,171,1190,-2.32,-1.34,7.46,1.26,0.78,0.72,0.01,0.02,590.15,3.82,4614529.07,2.79
695,"wikitext",1100,198,194,906,-2.7,-1.76,8.59,1.48,0.96,0.99,0,0.01,649.52,5.82,4900597.17,4.78
696,"wikitext",774,131,148,626,-3.15,-2.2,9.7,1.96,0.96,0.97,0,0.03,741.22,9.03,4681095.51,8.02
697,"wikitext",1300,265,165,1135,-2.55,-1.59,6.64,1.42,0.75,0.75,0.01,0.04,457.92,4.9,2874091.3,3.89
698,"wikitext",915,219,143,772,-2.33,-1.22,7.51,1.17,0.77,0.74,0.01,0.03,578.64,3.39,4345500.32,2.38
699,"wikitext",1310,220,168,1142,-3.24,-2.54,9.28,1.75,0.97,0.97,0,0.01,865.73,12.68,6109379.63,11.47
700,"wikitext",1491,276,159,1331,-2.98,-2.11,8.09,1.68,0.92,0.91,0,0.02,740.24,8.25,5107977.13,7.18
701,"wikitext",954,175,138,816,-2.44,-1.82,5.92,1.53,0.98,0.99,0,0.01,411.84,6.17,2725296.8,5.15
702,"wikitext",1201,198,158,1043,-2.73,-2.08,5.83,1.46,0.97,0.98,0,0.02,385.18,7.96,1974836.68,6.81
703,"wikitext",1513,294,163,1350,-2.62,-1.6,7.91,1.47,0.85,0.86,0.01,0.07,546.3,4.96,3809893.07,3.96
704,"wikitext",844,176,153,691,-2.65,-1.63,8.6,1.52,0.85,0.84,0.01,0.06,662.36,5.11,4351504.89,4.09
705,"wikitext",874,156,136,738,-2.69,-1.86,7.61,1.54,0.96,0.94,0,0.03,496.12,6.43,3373766.28,5.41
706,"wikitext",828,163,124,704,-2.88,-2.4,6.66,1.66,0.95,0.93,0,0.02,574.7,11.02,3340115.88,9.82
707,"wikitext",867,162,146,721,-2.79,-1.96,7.59,1.69,0.93,0.93,0.01,0.07,469.27,7.1,2333002.38,6.07
708,"wikitext",752,128,150,602,-3.83,-3.35,8.41,1.89,0.97,0.98,0,0.02,946.65,28.51,6791240.43,26.76
709,"wikitext",1216,248,126,1089,-2.94,-2.04,8.34,1.71,0.88,0.89,0,0.02,638.81,7.69,3948045.05,6.62
710,"wikitext",1109,224,139,970,-2.81,-1.85,9.07,1.67,0.85,0.84,0,0.02,660.19,6.32,4557562.38,5.29
711,"wikitext",787,138,123,664,-3,-2.09,8.96,1.52,0.96,0.97,0,0.03,710.91,8.12,5079535.74,6.76
712,"wikitext",698,138,128,569,-3.01,-2.3,6.78,1.84,0.98,0.98,0,0.02,448.22,9.94,2567154.68,8.89
713,"wikitext",1219,227,168,1051,-3.57,-2.95,9.28,2.34,0.9,0.88,0,0.02,906.51,19.11,5599107.39,18.05
714,"wikitext",1101,200,160,940,-2.84,-2.11,7.9,1.83,0.93,0.93,0,0.02,650.38,8.25,4441989.86,7.22
715,"wikitext",818,151,110,708,-3.11,-2.58,7.83,2.13,0.89,0.9,0,0.06,704.21,13.2,4115844.6,12.18
716,"wikitext",1110,205,153,957,-3.05,-1.99,9.13,1.79,0.92,0.94,0,0.06,878.12,7.32,6067263.48,6.25
717,"wikitext",802,144,122,680,-2.99,-2.3,6.88,1.57,0.95,0.93,0,0.04,666.83,10.02,4663908.7,8.71
718,"wikitext",662,130,147,515,-3.12,-1.81,11.1,1.72,0.84,0.83,0.01,0.06,1016.95,6.08,7391318.77,5.07
719,"wikitext",947,181,168,779,-2.84,-2.11,7.26,1.88,0.94,1,0,0,511.35,8.25,3232388.03,7.24
720,"wikitext",921,158,148,773,-2.91,-2.52,7.11,1.96,0.89,0.86,0,0.02,633.38,12.43,4620993.91,11.27
721,"wikitext",948,169,163,785,-3.04,-2.08,7.69,1.78,0.96,0.94,0,0.02,677.26,8,4422994.87,6.91
722,"wikitext",815,174,120,695,-2.86,-2.06,7.15,1.72,0.94,0.91,0,0.02,563.82,7.88,3077625.78,6.73
723,"wikitext",963,162,151,812,-3.5,-2.6,9.67,1.97,0.98,0.99,0,0.01,858.78,13.42,5272125.07,12.28
724,"wikitext",1125,185,170,955,-3.39,-2.78,9.27,2.2,0.96,0.96,0,0.02,979.34,16.12,6927646.51,15.04
725,"wikitext",1187,221,153,1034,-2.98,-1.96,8.47,1.59,0.97,0.97,0,0.01,703.67,7.1,4811015.16,6.01
726,"wikitext",920,151,162,757,-2.96,-2.35,6.58,1.81,0.98,0.99,0,0.01,445.96,10.49,2241965.16,9.34
727,"wikitext",798,134,114,684,-3.66,-3.02,8.52,2.14,0.98,0.98,0,0.02,765.13,20.5,4613389.29,19.23
728,"wikitext",950,184,136,814,-3.01,-2.3,8.71,1.7,0.91,0.92,0,0.07,665.33,9.93,4620361.74,8.89
729,"wikitext",1231,236,123,1108,-2.72,-2.17,5.97,1.65,0.93,0.94,0,0.06,311.69,8.8,1567944.85,7.71
730,"wikitext",1478,270,153,1324,-2.63,-1.83,6.3,1.47,0.91,0.9,0,0.04,397.17,6.23,2221347.5,5.11
731,"wikitext",900,179,127,773,-2.6,-1.56,7.69,1.42,0.82,0.76,0.01,0.04,504.09,4.76,3445428.06,3.73
732,"wikitext",893,150,136,757,-3.07,-2.45,6.88,1.93,0.95,0.96,0,0.04,571.19,11.53,3595909.17,10.48
733,"wikitext",852,137,136,716,-3.14,-2.67,7.19,1.67,0.98,0.98,0,0.01,442.49,14.44,2775204.03,13.31
734,"wikitext",796,151,125,671,-2.77,-1.68,6.8,1.28,0.99,1,0,0,616.25,5.37,3877638.25,4.24
735,"wikitext",783,148,120,663,-2.69,-1.93,8.5,1.72,0.87,0.86,0.01,0.05,620.67,6.89,4184441.76,5.86
736,"wikitext",733,138,129,604,-2.99,-2.16,11.49,1.87,0.88,0.9,0,0.02,798.29,8.63,6097572.92,7.6
737,"wikitext",958,193,138,820,-2.78,-1.53,8.56,1.46,0.95,0.94,0,0.05,618.5,4.62,3889292.87,3.59
738,"wikitext",1362,278,129,1233,-2.73,-2.01,8.72,1.59,0.94,0.93,0,0.02,690.43,7.46,4923458.55,6.38
739,"wikitext",977,180,137,839,-2.4,-1.83,6.07,1.4,0.97,0.97,0,0.02,427.69,6.23,3379904.37,5.17
740,"wikitext",1128,227,110,1018,-2.75,-1.62,8.07,1.53,0.8,0.79,0.01,0.04,637.66,5.05,4486938.13,4.04
741,"wikitext",1507,288,158,1349,-3.3,-2.32,9.59,1.72,0.91,0.89,0,0.01,821.94,10.12,5769702.88,9.06
742,"wikitext",884,155,151,733,-2.83,-1.87,8.53,1.48,0.98,1,0,0,564.98,6.49,4080147.46,5.36
743,"wikitext",922,162,134,788,-3.83,-2.97,11.25,2.21,0.91,0.88,0,0.04,1169.62,19.49,7230425.95,18.41
744,"wikitext",927,169,147,780,-2.92,-2.21,8.77,1.78,0.92,0.92,0,0.02,799.62,9.12,5827266.37,7.99
745,"wikitext",794,166,141,652,-3.06,-1.98,9.67,1.8,0.8,0.72,0.02,0.04,886.47,7.28,6351776.94,6.25
746,"wikitext",1528,312,139,1389,-3.45,-2.54,10.51,2.07,0.88,0.87,0,0.02,1047.58,12.62,7253860.59,11.49
747,"wikitext",1891,369,152,1739,-3.31,-2.53,9.22,1.74,0.94,0.93,0,0.01,878.03,12.55,6046746.93,11.49
748,"wikitext",922,166,165,757,-3.1,-2.01,9.31,1.69,0.97,0.96,0,0.01,709.53,7.46,4449808.59,6.45
749,"wikitext",984,180,150,833,-3.16,-2.42,9.07,1.83,0.95,0.98,0,0.02,639.8,11.25,4389608.95,10.17
750,"wikitext",742,142,137,605,-2.8,-2.14,8.2,1.59,0.97,0.97,0,0.03,728.3,8.5,5265211.18,7.36
751,"wikitext",829,148,156,673,-2.76,-1.95,8.73,1.78,0.99,1,0,0,538.76,7.03,4071723.69,6.02
752,"wikitext",891,152,149,741,-2.64,-1.48,8.01,1.27,0.97,0.98,0,0.03,496.2,4.39,2727166.46,3.31
753,"wikitext",1099,218,129,969,-2.82,-1.86,8.56,1.72,0.84,0.8,0.01,0.02,576.25,6.39,3857587.4,5.38
754,"wikitext",916,140,165,751,-3.57,-2.51,13.1,2.24,0.95,0.95,0,0.03,1063.29,12.32,7479745.37,11.3
755,"wikitext",2295,447,155,2140,-3.27,-2.05,11.1,1.87,0.89,0.88,0,0.03,1023.34,7.77,6983392.55,6.76
756,"wikitext",1050,180,147,903,-3.54,-2.5,11.6,2,0.95,0.94,0,0.01,1191.35,12.18,7731441.7,11.12
757,"wikitext",834,145,161,673,-3.36,-2.07,11.83,1.91,0.95,0.94,0,0.03,1051.94,7.92,6690529.68,6.9
758,"wikitext",1366,294,144,1222,-3.02,-1.72,10.23,1.68,0.93,0.92,0,0.01,834.78,5.61,5503568.16,4.6
759,"wikitext",921,174,114,807,-2.9,-2.01,8.94,1.65,0.98,0.98,0,0.01,688.7,7.5,4735392.42,6.48
760,"wikitext",1006,177,144,862,-3.29,-2.16,10.17,1.55,0.95,0.93,0,0.02,865.02,8.67,6170149.85,7.41
761,"wikitext",959,167,169,790,-3.33,-2.25,10,1.61,0.93,0.92,0,0.04,889.18,9.49,5926224.38,8.43
762,"wikitext",964,163,140,824,-3.58,-2.99,8.88,2.01,0.97,0.96,0,0.01,789.61,19.89,5529413.64,18.53
763,"wikitext",1268,241,161,1107,-3.43,-2.46,10.31,2.01,0.95,0.95,0,0.01,943.05,11.7,6166963.51,10.53
764,"wikitext",1081,187,187,894,-3.32,-2.4,9.7,1.76,0.97,0.96,0,0.01,678.86,11.02,4175967.12,9.9
765,"wikitext",683,128,153,530,-3.1,-2.08,8.24,1.79,0.99,1,0,0,664.34,8.04,4123562.08,6.93
766,"wikitext",819,144,152,667,-3.48,-2.52,10.19,1.96,1,1,0,0,1145.95,12.37,7726204.45,11.16
767,"wikitext",1870,354,137,1733,-3.42,-2.46,9.43,1.81,0.94,0.93,0,0.01,999.33,11.7,6489940.88,10.64
768,"wikitext",703,135,142,561,-2.88,-2.02,8.18,1.68,0.97,0.97,0,0.01,663.76,7.54,4949599.43,6.5
769,"wikitext",1044,222,66,977,-2.09,-0.99,6.81,0.97,0.99,0.99,0,0.01,293.29,2.69,1822893.38,1.69
770,"wikitext",1276,255,142,1133,-2.69,-1.56,8.28,1.46,0.96,0.94,0,0.02,623.43,4.76,4472127.02,3.76
771,"wikitext",1010,232,115,895,-2.23,-1.25,7.15,1.21,0.93,0.93,0,0.03,489.04,3.5,3366105.39,2.49
772,"wikitext",1318,297,104,1213,-2.25,-1.26,7.21,1.24,0.92,0.9,0,0.02,348.08,3.53,2309240.02,2.53
773,"wikitext",1036,232,115,921,-2.37,-1.23,8.59,1.22,0.93,0.92,0,0.04,520.15,3.4,3649145.06,2.41
774,"wikitext",1398,299,127,1271,-2.99,-2.25,8.7,1.79,0.95,0.94,0,0.01,648.9,9.49,4523303.48,8.48
775,"wikitext",907,167,155,752,-3.06,-2.39,8.07,1.81,0.99,0.99,0,0.01,700.6,10.91,4854600.66,9.84
776,"wikitext",752,155,120,632,-2.48,-1.47,8.45,1.43,1,1,0,0,566.71,4.35,3888952.27,3.35
777,"wikitext",1044,210,133,910,-2.81,-1.78,9.7,1.6,0.97,0.98,0,0.02,757.07,5.96,5337192.3,4.93
778,"wikitext",737,149,131,605,-3.04,-2.14,8.4,1.87,0.96,0.96,0,0.01,721.93,8.5,4744237.29,7.43
779,"wikitext",1030,240,124,905,-2.48,-1.28,7.68,1.27,0.96,0.97,0,0.03,574.38,3.62,3694288.91,2.62
780,"wikitext",760,170,92,668,-2.67,-1.45,9.71,1.44,0.99,1,0,0,627.96,4.26,4072149.05,3.26
781,"wikitext",914,195,124,789,-2.56,-1.33,9.04,1.31,0.96,0.94,0,0.01,608.47,3.78,4401927.79,2.78
782,"wikitext",878,189,124,753,-2.88,-2.08,10.32,1.96,0.85,0.82,0,0.02,822.04,8,6151888.38,7
783,"wikitext",1093,249,97,996,-2.78,-1.97,7.01,1.51,0.88,0.85,0.01,0.06,463.06,7.17,2979029.32,6.14
784,"wikitext",653,138,88,565,-2.37,-1.31,7.04,1.19,0.97,0.97,0,0.01,551.68,3.69,3392557.57,2.68
785,"wikitext",777,170,116,660,-2.67,-1.82,7.36,1.6,0.99,0.99,0,0.01,527.2,6.17,3538259.64,5.17
786,"wikitext",1005,211,141,864,-2,-0.88,5.87,0.88,0.86,0.86,0.01,0.02,309.27,2.41,1789034.9,1.41
787,"wikitext",908,186,141,767,-2.6,-1.33,7.93,1.27,0.8,0.77,0.01,0.03,536.57,3.78,2764538.05,2.78
788,"wikitext",991,217,117,874,-2.54,-1.43,8.16,1.42,0.98,0.97,0,0.01,606.67,4.18,4361754.05,3.18
789,"wikitext",707,169,138,568,-2.07,-1.21,5.94,1.21,0.99,0.99,0,0.01,295.3,3.35,1949249.51,2.35
790,"wikitext",1040,254,111,929,-2.1,-1.27,5.73,1.23,0.97,0.96,0,0.01,313.82,3.54,2070712.31,2.54
791,"wikitext",724,165,118,606,-2.67,-2.02,8.36,1.73,0.95,0.97,0,0.01,767.74,7.54,5493564.55,6.51
792,"wikitext",886,187,135,751,-2.11,-1.07,6.57,1.05,0.94,0.92,0,0.02,343.3,2.92,2446136.57,1.92
793,"wikitext",1475,332,115,1360,-2.31,-1.31,8.66,1.27,0.88,0.86,0,0.01,591.54,3.7,4186853.42,2.71
794,"wikitext",1498,323,164,1334,-2.46,-1.5,7.49,1.39,0.94,0.94,0,0.01,482.86,4.48,3339474.87,3.47
795,"wikitext",1214,229,143,1071,-2.6,-1.93,6.46,1.52,0.97,0.97,0,0.01,426.59,6.89,2898975.34,5.85
796,"wikitext",1257,239,135,1122,-2.87,-2.25,6.77,1.85,0.95,0.95,0,0.04,461.14,9.49,2805635.07,8.38
797,"wikitext",741,132,118,622,-2.99,-2.13,8.47,2.02,1,1,0,0,810.69,8.44,5388560.44,7.44
798,"wikitext",883,164,137,745,-2.28,-1.52,7.16,1.42,0.97,0.98,0,0.02,384.98,4.55,2623605.34,3.54
799,"wikitext",696,144,141,555,-2.29,-1.19,7.88,1.15,0.96,0.94,0,0.03,476.31,3.3,3332814.06,2.29
800,"wikitext",888,174,139,749,-2.38,-1.85,5.85,1.73,0.96,0.97,0,0.02,283.45,6.37,1827222.47,5.37
801,"wikitext",854,168,110,743,-2.15,-1.17,5.47,1.14,0.95,0.94,0,0.03,254.57,3.24,1786245.47,2.24
802,"wikitext",946,169,146,800,-2.61,-1.71,8.06,1.51,0.99,1,0,0,339.73,5.53,1902183.01,4.52
803,"wikitext",769,165,154,615,-2.33,-1.34,7.01,1.21,0.95,1,0.01,0,460.28,3.82,2258581.33,2.78
804,"wikitext",792,129,125,667,-3.39,-2.62,9.25,2.27,0.94,0.93,0,0.02,831.32,13.74,4744351.57,12.68
805,"wikitext",1257,229,173,1084,-2.94,-2.23,8.28,1.92,0.88,0.91,0.01,0.04,725.61,9.3,4822252.47,8.23
806,"wikitext",1072,158,180,891,-3.61,-2.64,10.29,2.07,0.97,0.98,0,0.02,1259.11,14.01,9324964.47,12.96
807,"wikitext",1575,276,172,1403,-2.8,-2,7.4,1.53,0.94,0.97,0,0.03,551.04,7.36,3718846.2,6.17
808,"wikitext",1093,240,163,930,-2.35,-1.4,8.04,1.29,0.75,0.7,0.01,0.04,602.3,4.06,4180679.2,3.02
809,"wikitext",1097,177,165,932,-2.87,-2.03,8.12,1.9,0.93,0.93,0,0.02,588.22,7.61,4061492.47,6.61
810,"wikitext",1747,330,185,1562,-3.13,-2.43,9.5,2.1,0.8,0.76,0.01,0.02,797.17,11.36,4862575.19,10.32
811,"wikitext",906,177,134,772,-2.13,-1.34,5.79,1.07,0.91,0.88,0,0.03,347.1,3.82,2775798.28,2.67
812,"wikitext",863,166,130,733,-2.03,-1.14,5.27,1.02,0.82,0.77,0.01,0.04,315.32,3.14,2338353.31,2.07
813,"wikitext",889,165,138,751,-2.17,-1.41,5.57,1.12,0.96,0.98,0,0.02,334.56,4.1,1974863.53,3
814,"wikitext",762,140,141,621,-1.9,-1.36,3.78,1.21,0.97,0.97,0,0.01,74.89,3.9,65494.61,2.87
815,"wikitext",854,165,156,698,-2.43,-1.28,8.53,1.19,0.86,0.86,0.01,0.09,475.66,3.6,2665557.66,2.57
816,"wikitext",820,150,150,670,-2.11,-1.19,6.93,1.1,0.96,0.96,0,0.03,305.49,3.3,2097996.73,2.29
817,"wikitext",864,149,173,691,-2.49,-1.75,8.34,1.57,0.98,0.99,0,0.01,470.27,5.75,3452696.11,4.73
818,"wikitext",748,144,144,604,-2.61,-1.7,8.81,1.43,0.99,0.99,0,0.01,570.74,5.47,3771407.04,4.43
819,"wikitext",705,128,124,580,-2.74,-1.92,7.94,1.56,0.97,0.97,0,0.01,478.15,6.82,3064889.03,5.79
820,"wikitext",1414,295,156,1258,-2.37,-1.45,8.12,1.35,0.82,0.78,0,0.02,456.36,4.26,3339952.1,3.25
821,"wikitext",1157,240,137,1019,-2.14,-1.09,6.5,1.06,0.87,0.87,0,0.06,418.97,2.98,2962158.8,1.98
822,"wikitext",1218,234,150,1068,-2.07,-1.5,6.8,1.31,0.97,0.98,0,0.03,262.43,4.51,2108670.17,3.49
823,"wikitext",990,208,146,844,-2.1,-1.33,5.46,1.1,0.92,0.92,0,0.05,277.13,3.76,1939510.78,2.73
824,"wikitext",1083,217,146,937,-2.03,-1.33,6.02,1.19,0.95,0.95,0,0.03,277.17,3.78,1578120.27,2.76
825,"wikitext",900,187,136,764,-2.31,-1.33,7.54,1.29,0.96,0.97,0,0.03,480.28,3.78,3331506.08,2.78
826,"wikitext",899,166,155,744,-2.4,-1.56,7.4,1.25,0.93,0.92,0,0.02,463.22,4.73,3197770.61,3.69
827,"wikitext",1638,332,148,1490,-1.97,-1.12,6.16,1.1,0.9,0.93,0.01,0.03,225.28,3.06,1483337.8,2.06
828,"wikitext",921,161,135,786,-2.57,-1.59,9.07,1.41,0.98,0.97,0,0,509.88,4.9,3567393.03,3.9
829,"wikitext",1190,232,148,1042,-2.06,-1.42,5.41,1.17,0.84,0.8,0.01,0.02,214.69,4.16,1431944.01,3.09
830,"wikitext",673,140,128,545,-1.71,-0.89,4.16,0.88,0.59,0.53,0.03,0.06,169.35,2.44,978640.29,1.44
831,"wikitext",1405,294,138,1267,-2.47,-1.49,7.42,1.32,0.87,0.85,0,0.03,621.96,4.44,4612360.53,3.43
832,"wikitext",854,150,122,732,-3.32,-2.44,8.38,1.84,0.98,0.99,0,0.01,811.28,11.42,5202605.82,10.25
833,"wikitext",1003,172,172,831,-2.85,-1.99,7.52,1.52,0.96,0.97,0,0.03,549.66,7.32,4029873.1,6.25
834,"wikitext",837,134,145,692,-2.68,-1.98,7.19,1.61,0.89,0.88,0.01,0.06,553.8,7.24,3669731.38,6.17
835,"wikitext",866,132,181,684,-3.5,-2.8,8.48,1.9,0.99,0.99,0,0.01,950.06,16.46,6061588.59,15.29
836,"wikitext",1020,201,148,872,-3.24,-2.22,9.96,1.79,0.96,0.96,0,0.01,1038.32,9.21,7413469.66,8.16
837,"wikitext",1090,190,160,930,-3.44,-2.88,7.85,1.89,1,1,0,0,750.1,17.73,4850353.54,16.41
838,"wikitext",1042,189,161,881,-3.56,-2.88,10.17,1.9,0.99,1,0,0,1083.37,17.81,7388622.96,16.6
839,"wikitext",1105,199,159,946,-3.38,-2.37,10.16,1.88,1,1,0,0,938.62,10.7,5866869.34,9.49
840,"wikitext",848,145,152,696,-3.61,-2.45,9.93,2.02,0.98,0.97,0,0.01,965.22,11.59,5959321.25,10.51
841,"wikitext",1120,210,163,957,-3.08,-2.29,8.83,1.88,0.98,0.97,0,0.01,739.73,9.88,5158517.38,8.82
842,"wikitext",978,187,143,835,-2.92,-2.01,8.88,1.57,0.93,0.97,0,0.03,713.06,7.46,5328200.82,6.39
843,"wikitext",1164,203,137,1026,-3.83,-3.33,9.17,2.08,0.98,0.97,0,0,1034.2,27.94,7094663.14,26.79
844,"wikitext",713,128,127,586,-3.65,-2.92,9.16,2.12,1,1,0,0,980.44,18.64,6657918.23,17.61
845,"wikitext",1077,203,140,936,-3.36,-2.48,9.32,1.84,0.97,0.97,0,0.03,1000.38,11.94,7139927.22,10.73
846,"wikitext",1072,201,102,969,-3.36,-2.29,11.7,1.84,0.97,0.99,0,0.01,972.62,9.87,6989165.69,8.85
847,"wikitext",997,192,140,857,-3.11,-2.28,9.69,1.96,0.97,0.98,0,0.02,663.04,9.72,4367518.26,8.71
848,"wikitext",1203,225,129,1074,-3.51,-2.59,10.81,1.82,0.97,0.96,0,0.01,1128.01,13.33,7812679.39,12.14
849,"wikitext",915,174,141,774,-3.87,-2.88,11.72,2.35,0.99,0.99,0,0.01,1342.53,17.73,9160018,16.69
850,"wikitext",1087,197,144,943,-3.32,-2.33,9.7,1.85,0.95,0.94,0,0,910.58,10.28,5985485.47,9.14
851,"wikitext",1209,205,161,1047,-3.65,-2.78,10.24,1.9,0.98,0.98,0,0.01,946.48,16.12,6560619.47,14.78
852,"wikitext",1010,193,134,876,-2.55,-1.6,7.55,1.49,0.96,0.96,0,0,586.46,4.95,4400367.55,3.94
853,"wikitext",1823,402,118,1705,-2.99,-1.96,9.82,1.71,0.94,0.93,0,0.01,767.67,7.1,5415525.79,6.08
854,"wikitext",1003,192,152,851,-3.81,-2.92,11.38,2.21,1,1,0,0,1188.86,18.63,8137408.69,17.42
855,"wikitext",846,154,138,708,-3.83,-3.1,10.73,2.37,0.99,0.99,0,0.01,1161.15,22.26,7646821.75,21.17
856,"wikitext",853,166,142,711,-3.34,-2.38,12.83,1.98,0.96,0.95,0,0.01,1197.54,10.76,8513333.75,9.67
857,"wikitext",1376,266,166,1210,-2.79,-2.03,7.41,1.65,0.94,0.94,0,0.02,518.4,7.62,3381614.64,6.58
858,"wikitext",1526,279,150,1376,-3.15,-2.43,9.3,1.66,0.99,0.98,0,0,724.95,11.36,5075029.93,10.2
859,"wikitext",839,150,141,698,-3.04,-2,8.96,1.64,0.99,0.99,0,0.01,803.25,7.39,5760892.42,6.35
860,"wikitext",1204,217,95,1109,-2.84,-2.24,6.67,1.73,0.98,0.98,0,0.02,514.6,9.39,3712680.69,8.22
861,"wikitext",1086,181,156,930,-2.86,-1.89,8.02,1.67,0.97,0.97,0,0.01,688.35,6.62,4865498.21,5.61
862,"wikitext",1107,199,155,951,-3.2,-2.37,10.22,1.84,0.84,0.83,0.01,0.05,961.65,10.7,6807509.66,9.56
863,"wikitext",1103,190,162,941,-2.75,-1.84,7.08,1.7,0.9,0.93,0.01,0.07,500.7,6.31,3362185.65,5.3
864,"wikitext",1055,192,126,928,-2.87,-1.74,8.27,1.6,0.96,0.95,0,0.02,671.62,5.7,4259038.67,4.7
865,"wikitext",1403,275,147,1256,-3.12,-2.21,9.54,1.93,0.91,0.95,0.01,0.05,774.19,9.12,5183945.62,8.11
866,"wikitext",1773,356,121,1652,-3.13,-2.38,8.44,1.67,0.93,0.93,0,0.06,759.1,10.8,5385542.77,9.62
867,"wikitext",1107,190,148,959,-2.79,-1.98,6.8,1.45,0.93,0.96,0,0.04,500.27,7.24,3070368.03,5.96
868,"wikitext",1194,212,126,1068,-3.14,-2.59,7.79,2.04,0.92,0.9,0,0.02,670.59,13.33,3849337.11,12.12
869,"wikitext",1090,175,149,941,-2.56,-1.71,6.29,1.31,0.97,0.98,0,0.02,472.04,5.53,3109038.48,4.42
870,"wikitext",824,135,154,670,-2.79,-1.7,8.03,1.56,0.93,0.92,0,0.01,659.58,5.47,4366711.84,4.42
871,"wikitext",722,132,129,593,-2.95,-2.33,8.07,1.88,0.94,0.92,0,0.01,536.8,10.23,3731855.67,9.15
872,"wikitext",1030,179,143,887,-2.83,-2.13,8.98,1.71,0.96,0.97,0,0.02,678.54,8.41,5158775.71,7.26
873,"wikitext",827,155,148,679,-2.36,-1.22,8.31,1.15,0.66,0.62,0.03,0.09,481.6,3.39,3426586.52,2.37
874,"wikitext",860,159,152,708,-3.35,-2.56,9.96,1.93,0.99,0.99,0,0.01,935.69,12.94,6541040.52,11.93
875,"wikitext",1386,254,166,1220,-3.16,-2.36,8.16,1.76,0.99,1,0,0,749.91,10.54,4857296.53,9.44
876,"wikitext",841,174,147,693,-2.84,-2.18,7.12,1.53,0.96,0.98,0,0.02,592.38,8.9,4238047.02,7.6
877,"wikitext",910,188,135,775,-3.21,-2.34,9.85,1.87,0.94,0.95,0,0.03,985.95,10.38,7014296.19,9.27
878,"wikitext",1048,213,123,925,-3.02,-2.43,6.84,1.79,0.96,0.93,0,0.03,540.17,11.36,3195582.21,10.32
879,"wikitext",1328,275,132,1195,-2.94,-2.28,7.47,1.65,0.95,0.94,0,0.03,594.33,9.78,3848740.95,8.5
880,"wikitext",854,144,161,693,-2.65,-1.81,9.67,1.61,0.87,0.83,0.01,0.06,500.06,6.11,4079396.73,5.07
881,"wikitext",1238,272,130,1108,-2.25,-1.15,7.73,1.1,0.87,0.83,0,0.04,508.46,3.16,3626105.47,2.14
882,"wikitext",1152,236,111,1041,-2.05,-1.2,6.52,1.05,0.86,0.8,0.01,0.04,339.5,3.32,2349344.33,2.28
883,"wikitext",810,154,120,689,-2.86,-1.98,8.78,1.52,0.9,0.96,0.01,0.01,612.26,7.21,4216752.61,6.18
884,"wikitext",1057,222,153,903,-2.28,-1.44,6.98,1.24,0.88,0.96,0.02,0.04,417.67,4.24,2766906.15,3.16
885,"wikitext",1225,283,142,1082,-2.14,-1.03,8.37,1.02,0.8,0.69,0.03,0.09,411.59,2.8,2950496.81,1.8
886,"wikitext",712,130,143,569,-1.39,-0.5,3.76,0.49,0.75,0.66,0.04,0.17,122.36,1.65,789956.57,0.65
887,"wikitext",1146,229,147,999,-2.62,-1.27,8.54,1.25,0.93,0.97,0,0.02,694.98,3.56,5193018.01,2.55
888,"wikitext",833,151,126,707,-2.61,-1.81,7.87,1.57,0.94,0.91,0,0.02,664.16,6.11,4849995.5,5.05
889,"wikitext",1205,200,161,1043,-2.56,-2.04,6.07,1.68,0.86,0.82,0.01,0.03,314.06,7.73,1658897.08,6.63
890,"wikitext",866,138,155,710,-2.54,-1.62,7.14,1.51,0.94,0.91,0,0.02,449.67,5.03,2513093.79,4.01
891,"wikitext",983,155,180,803,-2.71,-1.75,8.75,1.58,0.93,0.93,0,0.02,543.36,5.75,3186716.23,4.74
892,"wikitext",871,155,148,723,-2.49,-1.89,7.02,1.58,0.96,0.96,0,0.03,357.93,6.62,2304839.75,5.55
893,"wikitext",856,152,158,698,-2.74,-2.3,6.58,1.72,0.98,1,0,0,358.91,9.98,2172424.31,8.91
894,"wikitext",1082,188,160,921,-2.31,-1.22,8.08,1.05,0.9,0.89,0,0.01,641.91,3.38,4839109.94,2.35
895,"wikitext",1251,238,165,1086,-2.2,-1.09,7.01,1.08,0.91,0.92,0,0.05,360.74,2.97,2419071.02,1.97
896,"wikitext",1174,222,156,1017,-2.28,-1.06,7.81,1.05,0.95,0.97,0,0.03,567.52,2.9,4336322.99,1.9
897,"wikitext",1149,216,158,991,-2.75,-1.74,8.85,1.53,0.94,0.93,0,0.01,688.71,5.73,4717871.02,4.73
898,"wikitext",1070,209,143,927,-2.48,-1.45,9.01,1.33,0.92,0.89,0,0.06,561,4.26,4107747.13,3.25
899,"wikitext",1305,260,138,1167,-2.32,-1.34,6.92,1.27,0.8,0.74,0.01,0.03,423.84,3.82,2724231.68,2.81
900,"wikitext",882,155,175,707,-2.37,-1.32,8.01,1.31,0.99,0.99,0,0.01,581.32,3.74,4169929.39,2.74
901,"wikitext",1165,221,163,1001,-2.7,-2.15,6.73,1.85,0.9,0.9,0,0.07,399.74,8.58,2251676.74,7.55
902,"wikitext",843,154,137,705,-2.29,-1.15,8.81,1.08,0.95,0.94,0,0.03,558.17,3.16,3938931.04,2.12
903,"wikitext",1239,264,148,1091,-2.05,-0.98,7.33,0.94,0.83,0.77,0.01,0.04,397.17,2.65,2933738.18,1.64
904,"wikitext",1229,265,145,1084,-2.19,-1.35,7.2,1.31,0.9,0.92,0.01,0.08,392.4,3.86,2743876.27,2.86
905,"wikitext",1122,233,142,979,-2.62,-1.69,7.1,1.43,0.91,0.86,0.01,0.04,455.99,5.42,2694489.96,4.39
906,"wikitext",908,149,165,743,-1.8,-1.04,4.61,0.97,0.96,0.96,0,0.03,262.37,2.83,1753943.45,1.81
907,"wikitext",776,134,172,604,-2.99,-2.32,8.14,1.97,0.97,1,0,0,621.16,10.12,3879181.17,9.04
908,"wikitext",802,132,171,631,-2.4,-1.36,7.42,1.23,0.99,1,0,0,590.83,3.88,4396902.64,2.87
909,"wikitext",916,163,160,756,-2.8,-1.81,8.43,1.62,0.96,1,0,0,650.89,6.11,4544212.59,5.1
910,"wikitext",1076,197,176,900,-2.14,-1.42,5.64,1.28,0.97,0.97,0,0.02,323.41,4.14,2160410.72,3.12
911,"wikitext",1084,197,164,920,-2.58,-1.6,7.04,1.4,0.96,0.96,0,0.02,540.33,4.95,3205086.25,3.91
912,"wikitext",835,141,167,668,-2.25,-1.47,5.59,1.29,0.97,0.98,0,0.02,319.59,4.35,1949949.97,3.32
913,"wikitext",1051,206,163,888,-1.9,-1.13,4.57,1.05,0.89,0.85,0.01,0.04,216.49,3.1,1272233.97,2.07
914,"wikitext",996,205,146,849,-3.16,-2.13,9.58,1.83,0.91,0.89,0,0.02,681.93,8.41,4713044.16,7.34
915,"wikitext",1256,251,166,1090,-2.43,-1.49,7.64,1.41,0.93,0.92,0,0.04,429.53,4.44,3077810.82,3.42
916,"wikitext",1269,280,121,1148,-2.66,-1.92,6.78,1.64,0.78,0.76,0.01,0.02,475.44,6.86,3179743.58,5.78
917,"wikitext",1286,263,152,1134,-2.05,-0.84,7.58,0.82,0.79,0.75,0.01,0.07,449.27,2.32,3270560.59,1.31
918,"wikitext",768,190,103,665,-2.49,-1.78,6.74,1.67,0.8,0.79,0.01,0.05,393.47,5.96,2507904.95,4.95
919,"wikitext",1097,206,158,938,-2.23,-1.43,5.98,1.3,0.92,0.92,0,0.03,419.48,4.18,2927488.28,3.15
920,"wikitext",1177,232,159,1017,-2.22,-1.17,7.43,1.12,0.9,0.9,0,0.07,383.49,3.22,2594100.75,2.21
921,"wikitext",972,186,143,829,-2.19,-1.46,5.62,1.38,0.95,0.97,0,0.03,304.23,4.33,2015083.31,3.32
922,"wikitext",1028,199,153,875,-2.43,-1.53,7.97,1.43,0.88,0.88,0.01,0.07,481.88,4.62,3153127.43,3.61
923,"wikitext",1126,208,158,967,-1.79,-1.15,3.85,1.04,0.9,0.87,0,0.04,130.51,3.18,630741.35,2.13
924,"wikitext",1214,223,166,1048,-2.16,-1.01,7.8,0.98,0.92,0.95,0,0.05,402.8,2.75,2654441.18,1.75
925,"wikitext",896,171,139,757,-2.78,-1.78,8.05,1.57,0.98,0.98,0,0.02,627.44,5.93,4560583.6,4.91
926,"wikitext",879,177,145,733,-2.74,-1.92,9.04,1.69,0.95,0.96,0,0.02,566.99,6.82,3670082.57,5.81
927,"wikitext",1707,335,144,1563,-2.3,-1.55,6.33,1.39,0.88,0.88,0,0.04,402.94,4.71,2727246.11,3.68
928,"wikitext",1205,209,159,1046,-2.63,-1.64,8.29,1.56,0.9,0.88,0,0.02,577.35,5.16,4011791.59,4.15
929,"wikitext",912,182,135,777,-2.38,-1.32,7.54,1.24,1,1,0,0,539.96,3.74,3441874.16,2.74
930,"wikitext",922,193,120,801,-2.54,-1.6,7.53,1.54,0.94,0.97,0,0.03,477.93,4.95,2657594.77,3.94
931,"wikitext",935,225,109,826,-2.76,-1.83,9.43,1.76,0.9,0.88,0.01,0.07,699.13,6.23,5005700.69,5.22
932,"wikitext",963,206,147,816,-2.78,-1.66,10.54,1.62,0.84,0.85,0,0.05,886,5.29,6554490.31,4.29
933,"wikitext",892,146,149,743,-3.04,-2.45,8.29,1.95,0.98,0.98,0,0.02,605.42,11.53,3748178.3,10.5
934,"wikitext",1073,203,148,925,-2.85,-1.83,9.04,1.61,0.93,0.92,0,0.02,619.29,6.23,3874116.89,5.21
935,"wikitext",955,156,144,811,-2.64,-1.9,6.49,1.64,0.99,1,0,0,499.2,6.68,2845336.78,5.68
936,"wikitext",1249,222,159,1090,-3.59,-2.41,13.13,1.94,0.96,0.98,0,0.02,1274.77,11.14,9431059,10.04
937,"wikitext",804,163,130,674,-2.94,-1.84,9.84,1.73,0.94,1,0,0,905.78,6.3,7213474.91,5.29
938,"wikitext",1241,243,133,1108,-3.04,-2.47,8.48,1.86,0.94,0.91,0,0.02,613.2,11.82,4132990.34,10.78
939,"wikitext",1229,275,110,1119,-2.57,-1.61,6.78,1.38,0.94,0.94,0,0.01,429.3,5,2888037.05,3.98
940,"wikitext",1079,209,148,931,-3.09,-2.38,9.07,1.97,0.88,0.89,0.01,0.1,831.15,10.8,6239104.03,9.79
941,"wikitext",1031,187,129,901,-3.07,-2.22,8.11,1.84,0.98,1,0,0,620.9,9.21,3926794.75,8.2
942,"wikitext",1021,196,145,876,-3.22,-2.34,9.24,1.72,0.97,0.99,0,0.01,814.68,10.34,5564298.83,9.28
943,"wikitext",832,164,131,701,-3.26,-2.41,9.22,1.81,0.9,0.91,0,0.04,823.81,11.14,5533167.68,10.03
944,"wikitext",850,152,168,682,-2.86,-1.83,8.55,1.52,0.97,0.97,0,0.01,790.66,6.23,6493090.63,5.17
945,"wikitext",968,193,140,828,-3.03,-1.81,11.11,1.63,0.94,0.97,0,0.03,820.36,6.11,6325406.92,5.1
946,"wikitext",833,151,168,665,-3.52,-2.91,9.71,1.67,0.99,1,0,0,994.11,18.36,7141033.83,17.21
947,"wikitext",1387,289,129,1258,-2.76,-2.12,6.41,1.69,0.97,0.99,0,0.01,463.82,8.33,3154606.3,7.31
948,"wikitext",1041,196,160,881,-2.9,-2.12,8.09,1.69,0.95,0.92,0,0.02,738.12,8.29,4995426.79,7.25
949,"wikitext",999,178,133,866,-3.27,-2.21,9.44,1.81,0.96,0.97,0,0.03,1048.85,9.12,7729745.48,8.11
950,"wikitext",816,153,146,670,-3.51,-2.75,9.46,1.73,0.96,0.95,0,0.01,917.76,15.64,6676402.41,14.47
951,"wikitext",1545,284,146,1399,-3.24,-2.27,9.16,1.92,0.97,0.96,0,0,906.07,9.68,6192695.15,8.62
952,"wikitext",1532,307,168,1364,-2.63,-1.73,8.06,1.61,0.88,0.85,0,0.06,609.33,5.64,4377241.84,4.64
953,"wikitext",1706,329,175,1531,-3.41,-2.52,10.23,1.88,0.97,0.96,0,0.01,1002.61,12.43,7103900.57,11.42
954,"wikitext",795,128,173,622,-2.35,-1.38,6.22,1.25,1,1,0,0,345.33,3.96,1292081,2.92
955,"wikitext",807,150,140,667,-2.99,-2.25,7.85,1.59,0.98,0.97,0,0.01,766.14,9.52,5918763.85,8.38
956,"wikitext",1374,258,154,1220,-1.81,-0.98,5.88,0.93,0.92,0.96,0,0.04,277.51,2.68,1759303.3,1.67
957,"wikitext",1095,215,122,972,-1.88,-1.1,5.67,1.09,0.94,0.96,0,0.04,238.69,3,1546054.59,1.99
958,"wikitext",779,141,143,636,-2.11,-1.65,4.73,1.31,0.97,0.98,0,0.02,306.45,5.21,2234014.42,4.18
959,"wikitext",1163,224,132,1030,-1.79,-0.94,4.89,0.93,0.86,0.86,0,0.01,252.12,2.54,1890613.96,1.54
960,"wikitext",901,179,119,782,-2.44,-1.49,9.81,1.39,0.93,0.93,0,0.01,526.72,4.44,3762071.92,3.44
961,"wikitext",1805,377,138,1667,-2.28,-1.42,7.04,1.33,0.85,0.86,0,0.04,383.19,4.14,2580743.9,3.13
962,"wikitext",1114,221,135,979,-2.63,-1.85,8.22,1.68,0.96,0.96,0,0.04,572.63,6.36,4444260.48,5.36
963,"wikitext",1584,327,156,1427,-2.49,-1.71,7.6,1.44,0.94,0.95,0,0.05,517.73,5.53,3812812.74,4.49
964,"wikitext",1168,225,148,1020,-2.61,-1.82,8.06,1.63,0.96,0.98,0,0.02,514.68,6.17,3745589.04,5.14
965,"wikitext",1451,283,140,1311,-2.39,-1.39,7.79,1.25,0.97,0.96,0,0.01,492.37,4.01,3341488.04,3
966,"wikitext",816,148,143,673,-2.43,-1.48,7.14,1.46,0.98,0.98,0,0.02,361.54,4.42,2289585.7,3.41
967,"wikitext",1110,205,157,953,-2.07,-1.39,4.62,1.33,0.98,1,0,0,283.98,4.01,2012569.79,3.01
968,"wikitext",1951,404,139,1811,-2.09,-1.12,6.87,1.08,0.85,0.83,0.01,0.07,318.67,3.08,2212594.21,2.08
969,"wikitext",1334,246,171,1163,-2.37,-1.64,7.58,1.48,0.97,0.97,0,0.02,478.34,5.16,3685965.81,4.15
970,"wikitext",913,159,146,766,-2.37,-1.37,8.08,1.3,1,1,0,0,478.89,3.94,3055109.2,2.94
971,"wikitext",880,160,137,743,-2.53,-1.46,8.3,1.43,0.96,0.96,0,0.01,396.27,4.33,2553004.46,3.33
972,"wikitext",826,155,150,675,-2.56,-1.61,9.07,1.49,0.93,0.92,0,0.07,555.72,5,4068745.48,3.99
973,"wikitext",925,169,155,770,-2.5,-1.5,9.2,1.45,0.99,0.99,0,0.01,554.81,4.48,3711465.55,3.48
974,"wikitext",803,158,125,677,-2.14,-1.28,5.37,1.25,0.95,1,0,0,282.64,3.62,1400778.87,2.62
975,"wikitext",1069,197,154,914,-1.94,-1.2,4.68,1.17,0.96,0.94,0,0.03,199.5,3.32,1187409.88,2.32
976,"wikitext",613,125,113,500,-2.3,-1.79,4.47,1.28,0.92,0.9,0,0.03,217.56,5.99,1129923.15,4.74
977,"wikitext",857,148,131,726,-2.26,-1.36,5.4,1.19,0.96,0.97,0,0.03,319.61,3.89,1878068.2,2.88
978,"wikitext",689,137,123,566,-2.71,-1.63,8.25,1.55,0.85,0.83,0.01,0.12,640.66,5.1,4579099.97,4.08
979,"wikitext",1003,187,142,861,-2.21,-1.23,6.24,1.15,0.98,1,0,0,422.19,3.42,2951110.27,2.42
980,"wikitext",1076,215,126,950,-2.54,-1.72,8,1.54,0.97,0.98,0,0.02,547.54,5.58,3638634.11,4.57
981,"wikitext",1013,192,123,890,-2.21,-1.48,7.18,1.27,0.99,1,0,0,484.7,4.37,3796415.26,3.34
982,"wikitext",970,182,139,831,-2.38,-1.74,7.1,1.51,0.98,0.97,0,0.01,308.27,5.67,2188867.48,4.64
983,"wikitext",1169,231,138,1031,-2.24,-1.13,8.28,1.07,0.94,0.91,0,0.03,539.51,3.1,4029435.52,2.09
984,"wikitext",825,157,129,695,-2.31,-1.62,5.97,1.48,0.93,0.94,0,0.02,288.76,5.05,1940410.37,4.04
985,"wikitext",1249,265,157,1092,-2.3,-1.08,8.22,1.03,0.73,0.65,0.04,0.17,614.98,2.94,4539076.04,1.93
986,"wikitext",744,149,122,622,-3.06,-2.21,9.82,1.85,0.94,0.95,0,0.05,953.37,9.12,7121660.66,8.08
987,"wikitext",939,163,144,794,-2.99,-1.97,10.27,1.57,0.97,0.97,0,0.02,701.34,7.17,4600129.43,6.08
988,"wikitext",770,135,132,638,-3.26,-2.03,9.84,1.73,0.99,0.99,0,0.01,873.69,7.61,5418836.63,6.56
989,"wikitext",1528,289,160,1367,-2.74,-1.72,8.19,1.4,0.94,0.91,0,0.01,648.68,5.58,4819034.1,4.52
990,"wikitext",1186,231,147,1039,-2.67,-1.58,8.17,1.39,0.89,0.86,0,0.01,645.55,4.85,4819245.12,3.84
991,"wikitext",1737,352,143,1594,-2.94,-1.98,8.75,1.7,0.91,0.88,0,0.01,745.71,7.28,5154386.63,6.27
992,"wikitext",777,130,142,635,-2.95,-1.84,9.93,1.61,0.95,0.94,0,0.02,1010.69,6.3,7165624.13,5.29
993,"wikitext",739,130,165,574,-2.94,-2.18,7.18,1.63,0.98,1,0,0,642.07,8.87,4635693.63,7.71
994,"wikitext",934,166,158,776,-2.67,-1.68,8.78,1.35,0.96,0.95,0,0.01,678.87,5.39,4984426.53,4.22
995,"wikitext",765,130,140,625,-2.79,-1.74,8.08,1.34,0.87,0.86,0,0.03,704.89,5.7,5626627.66,4.56
996,"wikitext",1389,244,143,1246,-2.94,-2.13,7.32,1.55,0.96,0.96,0,0.04,652.63,8.46,4384881.12,7.39
997,"wikitext",1396,275,125,1271,-3.02,-1.92,10.24,1.62,0.96,0.93,0,0.01,877.96,6.82,6006092.75,5.74
998,"wikitext",1070,185,165,904,-3.27,-2.1,9.28,1.62,0.96,0.97,0,0.03,807.96,8.17,5207019.26,7.02
999,"wikitext",904,162,143,761,-3.02,-2.12,8.13,1.6,0.95,0.96,0,0.04,688.67,8.37,4863800.7,7.34
1000,"wikitext",813,161,118,695,-2.54,-1.72,7.29,1.5,0.86,0.8,0.01,0.05,541.1,5.58,3946577.63,4.53
1001,"wikitext",1177,214,169,1008,-3.27,-2.34,8.72,1.71,0.98,0.99,0,0.01,757.99,10.44,5005822.51,9.32
1002,"wikitext",970,185,133,837,-3.09,-2.27,8.27,1.75,0.96,0.97,0,0.02,846.61,9.68,6057384.58,8.66
1003,"wikitext",858,161,148,710,-3.06,-1.97,10.52,1.68,0.92,0.91,0,0.02,648.22,7.17,4442361.47,6.15
1004,"wikitext",1103,207,127,976,-2.64,-1.94,7.94,1.59,0.9,0.91,0,0.03,505.41,6.96,3820299,5.95
1005,"wikitext",1437,277,123,1314,-3,-2.16,9.51,1.8,0.97,0.99,0,0.01,797.62,8.67,5450549.19,7.62
1006,"wikitext",1462,303,118,1344,-2.44,-1.55,7.05,1.45,0.9,0.89,0.01,0.08,441.47,4.71,3078964.54,3.7
1007,"wikitext",833,150,137,696,-2.53,-1.51,7.61,1.48,0.96,0.95,0,0.02,461.51,4.53,3040076.47,3.53
1008,"wikitext",1107,205,147,959,-2.6,-1.47,8.83,1.39,0.93,0.92,0,0.03,537.05,4.35,3934569.01,3.35
1009,"wikitext",1645,356,111,1534,-2.76,-1.98,7.8,1.66,0.84,0.8,0.01,0.04,586.79,7.21,4247087.05,6.17
1010,"wikitext",862,141,162,700,-3.06,-2.38,7.07,1.63,0.95,0.96,0,0.03,581.3,10.8,3329298.75,9.66
1011,"wikitext",859,141,141,718,-2.74,-2.09,6.62,1.7,0.9,0.88,0,0.02,461.65,8.08,2866419.27,7.02
1012,"wikitext",1121,208,133,988,-2.66,-1.8,6.38,1.45,0.92,0.91,0,0.02,508.65,6.05,3367299,4.89
1013,"wikitext",899,167,170,729,-3.4,-2.71,10.42,1.96,0.97,0.99,0,0.01,856.54,15.03,5713243.67,13.88
1014,"wikitext",1177,200,183,994,-2.85,-2.2,7.31,1.53,0.96,0.95,0,0.03,579.61,8.98,4114987.03,7.92
1015,"wikitext",2103,406,165,1938,-2.49,-1.8,6.77,1.47,0.87,0.85,0,0.03,409.73,6.02,2884534.77,4.95
1016,"wikitext",1271,248,131,1139,-2.45,-1.58,6.65,1.43,0.93,0.93,0,0.03,505.74,4.83,3389555.26,3.82
1017,"wikitext",1631,311,152,1479,-2.68,-2.01,7.53,1.62,0.96,0.97,0,0.03,589.21,7.46,4142331.23,6.42
1018,"wikitext",2018,392,127,1891,-2.91,-2.34,8.07,1.88,0.91,0.9,0,0.02,526.42,10.33,3283968.05,9.27
1019,"wikitext",1539,272,148,1391,-2.84,-1.76,7.88,1.5,0.92,0.91,0,0.02,546.51,5.84,3646003.82,4.77
1020,"wikitext",2039,383,159,1880,-2.61,-1.75,7.11,1.33,0.91,0.93,0.01,0.07,537.06,5.75,4164558.41,4.71
1021,"wikitext",2213,429,186,2026,-2.58,-1.66,8.13,1.51,0.91,0.9,0,0.01,571.17,5.26,4133377.2,4.25
1022,"wikitext",1461,270,123,1338,-2.81,-2.18,7.04,1.6,0.96,0.97,0,0.03,466.21,8.9,3086540.68,7.74
1023,"wikitext",1430,269,150,1280,-2.8,-1.86,8.25,1.52,0.95,0.97,0,0.03,579.01,6.42,4101573.42,5.35
1024,"wikitext",1075,200,135,939,-2.92,-1.98,9.65,1.62,0.97,0.99,0,0.01,557.75,7.28,3977468.47,6.17
1025,"wikitext",1802,370,136,1666,-2.4,-1.52,6.9,1.37,0.79,0.74,0.01,0.02,451.89,4.58,3202515.96,3.56
1026,"wikitext",1039,190,115,924,-2.99,-2.15,8.38,1.67,0.95,0.93,0,0.03,765.32,8.58,4941726.24,7.46
1027,"wikitext",565,128,92,472,-2.43,-1.42,8.37,1.36,0.99,1,0,0,416.21,4.16,2819893.76,3.15
1028,"wikitext",837,162,129,707,-2.93,-1.99,9.49,1.7,0.94,0.92,0,0.02,888.09,7.32,6533264.39,6.27
1029,"wikitext",1142,226,154,988,-2.58,-1.61,7.52,1.44,0.91,0.9,0,0.04,537.51,5,3648768.76,3.93
1030,"wikitext",796,130,144,652,-2.56,-1.81,6.37,1.49,0.97,0.97,0,0.01,427.98,6.08,2666857.58,4.96
1031,"wikitext",1029,191,154,875,-3.12,-1.94,10.36,1.41,0.9,0.88,0,0.02,953.6,6.96,6787964.41,5.73
1032,"wikitext",1105,207,170,935,-3.15,-2.36,8.78,1.85,0.94,0.93,0,0.02,679.83,10.59,4559290.57,9.44
1033,"wikitext",1059,182,162,897,-2.72,-2.01,6.9,1.52,0.97,0.97,0,0.03,591.93,7.46,3843124.91,6.46
1034,"wikitext",799,145,143,656,-2.05,-1.05,5.71,1.03,0.95,0.96,0,0.02,297.31,2.86,1655178.23,1.85
1035,"wikitext",1174,208,147,1027,-3.38,-2.78,8.38,2.1,0.98,0.99,0,0.01,756.96,16.2,4737271.93,15.01
1036,"wikitext",955,161,170,784,-2.51,-1.83,5.99,1.46,0.93,0.92,0,0.01,261.67,6.23,1457776.7,5.17
1037,"wikitext",1025,197,87,937,-2.75,-2.01,7.59,1.55,0.92,0.88,0,0.01,483.69,7.46,3001530.97,6.39
1038,"wikitext",893,145,150,743,-3.39,-2.37,10.58,1.88,1,1,0,0,1096.2,10.7,7643260.61,9.66
1039,"wikitext",1083,186,181,902,-3.38,-2.55,9.61,2.14,0.95,0.96,0,0.04,714.48,12.88,4552678.43,11.85
1040,"wikitext",1094,218,138,955,-2.75,-1.83,7.63,1.6,0.94,0.93,0,0.03,559.92,6.2,3603631.97,5.21
1041,"wikitext",1445,243,158,1287,-3.38,-2.31,10.25,1.87,0.97,0.98,0,0.02,1017.85,10.07,7393663.79,9.06
1042,"wikitext",1692,352,147,1545,-2.7,-1.68,7.55,1.46,0.8,0.79,0,0.01,596.04,5.37,4084720.05,4.33
1043,"wikitext",1871,390,133,1738,-2.72,-1.85,7.32,1.62,0.8,0.81,0,0.02,624.84,6.36,4235962.98,5.32
1044,"wikitext",1235,261,116,1119,-2.78,-1.99,7.6,1.68,0.79,0.8,0,0.02,678.47,7.32,4510931.21,6.3
1045,"wikitext",1414,313,131,1283,-2.69,-1.49,8.5,1.38,0.68,0.69,0.01,0.04,674.69,4.44,4731875.09,3.4
1046,"wikitext",1619,349,118,1501,-2.65,-1.65,7.67,1.47,0.74,0.76,0.01,0.01,559.13,5.21,3763747.56,4.15
1047,"wikitext",1395,301,138,1257,-2.47,-1.59,7.08,1.43,0.76,0.79,0.01,0.03,463.32,4.9,2916855.13,3.88
1048,"wikitext",1276,273,114,1162,-2.52,-1.73,6.89,1.53,0.8,0.83,0.01,0.03,474.05,5.64,3225826.75,4.62
1049,"wikitext",1301,283,112,1189,-2.49,-1.58,6.53,1.33,0.75,0.77,0.01,0.03,475.02,4.85,3504231.46,3.81
1050,"wikitext",1172,241,113,1059,-2.77,-1.97,7.27,1.56,0.8,0.83,0.01,0.02,563.16,7.17,3435413.82,6.11
1051,"wikitext",1052,226,134,917,-3.2,-2.16,10.43,1.81,0.79,0.81,0.01,0.03,794.73,8.68,5752011.61,7.65
1052,"wikitext",1429,303,125,1304,-2.73,-1.91,7.76,1.75,0.76,0.78,0.01,0.03,609.5,6.75,4258186.23,5.73
1053,"wikitext",1375,298,90,1284,-2.83,-1.88,7.39,1.71,0.84,0.83,0,0.01,585.13,6.58,3715116.79,5.58
1054,"wikitext",1030,218,95,935,-2.86,-1.92,8.23,1.64,0.89,0.9,0,0.02,751.16,6.86,5449750.09,5.77
1055,"wikitext",1224,265,90,1133,-2.77,-1.77,8.71,1.57,0.83,0.82,0,0.03,758.35,5.87,5553280.76,4.84
1056,"wikitext",1073,239,135,938,-2.51,-1.82,7.4,1.52,0.77,0.75,0.02,0.13,378.78,6.17,2514117.24,5.15
1057,"wikitext",971,212,117,854,-2.51,-1.58,7.43,1.46,0.65,0.68,0.02,0.07,547.12,4.85,3925125.65,3.81
1058,"wikitext",777,145,128,648,-3.08,-2.18,8.87,1.65,0.93,0.93,0,0.01,828.59,8.85,6046467.54,7.79
1059,"wikitext",787,141,99,688,-2.92,-2.14,7.42,1.62,0.98,1,0,0,527.26,8.5,2927028.61,7.33
1060,"wikitext",861,141,166,695,-3.32,-2.41,9.96,1.77,0.97,0.95,0,0.01,899.02,11.13,6095573.23,10.09
1061,"wikitext",694,145,136,558,-3.23,-1.94,10.71,1.77,0.78,0.79,0.01,0.03,1017.15,6.96,7061343.32,5.95
1062,"wikitext",773,179,145,627,-2.1,-1.02,7.17,0.98,0.86,0.85,0.01,0.09,565.13,2.77,4193576.01,1.76
1063,"wikitext",981,176,159,822,-2.58,-1.53,9.43,1.35,0.95,0.96,0,0.04,677.28,4.62,5391644.57,3.52
1064,"wikitext",826,157,156,670,-2.41,-1.81,7.92,1.33,0.96,0.99,0,0.01,271.04,6.11,1914459.25,4.94
1065,"wikitext",796,153,151,645,-2.61,-1.89,7.91,1.68,0.82,0.77,0.01,0.05,440.53,6.62,2991813.67,5.59
1066,"wikitext",738,138,157,581,-2.76,-2,6.78,1.52,0.99,1,0,0,507.08,7.39,3567716.04,6.26
1067,"wikitext",807,137,135,672,-2.67,-1.79,9.02,1.44,0.97,0.96,0,0.01,747.9,5.99,5756606.95,4.84
1068,"wikitext",844,156,149,695,-2.55,-1.48,8.87,1.32,0.96,0.98,0,0.02,634.41,4.38,4455775.65,3.28
1069,"wikitext",670,137,119,550,-2.16,-1.58,4.66,1.39,0.92,0.89,0,0.06,204.95,4.85,645029.4,3.82
1070,"wikitext",745,144,119,626,-2.28,-1.35,6.58,1.14,0.98,1,0,0,481.18,3.84,3709252.59,2.77
1071,"wikitext",848,164,154,694,-2.2,-1.32,6.7,1.2,0.95,0.96,0,0.03,374.39,3.74,2686868.51,2.71
1072,"wikitext",1312,256,146,1166,-2.28,-1.5,6.26,1.37,0.97,0.96,0,0.03,378.88,4.48,2592750.49,3.43
1073,"wikitext",741,132,135,606,-2.81,-1.74,10.87,1.61,0.97,0.96,0,0.01,801.22,5.67,6097497.76,4.62
1074,"wikitext",773,135,157,616,-2.45,-1.71,6.23,1.35,0.99,0.99,0,0.01,457.2,5.53,3333959.34,4.48
1075,"wikitext",726,135,117,609,-2.63,-1.79,7.25,1.52,0.94,0.95,0,0.05,441.91,5.99,3107438.19,4.86
1076,"wikitext",753,133,131,621,-1.62,-0.67,3.89,0.65,0.89,0.94,0.01,0.06,172.38,1.95,1161552.53,0.93
1077,"wikitext",1326,251,135,1191,-2.82,-2.15,6.36,1.6,0.91,0.92,0,0.01,524.26,8.58,3630584.67,7.43
1078,"wikitext",1055,189,175,879,-2.86,-2.38,6.99,1.71,0.98,0.99,0,0.01,532.62,10.8,3715844.53,9.49
1079,"wikitext",833,152,184,649,-2.52,-1.88,7.05,1.41,0.95,0.94,0,0.02,606.11,6.58,4196338.71,5.42
1080,"wikitext",1232,238,148,1084,-2.57,-1.86,6.46,1.54,0.99,0.99,0,0.01,390.33,6.39,2601572.08,5.34
1081,"wikitext",836,143,153,682,-3.03,-2.18,9.63,1.7,0.99,1,0,0,676.29,8.85,4818861.89,7.79
1082,"wikitext",693,137,136,556,-3.05,-2.26,7.81,1.81,0.92,0.92,0,0.03,725.09,9.58,4686162.67,8.49
1083,"wikitext",751,136,140,610,-2.81,-1.3,10.61,1.25,0.92,0.92,0,0.01,920.2,3.67,6979174.47,2.66
1084,"wikitext",1038,177,149,889,-3.41,-2.41,11.35,1.92,0.99,0.99,0,0.01,1069.24,11.13,7431454.93,10.1
1085,"wikitext",824,138,144,679,-2.85,-1.75,9.05,1.65,1,1,0,0,789.26,5.78,5778417.06,4.78
1086,"wikitext",968,189,138,830,-3.13,-2.05,9.9,1.9,0.95,0.93,0,0.01,864.97,7.77,5361863.09,6.76
1087,"wikitext",959,180,137,822,-3.1,-2.34,9.82,1.9,0.98,0.97,0,0.01,858.95,10.44,6546810.38,9.35
1088,"wikitext",997,171,151,846,-3.01,-2.22,7.24,1.65,0.99,0.99,0,0.01,635.41,9.21,4038253.36,8.05
1089,"wikitext",792,138,149,642,-3.1,-2.45,8.22,1.76,0.97,0.96,0,0.01,634.21,11.54,4583340.03,10.28
1090,"wikitext",2056,384,184,1872,-3.33,-2.5,9.2,1.88,0.91,0.89,0,0.02,916.36,12.18,6478800.11,10.97
1091,"wikitext",1322,240,169,1152,-3.76,-2.98,10.82,2.05,0.95,0.96,0,0.04,1019.55,19.59,6441256.25,18.32
1092,"wikitext",1340,251,151,1189,-3.4,-2.54,7.73,1.71,0.97,0.97,0,0.02,689.38,12.68,3926419.26,11.43
1093,"wikitext",970,178,144,826,-3.66,-2.84,10.01,2.09,0.99,0.98,0,0.01,1034.46,17.2,6946499.2,15.94
1094,"wikitext",1946,360,139,1807,-3.58,-2.72,9.8,2.09,0.97,0.97,0,0.02,1084.48,15.26,7583181.19,14.07
1095,"wikitext",1309,269,139,1169,-3.34,-2.47,8.72,1.82,0.98,0.97,0,0.01,805.87,11.82,5523491,10.61
1096,"wikitext",1534,304,150,1384,-3.25,-2.43,9.5,1.93,0.95,0.94,0,0.02,949.93,11.36,6579462.12,10.27
1097,"wikitext",1165,221,168,996,-3.28,-2.51,9.98,1.86,0.99,0.99,0,0.01,861.32,12.3,6472831.06,11.21
1098,"wikitext",1089,196,113,976,-3.66,-2.97,9.62,2.24,0.95,0.95,0,0.01,982.18,19.5,6066350.23,18.35
1099,"wikitext",1245,224,158,1087,-3.41,-2.6,10.21,2.04,0.98,0.98,0,0.02,964.03,13.4,6915076.67,12.39
1100,"wikitext",1099,197,179,920,-3.28,-1.99,10.99,1.57,0.98,0.98,0,0.01,854.43,7.32,6349613.93,6.28
1101,"wikitext",1336,247,124,1212,-3.52,-2.58,9.79,1.96,0.96,0.94,0,0.01,1138.89,13.2,7839562.62,12.14
1102,"wikitext",1277,242,138,1139,-3.62,-2.84,10.13,2.04,0.97,0.97,0,0.02,1164.04,17.04,8803427.86,15.9
1103,"wikitext",908,152,165,743,-2.56,-1.58,6.88,1.38,0.99,0.98,0,0.01,459.06,4.85,2910965.96,3.83
1104,"wikitext",890,161,161,728,-3.16,-1.72,11.68,1.57,0.99,1,0,0,859.31,5.58,6085481.95,4.54
1105,"wikitext",1294,232,177,1117,-3.09,-2.15,10.57,1.73,0.96,0.97,0,0.01,832.13,8.59,6065303.82,7.55
1106,"wikitext",1063,196,151,912,-3.1,-2.24,8.93,1.68,0.98,0.98,0,0.01,722.15,9.36,4666744.82,8.23
1107,"wikitext",1020,180,141,879,-3.16,-2.38,8.09,1.7,0.99,0.99,0,0.01,752.09,10.75,4977109.71,9.34
1108,"wikitext",1497,288,154,1343,-3.08,-2.19,8.89,1.69,0.96,0.94,0,0.01,744.08,8.94,5505753.3,7.93
1109,"wikitext",735,128,172,563,-3.6,-2.56,9.78,1.81,0.98,0.97,0,0.03,884.54,13,5985064.61,11.8
1110,"wikitext",1312,269,159,1153,-2.57,-1.88,5.76,1.28,0.96,0.95,0,0.01,365.25,6.55,2364764.2,5.34
1111,"wikitext",990,193,139,851,-2.79,-2.03,7.49,1.67,0.96,0.96,0,0.01,528.5,7.61,3437597.25,6.61
1112,"wikitext",1530,311,131,1398,-3.06,-2.46,8.24,1.75,0.92,0.9,0,0.01,750.19,11.7,5219638.37,10.62
1113,"wikitext",1770,354,123,1646,-3.1,-2.21,8.46,1.73,0.97,0.96,0,0.01,844.2,9.12,6000085.72,7.98
1114,"wikitext",1265,250,155,1110,-3.31,-2.25,11.51,1.96,0.9,0.89,0,0.01,1126.13,9.48,8318146.17,8.42
1115,"wikitext",1345,259,128,1217,-3.22,-2.18,10.66,1.87,0.91,0.92,0,0.04,1004.55,8.85,7208949.18,7.82
1116,"wikitext",1494,307,158,1336,-3.39,-2.31,9.87,1.86,0.93,0.96,0,0.04,892.06,10.07,5824486.44,9.03
1117,"wikitext",1507,306,139,1368,-3.05,-2.17,8.22,1.64,0.97,1,0,0,743.66,8.76,5083634.04,7.66
1118,"wikitext",1057,206,161,896,-3.04,-2.28,8.14,1.77,0.95,0.94,0,0.01,671.91,9.73,4686673.72,8.7
1119,"wikitext",1728,332,144,1583,-3.06,-2.28,7.59,1.58,0.95,0.95,0,0.02,691.89,9.77,4762791.57,8.61
1120,"wikitext",1075,187,146,929,-3.1,-2.48,7.25,1.76,0.98,0.99,0,0.01,659.61,11.94,4859499.17,10.75
1121,"wikitext",1005,175,146,859,-3,-2.14,8.66,1.79,0.96,0.98,0,0.02,513.03,8.5,3030879.35,7.42
1122,"wikitext",2125,429,156,1969,-3.41,-2.68,8.31,1.91,0.94,0.93,0,0.03,837.98,14.59,5640384.28,13.35
1123,"wikitext",1465,269,163,1302,-3.31,-2.59,8.84,1.85,0.95,0.95,0,0.01,857.06,13.33,6389003.08,12.03
1124,"wikitext",991,175,172,819,-3.52,-2.86,8.05,1.94,0.99,0.99,0,0.01,853.48,17.46,5479522.53,16.38
1125,"wikitext",972,184,118,854,-2.75,-1.5,9.11,1.43,0.91,0.93,0,0.07,817.03,4.51,5914373.58,3.5
1126,"wikitext",1151,206,169,982,-3.35,-2.52,9.97,2.02,0.99,1,0,0,962.72,12.43,6651576.97,11.37
1127,"wikitext",869,174,160,709,-2.85,-1.78,10.24,1.65,0.9,0.9,0,0.03,673.86,5.96,5111645.47,4.92
1128,"wikitext",1032,187,174,857,-2.62,-1.71,8.27,1.4,0.9,0.91,0.01,0.08,518.89,5.53,3633828.75,4.5
1129,"wikitext",945,182,118,827,-2.43,-1.54,7.18,1.44,0.76,0.75,0.01,0.03,539.64,4.66,4054365.69,3.65
1130,"wikitext",1680,322,130,1550,-2.98,-2.14,8.46,1.73,0.94,0.94,0,0.02,682.31,8.5,4658573.46,7.47
1131,"wikitext",1638,311,134,1504,-3.35,-2.32,9.85,1.95,0.97,0.97,0,0.01,992.02,10.18,6490148.55,9.17
1132,"wikitext",1433,282,144,1288,-3.39,-2.12,10.58,1.7,0.93,0.89,0,0.01,1094.86,8.3,7825659.02,7.24
1133,"wikitext",2043,398,145,1898,-3.28,-2.04,9.55,1.7,0.91,0.91,0,0.02,913.78,7.73,6200593.45,6.7
1134,"wikitext",1518,258,177,1341,-3.39,-2.62,10.65,2.02,0.96,0.98,0,0.02,869.33,13.8,5716519.92,12.72
1135,"wikitext",1417,258,167,1250,-2.49,-1.69,7.73,1.53,0.9,0.88,0,0.05,541.28,5.45,3961587.09,4.43
1136,"wikitext",843,137,153,690,-3.08,-2.09,9.61,1.67,1,1,0,0,660.15,8.08,4122879.86,7.04
1137,"wikitext",851,134,155,696,-2.97,-2.17,7.94,1.64,0.99,0.99,0,0.01,475.89,8.76,2941149.43,7.52
1138,"wikitext",720,128,145,575,-3.34,-2.71,10.11,2.22,0.91,0.9,0.01,0.1,982.96,15.08,7082121.72,14.01
1139,"wikitext",860,135,168,692,-2.85,-2.06,8.84,1.74,0.96,0.95,0,0.01,701.89,7.85,5169610.43,6.81
1140,"wikitext",969,158,172,797,-2.84,-1.9,7.03,1.45,0.99,1,0,0,489.52,6.72,2759494.55,5.46
1141,"wikitext",1195,212,159,1036,-2.93,-1.7,10.13,1.5,0.93,0.92,0,0.01,788.21,5.48,5482906.37,4.43
1142,"wikitext",1048,192,183,865,-3.22,-2.19,10.06,1.69,0.9,0.9,0,0.02,884.42,8.94,5854997.9,7.85
1143,"wikitext",986,148,171,815,-2.71,-1.51,8.2,1.33,0.98,0.97,0,0.01,522.35,4.54,3407711.53,3.5
1144,"wikitext",779,143,147,632,-2.86,-2.06,9.13,1.65,0.98,0.99,0,0.01,673.46,7.85,4972518.05,6.81
1145,"wikitext",644,123,147,497,-2.27,-1.55,5.47,1.42,0.98,0.98,0,0.01,314.28,4.71,1659049.46,3.71
1146,"wikitext",785,160,112,673,-3.23,-2.25,10.11,1.65,0.98,0.98,0,0.02,1016.28,9.48,7370366.01,8.45
1147,"wikitext",742,147,142,600,-2.56,-1.54,7.27,1.48,0.99,0.98,0,0.01,541.08,4.66,3713341.73,3.64
1148,"wikitext",822,157,130,692,-2.99,-1.99,8.85,1.76,0.99,0.99,0,0,734.2,7.32,5146843.05,6.27
1149,"wikitext",804,137,157,647,-3.05,-2.62,7.74,2.02,0.98,0.99,0,0.01,486.99,13.74,2687614.29,12.46
1150,"wikitext",734,135,140,594,-3.39,-2.97,7.26,1.98,0.99,1,0,0,610.08,19.49,2752817.62,18.33
1151,"wikitext",785,158,123,661,-3.15,-2.64,9.12,2.1,0.98,0.98,0,0.01,739.2,14.01,4865909.21,12.93
1152,"wikitext",1488,254,137,1351,-2.36,-1.64,5.51,1.3,0.92,0.94,0,0.04,257.39,5.18,1288819.61,4.13
1153,"wikitext",853,170,126,727,-3.98,-3.54,9.12,2.15,0.97,0.97,0,0.03,995.51,34.48,6354150.45,32.73
1154,"wikitext",815,147,121,694,-3.36,-2.75,8.8,2.22,0.98,0.99,0,0.01,779.38,15.64,5042036.13,14.62
1155,"wikitext",889,168,128,761,-2.44,-1.54,7.49,1.42,0.97,0.98,0,0.02,556.5,4.64,3980278.75,3.63
1156,"wikitext",1217,235,162,1055,-2.94,-2,9.18,1.66,0.93,0.94,0,0.04,648.75,7.39,4523165.64,6.38
1157,"wikitext",868,142,189,678,-2.7,-1.95,7.2,1.57,0.97,0.97,0,0.03,581.57,7.08,3390389.35,6.07
1158,"wikitext",876,172,136,740,-2.61,-1.66,7.06,1.28,0.83,0.79,0.01,0.08,644.29,5.29,5054153.54,4.23
1159,"wikitext",814,161,147,667,-2.59,-1.64,9.15,1.54,0.95,0.96,0,0.04,610.44,5.16,4427194.36,4.13
1160,"wikitext",906,145,152,754,-2.2,-1.1,6.69,1.09,0.94,0.97,0,0.03,392.38,3,2559436.24,2
1161,"wikitext",672,150,102,570,-2.2,-1.23,7.52,1.21,0.88,0.93,0.01,0.07,407.68,3.42,3229505.27,2.42
1162,"wikitext",945,158,153,791,-2.49,-1.92,5.39,1.41,0.91,0.9,0,0.03,341.33,6.86,2412946.15,5.82
1163,"wikitext",659,131,169,489,-1.88,-0.61,6.86,0.61,0.8,0.73,0.03,0.15,408.46,1.84,3040346.26,0.84
1164,"wikitext",922,174,170,752,-2.76,-1.74,8.32,1.48,0.96,0.95,0,0.01,639.64,5.7,4140104.78,4.68
1165,"wikitext",727,151,138,589,-3.26,-2.34,10.6,2.02,0.98,0.99,0,0.01,953.17,10.38,5912327.71,9.36
1166,"wikitext",1167,227,164,1003,-2.6,-1.82,6.89,1.61,0.92,0.99,0.01,0.01,526.43,6.17,3602446.13,5.15
1167,"wikitext",635,130,131,504,-3.07,-1.94,9.92,1.62,0.98,0.98,0,0.02,859.19,6.93,6029043.08,5.8
1168,"wikitext",1261,215,135,1126,-2.61,-1.54,7.63,1.31,0.91,0.92,0,0.03,587.69,4.66,3716113.66,3.61
1169,"wikitext",921,193,133,788,-2.41,-1.48,7.66,1.47,0.96,0.95,0,0.02,505.77,4.39,3685432.89,3.39
1170,"wikitext",653,138,132,520,-2.58,-1.4,9.27,1.4,0.97,1,0,0,649.83,4.04,3905271.12,3.04
1171,"wikitext",682,132,167,515,-2.9,-2.12,9.09,1.85,0.99,1,0,0,718.93,8.46,5363728.49,7.44
1172,"wikitext",828,154,149,679,-3.04,-2.08,9.48,1.96,0.96,0.99,0,0.01,734.83,7.97,4584939.72,6.96
1173,"wikitext",1152,230,132,1020,-2.79,-1.93,8.88,1.57,0.94,0.95,0,0.05,661.79,6.89,4588734.53,5.77
1174,"wikitext",978,188,128,850,-2.63,-1.87,6.14,1.17,0.94,0.93,0,0.04,448.13,6.46,3345325.19,5.13
1175,"wikitext",1211,233,150,1061,-3.11,-1.86,10.34,1.8,0.95,0.93,0,0.04,955.52,6.42,6463826.37,5.42
1176,"wikitext",959,162,133,826,-3.2,-2.29,8.05,1.48,0.94,0.91,0,0.02,888.2,9.87,5938747.48,8.67
1177,"wikitext",747,129,128,619,-2.32,-1.39,5.87,1.27,0.98,0.97,0,0.01,363.11,4.01,2300121.86,3
1178,"wikitext",957,175,141,816,-2.74,-1.69,8.94,1.44,0.97,1,0,0,708.38,5.42,5282092.92,4.35
1179,"wikitext",1249,219,172,1077,-2.69,-1.7,8.73,1.57,0.94,0.92,0,0.02,572.22,5.47,4177993.95,4.43
1180,"wikitext",1994,397,151,1843,-2.61,-1.67,8,1.47,0.92,0.89,0,0.01,587.26,5.31,4293138.24,4.27
1181,"wikitext",1670,325,150,1520,-2.56,-1.59,7.41,1.28,0.92,0.89,0,0.02,472.82,4.9,3302311.95,3.87
1182,"wikitext",1442,273,146,1296,-3.02,-1.99,8.93,1.64,0.95,0.95,0,0.02,750.67,7.32,5474498.55,6.27
1183,"wikitext",1022,183,162,860,-3,-2.17,9.1,1.82,0.94,0.95,0,0.01,621.33,8.76,3973490.98,7.74
1184,"wikitext",2540,507,153,2387,-2.7,-1.75,7.97,1.42,0.92,0.9,0,0.03,619.47,5.75,3875499.33,4.68
1185,"wikitext",1122,212,160,962,-2.9,-2.13,8.33,1.71,0.96,0.96,0,0.01,733.82,8.41,5498541.14,7.39
1186,"wikitext",743,129,163,580,-2.94,-1.77,8.45,1.46,0.97,0.97,0,0.02,842.3,5.87,6306255.58,4.84
1187,"wikitext",1316,244,154,1162,-2.84,-2,8.71,1.63,0.99,0.99,0,0.01,594.55,7.39,3973888.56,6.35
1188,"wikitext",1003,157,158,845,-2.81,-2.2,7.78,1.77,0.97,0.96,0,0,568.66,9.03,3923045.93,7.9
1189,"wikitext",1877,319,185,1691,-3.06,-2.09,8.59,1.66,0.98,0.98,0,0.02,761.77,8.08,5274177.99,6.99
1190,"wikitext",965,173,131,833,-2.7,-1.83,7.52,1.4,0.94,0.94,0,0.02,564.93,6.23,4208758.25,5.12
1191,"wikitext",1151,215,148,1003,-2.6,-1.77,6.77,1.41,0.96,0.95,0,0.01,426.11,5.87,2466243.95,4.79
1192,"wikitext",1063,179,169,894,-2.88,-1.88,8.93,1.45,0.93,0.92,0,0.01,673.81,6.55,4586792.32,5.41
1193,"wikitext",859,142,163,696,-2.5,-1.59,8.64,1.35,0.95,0.94,0,0.02,477.27,4.9,3278261.54,3.77
1194,"wikitext",980,185,161,819,-2.86,-1.89,8.43,1.66,0.97,0.97,0,0.02,625.51,6.62,4584820.04,5.6
1195,"wikitext",1298,259,136,1162,-2.95,-2.03,10.49,1.53,0.94,0.92,0,0.01,810.31,7.61,6191725.62,6.53
1196,"wikitext",760,128,140,619,-1.91,-1.2,3.68,1.02,0.92,0.91,0,0.05,126.42,3.34,794755.42,2.25
1197,"wikitext",1037,207,110,927,-1.95,-0.78,5.92,0.75,0.73,0.64,0.04,0.11,345,2.18,2180612.11,1.16
1198,"wikitext",1097,186,169,928,-2.44,-1.6,6.26,1.21,0.92,0.94,0.01,0.06,450.98,4.93,3339994.07,3.87
1199,"wikitext",1540,319,136,1404,-2.86,-2.15,7.9,1.63,0.89,0.87,0,0.04,642.05,8.58,4518976.31,7.39
1200,"wikitext",1652,326,161,1491,-2.82,-1.98,7.49,1.65,0.93,0.94,0,0.02,511.53,7.24,3340272.72,6.21
1201,"wikitext",982,167,179,803,-2.42,-1.42,8.72,1.26,0.95,0.95,0,0.02,568.56,4.14,3876309.45,3.12
1202,"wikitext",931,185,166,765,-2.83,-2.02,9.47,1.74,0.93,0.98,0.01,0.02,838.49,7.54,6254680.94,6.51
1203,"wikitext",1052,226,109,943,-2.43,-1.4,7.93,1.31,0.86,0.88,0.01,0.06,520.47,4.04,2943548.23,3.02
1204,"wikitext",908,192,130,778,-2.55,-1.32,9.84,1.28,0.9,0.93,0.01,0.07,715.36,3.72,4909148.03,2.71
1205,"wikitext",807,134,154,653,-3.2,-1.96,11.15,1.61,0.9,0.96,0.01,0.04,972.57,7.16,7592795.65,6.11
1206,"wikitext",1082,198,140,942,-3.01,-2.32,8.09,1.99,0.89,0.88,0,0.04,571.37,10.19,3792958.52,9.15
1207,"wikitext",964,152,161,803,-3.6,-2.74,9.74,1.91,0.98,0.98,0,0.02,1109.86,15.49,7806918.45,14.12
1208,"wikitext",492,146,49,443,-2.44,-1.23,8.99,1.21,0.84,0.83,0.01,0.03,439.94,3.44,3323061.44,2.44
1209,"wikitext",1254,241,125,1129,-2.36,-1.52,6.49,1.28,0.97,0.96,0,0.01,455.91,4.57,3205639.78,3.49
1210,"wikitext",986,182,144,841,-3.01,-1.96,8.63,1.56,0.94,0.95,0,0.03,725.63,7.14,5134662.27,6.12
1211,"wikitext",1021,219,119,901,-2.86,-1.81,8.8,1.61,0.94,0.93,0,0.02,715.38,6.11,5009757.72,5.09
1212,"wikitext",722,135,127,595,-3.15,-2.28,9.31,1.85,0.96,0.98,0,0.02,755.83,9.78,5042817.66,8.62
1213,"wikitext",1043,194,112,930,-2.12,-1.08,5.15,1.04,0.95,0.95,0,0.02,230.41,2.96,1392833.53,1.96
1214,"wikitext",1065,218,134,930,-2.41,-1.72,6.76,1.46,0.97,0.97,0,0.01,296.47,5.58,1945957.47,4.58
1215,"wikitext",1136,237,143,992,-2.2,-1.06,8.04,1.04,0.93,0.9,0,0.03,509.24,2.89,3722278.37,1.89
1216,"wikitext",773,131,164,609,-3.05,-1.96,10.03,1.69,0.98,0.98,0,0.02,828.12,7.1,6327519.21,6.09
1217,"wikitext",709,150,137,571,-2.8,-1.65,11.18,1.56,0.87,0.85,0.01,0.04,778.71,5.2,5633273.24,4.2
1218,"wikitext",694,132,140,554,-2.64,-1.88,7.54,1.55,0.94,0.94,0,0.02,556.68,6.58,4004659.79,5.54
1219,"wikitext",1276,311,142,1134,-2.51,-1.71,7.99,1.62,0.73,0.7,0.01,0.04,544.35,5.53,3693162.7,4.51
1220,"wikitext",934,185,143,791,-2.59,-1.5,10.06,1.37,0.97,0.96,0,0.01,704.8,4.48,4874094.34,3.47
1221,"wikitext",767,161,113,654,-2.69,-1.72,7.31,1.53,0.96,0.97,0,0.03,476.48,5.58,3220737.31,4.52
1222,"wikitext",589,128,125,464,-3.03,-1.97,8.84,1.83,0.93,0.93,0,0.01,581.66,7.17,3272010.63,6.16
1223,"wikitext",1074,239,124,950,-2.55,-1.71,7.65,1.6,0.87,0.87,0,0.01,598.1,5.53,4218115.04,4.52
1224,"wikitext",753,143,143,610,-2.6,-1.68,7.82,1.43,0.97,0.97,0,0.02,456.75,5.37,2991594.34,4.34
1225,"wikitext",746,137,144,602,-2.48,-1.45,8.82,1.21,0.96,0.96,0,0.04,478.54,4.26,3671909.25,3.14
1226,"wikitext",891,159,165,726,-2.44,-1.53,7.63,1.34,0.91,0.89,0,0.01,670.48,4.62,5722341.85,3.61
1227,"wikitext",1150,235,126,1023,-2.84,-1.98,8.19,1.66,0.87,0.85,0,0.02,651.85,7.24,4961990.54,6.22
1228,"wikitext",761,156,115,646,-3.49,-2.78,9.4,2.04,0.93,0.96,0,0.04,781.95,16.04,5069727.19,14.79
1229,"wikitext",764,164,119,645,-2.68,-1.54,7.74,1.5,0.97,0.98,0,0.02,480.52,4.7,2514257.45,3.69
1230,"wikitext",855,190,115,739,-2.4,-1.56,7.26,1.45,0.92,0.93,0,0.03,478.96,4.73,3193655.27,3.7
1231,"wikitext",1126,229,139,987,-2.89,-1.86,9.4,1.68,0.92,0.89,0,0.02,850.55,6.42,6141862.12,5.4
1232,"wikitext",1278,293,140,1138,-2.43,-1.36,7.84,1.32,0.84,0.81,0.01,0.02,473.23,3.9,3180296.57,2.89
1233,"wikitext",1124,204,147,977,-3.14,-2.08,9.18,1.64,0.96,0.95,0,0.01,974.86,8.04,7058278.78,6.99
1234,"wikitext",884,166,153,731,-3.13,-1.86,10.46,1.75,0.96,0.96,0,0.01,985.87,6.46,6524434.63,5.44
1235,"wikitext",797,151,113,683,-2.98,-1.79,10.18,1.46,0.96,0.95,0,0.01,1043.74,5.99,7942392.59,4.93
1236,"wikitext",1104,216,111,993,-2.89,-2.01,7.7,1.71,0.92,0.91,0,0.01,604.48,7.5,4018261.34,6.38
1237,"wikitext",921,196,147,774,-2.44,-1.27,7.77,1.21,0.68,0.67,0.01,0.05,664.03,3.58,4985177.49,2.57
1238,"wikitext",815,137,152,662,-3.11,-2,10.14,1.61,0.97,0.96,0,0.01,822.4,7.39,5913727.43,6.33
1239,"wikitext",801,152,143,658,-2.99,-2.09,10.56,1.56,0.94,0.93,0,0.05,879.88,8.08,7027193.15,7.04
1240,"wikitext",810,145,123,687,-2.47,-1.54,8.34,1.28,0.91,0.94,0.01,0.04,457.13,4.66,2777385.8,3.55
1241,"wikitext",811,140,147,664,-2.39,-1.56,7.42,1.36,0.94,0.99,0,0.01,480.69,4.73,4088918.67,3.71
1242,"wikitext",871,162,163,708,-2.66,-1.84,6.95,1.47,0.89,0.92,0,0.04,452.39,6.26,2465034.93,5.24
1243,"wikitext",876,153,142,733,-2.65,-1.74,7.54,1.55,0.91,0.89,0,0.02,705.85,5.7,4719495.96,4.68
1244,"wikitext",826,157,129,697,-2.4,-1.6,6.59,1.3,0.94,0.93,0,0.02,580.26,4.95,4590221.87,3.93
1245,"wikitext",794,144,167,627,-2.85,-1.87,9.13,1.58,0.94,0.93,0,0.04,805.68,6.49,6160896.5,5.36
1246,"wikitext",797,158,121,676,-2.93,-1.78,9.8,1.67,0.93,0.93,0,0.04,914.67,5.96,6869152.12,4.95
1247,"wikitext",886,160,131,755,-3.06,-2.06,9.47,1.85,0.96,0.95,0,0.02,825.55,7.86,5886702.5,6.83
1248,"wikitext",820,151,145,675,-2.85,-1.75,8.94,1.51,0.96,0.96,0,0.02,804.04,5.75,5571418.58,4.7
1249,"wikitext",772,128,161,611,-2.83,-1.84,9.62,1.51,0.98,0.96,0,0.02,748.3,6.3,5409396.04,5.25
1250,"wikitext",903,149,179,724,-2.86,-2.09,9.29,1.76,0.91,0.92,0.01,0.07,627.51,8.08,3996169.39,7.02
1251,"wikitext",905,148,184,721,-3.03,-2.06,10.08,1.67,0.93,0.91,0,0.07,998.58,7.9,7681312.25,6.74
1252,"wikitext",886,171,141,745,-2.79,-1.71,9.79,1.48,0.97,0.97,0,0.01,733.69,5.53,5393913.34,4.52
1253,"wikitext",1009,194,155,854,-1.67,-0.64,4.94,0.64,0.95,0.94,0,0.04,218.76,1.9,1373135.15,0.9
1254,"wikitext",978,191,127,851,-2.17,-1.2,7.26,1.14,0.91,0.92,0,0.04,396.23,3.32,2735242.59,2.31
1255,"wikitext",1247,253,144,1103,-2.95,-1.93,9.71,1.71,0.92,0.95,0.01,0.05,805.93,6.89,5563261.81,5.83
1256,"wikitext",828,138,145,683,-3.1,-2.52,7.73,1.65,0.95,0.96,0,0.01,413.04,12.49,2321512.79,11.28
1257,"wikitext",909,159,126,783,-3.54,-2.73,9.35,1.96,0.93,0.92,0,0.03,1151.32,15.33,8059139.9,14.18
1258,"wikitext",930,163,137,793,-2.93,-2.1,7.97,1.64,0.93,0.9,0,0.04,731.85,8.17,5342587.8,7.01
1259,"wikitext",1084,222,167,917,-2.77,-1.91,7.15,1.5,0.94,0.93,0,0.02,598.11,6.75,4200624.97,5.6
1260,"wikitext",943,148,181,762,-2.42,-1.35,6.7,1.26,0.87,0.9,0.01,0.09,479.77,3.84,3153098.35,2.83
1261,"wikitext",1000,178,124,876,-2.72,-1.88,7.94,1.62,0.95,0.96,0,0.02,467.53,6.56,2981760.59,5.46
1262,"wikitext",862,129,184,678,-2.7,-1.99,7.32,1.62,0.97,0.98,0,0.02,448.94,7.32,2695022.67,6.27
1263,"wikitext",1545,274,150,1395,-2.32,-1.49,6.72,1.28,0.78,0.77,0.01,0.02,440.47,4.44,3296367.83,3.43
1264,"wikitext",1096,172,161,934,-2.83,-1.92,7.65,1.65,0.99,0.98,0,0.01,410.04,6.78,1775805.58,5.72
1265,"wikitext",1269,209,158,1111,-3.09,-2.28,8.8,1.8,0.96,0.95,0,0.01,765.61,9.78,5616416.78,8.73
1266,"wikitext",958,170,148,809,-2.92,-1.82,9.62,1.75,0.98,0.98,0,0.01,753.65,6.18,5126765.54,5.17
1267,"wikitext",1288,260,133,1155,-2.77,-1.48,10.61,1.43,0.92,0.94,0.01,0.06,780.31,4.38,5296576.77,3.35
1268,"wikitext",1221,217,174,1046,-2.9,-1.86,10.72,1.7,0.92,0.89,0,0.02,767.9,6.42,5811828.95,5.41
1269,"wikitext",919,137,183,736,-2.83,-1.6,9.85,1.3,0.95,0.94,0,0.06,648.89,4.95,4776477.03,3.91
1270,"wikitext",843,144,168,675,-3.09,-2.26,9.2,1.98,1,1,0,0,803.09,9.63,5478775.39,8.61
1271,"wikitext",1006,157,175,830,-2.55,-1.62,9.26,1.52,0.95,0.93,0,0.02,586.47,5.05,4216298.53,4.04
1272,"wikitext",963,159,180,783,-2.57,-1.89,6.03,1.58,0.95,0.95,0,0.02,423.4,6.62,2531038.84,5.58
1273,"wikitext",775,136,184,590,-3.86,-3.32,9.57,2.42,0.98,0.98,0,0.02,1069.07,27.7,6236863.86,26.59
1274,"wikitext",807,134,136,670,-3,-2.42,7.28,1.94,0.94,0.94,0,0.06,492.57,11.26,2599417.46,10.11
1275,"wikitext",851,167,143,707,-3.05,-2.18,10.1,1.86,0.88,0.9,0.01,0.1,840.42,8.85,6020429.42,7.74
1276,"wikitext",1272,218,138,1134,-2.88,-2.21,7.44,1.71,0.87,0.88,0.01,0.02,644.83,9.14,4539538.84,8.01
1277,"wikitext",966,150,159,807,-3.11,-2.03,10.03,1.9,0.99,1,0,0,741.34,7.62,4611540.64,6.62
1278,"wikitext",907,153,159,748,-3.17,-2.66,9.61,2.18,1,1,0,0,729.65,14.3,4177038.34,13.3
1279,"wikitext",927,165,148,779,-2.61,-1.2,10.94,1.16,0.71,0.66,0.02,0.09,828.22,3.32,6249212.76,2.31
1280,"wikitext",640,128,149,491,-2.43,-1.62,7.86,1.59,0.84,0.87,0.01,0.05,492.5,5.03,3925352.35,4.02
1281,"wikitext",1218,189,193,1025,-3.18,-2.6,8.43,1.85,0.94,0.94,0,0.01,799.42,13.46,5286788.97,12.25
1282,"wikitext",777,129,167,609,-2.99,-2.34,9.25,1.97,0.9,0.88,0,0.02,644.43,10.38,4349027.47,9.33
1283,"wikitext",733,158,133,600,-2.43,-1.41,7.8,1.32,0.86,0.88,0.01,0.04,457.34,4.1,2882892.01,3.07
1284,"wikitext",1265,243,108,1156,-3.15,-2.43,7.71,1.73,0.94,0.93,0,0.02,565.13,11.36,3579936.64,10.22
1285,"wikitext",1157,211,167,989,-2.92,-2.01,7.92,1.63,0.88,0.86,0,0.01,543.61,7.46,3543739.18,6.4
1286,"wikitext",780,170,109,671,-2.65,-1.62,9.08,1.54,0.84,0.79,0.01,0.04,631.66,5.03,4512765.14,4.01
1287,"wikitext",731,181,121,609,-2.39,-1.45,8.19,1.42,0.75,0.71,0.03,0.13,619.73,4.26,4744194.66,3.25
1288,"wikitext",652,168,125,527,-1.81,-0.46,8.75,0.46,0.68,0.63,0.03,0.14,432.41,1.58,3339196.85,0.58
1289,"wikitext",639,163,88,551,-1.99,-0.83,5.69,0.82,0.69,0.64,0.01,0.07,293.73,2.29,1759641.6,1.29
1290,"wikitext",854,209,110,744,-2.24,-1.34,6.14,1.31,0.69,0.6,0.03,0.03,418.97,3.82,2592706.51,2.81
1291,"wikitext",981,173,181,800,-2.59,-1.62,8.34,1.56,0.96,0.97,0,0.03,407.17,5.05,2323283.93,4.05
1292,"wikitext",2031,398,131,1900,-2.89,-2.12,8.19,1.79,0.97,0.97,0,0.02,714.35,8.33,4846623.15,7.3
1293,"wikitext",1135,215,178,956,-2.89,-2.1,8.11,1.84,0.78,0.75,0.01,0.03,611.96,8.17,3766922.55,7.14
1294,"wikitext",735,131,149,586,-3.03,-2.28,7.58,1.52,0.98,1,0,0,703.16,9.78,4510294.03,8.71
1295,"wikitext",922,143,154,768,-3.4,-2.64,10.5,1.89,0.99,1,0,0,945.97,14.01,6949161.81,12.83
1296,"wikitext",972,164,159,813,-2.5,-1.61,6.55,1.5,0.91,0.9,0,0.01,442.44,5,2314795.44,3.99
1297,"wikitext",782,130,161,621,-3.02,-2.4,6.09,1.46,0.97,0.97,0,0.01,489.06,10.98,3177378.05,9.45
1298,"wikitext",1071,193,134,937,-3.2,-2.12,10.87,1.78,0.97,0.98,0,0.02,948.74,8.33,6711707.59,7.22
1299,"wikitext",1413,293,135,1278,-3.23,-2.63,9.61,2.02,0.97,0.97,0,0.03,807.53,13.87,5658829.52,12.81
1300,"wikitext",1192,209,155,1037,-3.33,-2.35,10.32,1.82,0.95,0.94,0,0.01,963.98,10.49,6525451.29,9.36
1301,"wikitext",637,130,120,517,-3.32,-2.31,10.19,1.75,1,1,0,0,1023.54,10.07,7720804.32,9.03
1302,"wikitext",647,133,126,521,-2.7,-1.82,8.35,1.7,0.99,1,0,0,466.97,6.17,2499459.75,5.15
1303,"wikitext",843,140,159,684,-2.86,-1.73,9.03,1.61,0.99,1,0,0,816.24,5.64,5249799.22,4.64
1304,"wikitext",817,148,138,679,-2.7,-1.69,7.9,1.57,1,1,0,0,605.72,5.44,3666271.01,4.45
1305,"wikitext",1047,217,147,900,-2.92,-2.27,7.22,1.76,0.86,0.81,0.01,0.02,604.07,9.68,4083466.7,8.43
1306,"wikitext",843,154,154,688,-2.89,-2.09,6.8,1.4,0.96,0.94,0,0.01,676.2,8.09,4308551,6.84
1307,"wikitext",845,173,144,701,-2.73,-1.93,7.15,1.61,0.95,0.98,0,0.02,460.45,6.89,3410300.93,5.85
1308,"wikitext",1229,235,133,1095,-3.27,-2.15,10.35,1.84,0.95,0.97,0,0.03,1006.32,8.58,6908114.84,7.54
1309,"wikitext",866,146,164,701,-3.02,-1.98,8.97,1.4,0.92,0.96,0.01,0.05,850.73,7.21,6633010.93,6.04
1310,"wikitext",1109,219,142,967,-3.77,-2.85,11.79,2.31,0.92,0.9,0,0.02,1257.12,17.29,8290964.06,16.22
1311,"wikitext",1435,288,160,1275,-3.26,-2.38,10.32,1.9,0.96,0.96,0,0.02,936.64,10.8,6173136.03,9.75
1312,"wikitext",781,139,156,624,-3.24,-2.02,9.42,1.72,0.98,0.98,0,0.01,978.65,7.54,6347583.56,6.49
1313,"wikitext",854,146,141,713,-2.59,-1.57,9.54,1.5,0.97,0.97,0,0.01,560.96,4.8,4096720.63,3.79
1314,"wikitext",1039,180,156,883,-2.79,-1.58,9.59,1.54,0.93,0.91,0,0.03,622.19,4.92,4285519.22,3.91
1315,"wikinews",920,139,180,740,-2.61,-2.08,6.15,1.49,0.99,0.99,0,0.01,359.72,8,2178231.63,6.85
1316,"wikinews",1370,231,166,1204,-2.72,-1.94,8.05,1.63,0.97,0.96,0,0,511.17,6.96,3390979.74,5.93
1317,"wikinews",1310,247,159,1151,-2.08,-0.98,7.29,0.93,0.92,0.88,0,0.02,449.4,2.66,3044798.62,1.66
1318,"wikinews",1408,281,172,1236,-2.65,-1.73,7.35,1.49,0.94,0.94,0,0.01,565.04,5.64,3929210.11,4.62
1319,"wikinews",1641,317,150,1491,-2.76,-1.96,6.96,1.5,0.94,0.95,0,0.02,465.83,7.1,2984671.62,5.98
1320,"wikinews",1615,301,179,1436,-2.23,-1.37,6.5,1.2,0.98,0.98,0,0.02,492.2,3.94,3435789.09,2.92
1321,"wikinews",1485,277,157,1328,-2.53,-1.82,6.12,1.25,0.92,0.91,0,0.02,451.4,6.17,3033369.53,4.85
1322,"wikinews",2094,395,186,1908,-2.38,-1.68,5.84,1.35,0.93,0.94,0,0.04,354.3,5.37,2208310.25,4.33
1323,"wikinews",954,172,144,810,-2.57,-2.04,6.82,1.7,0.95,0.94,0,0.01,503.54,7.69,3737873.1,6.56
1324,"wikinews",1079,194,162,917,-2.5,-1.72,6.25,1.44,0.98,0.98,0,0.02,463.67,5.58,3110317.91,4.53
1325,"wikinews",1548,275,156,1392,-2.37,-1.63,6.48,1.3,0.99,1,0,0,357.4,5.1,2140295.27,4.07
1326,"wikinews",1564,285,158,1406,-2.22,-1.63,4.93,1.36,0.96,0.97,0,0.01,262,5.1,1590564.1,4.03
1327,"wikinews",2125,423,180,1945,-2.73,-1.92,7.04,1.53,0.88,0.86,0,0.02,588.75,6.82,4144932.64,5.79
1328,"wikinews",3102,647,168,2934,-2.46,-1.75,7.09,1.58,0.88,0.85,0,0.02,495.08,5.75,3548945.56,4.74
1329,"wikinews",1103,223,153,950,-2.29,-1.55,5.72,1.32,0.92,0.92,0,0.01,315.91,4.71,1685038.33,3.7
1330,"wikinews",934,159,147,787,-2.33,-1.61,5.49,1.15,0.99,0.99,0,0.01,279.3,5,1899917.96,3.93
1331,"wikinews",4906,947,185,4720,-2.11,-1.31,5.85,1.19,0.8,0.84,0.01,0.08,342.88,3.71,2527620.85,2.69
1332,"wikinews",3397,687,181,3215,-2.19,-1.27,6.07,1.21,0.94,0.94,0,0.04,387.23,3.56,2627927.99,2.55
1333,"wikinews",1356,232,173,1183,-2.13,-1.48,4.84,1.28,0.91,0.93,0,0.07,252.18,4.37,1553165.51,3.32
1334,"wikinews",3886,715,175,3711,-2.59,-1.81,6.74,1.48,0.94,0.93,0,0.03,501.11,6.11,3413287.93,5.04
1335,"wikinews",739,134,135,604,-2.36,-1.19,8.51,1.04,0.99,1,0,0,547.08,3.3,4301554.23,2.21
1336,"wikinews",2472,446,162,2310,-2.44,-1.56,6.64,1.26,0.95,0.95,0,0.01,482.41,4.76,3424541.49,3.72
1337,"wikinews",1747,333,121,1626,-2.43,-1.72,5.57,1.4,0.96,0.95,0,0.01,389.55,5.58,2664267.47,4.5
1338,"wikinews",1138,228,123,1014,-2.24,-1.35,6.01,1.26,0.95,0.95,0,0.01,337.45,3.86,2079158.68,2.85
1339,"wikinews",2400,478,189,2211,-2.27,-1.4,5.69,1.21,0.88,0.85,0,0.01,341.12,4.04,2137256.36,2.96
1340,"wikinews",888,141,140,748,-2.18,-1.63,4.88,1.4,0.97,0.98,0,0.02,191.37,5.1,895667.81,4.08
1341,"wikinews",1554,304,120,1433,-2.29,-1.44,6.49,1.25,0.92,0.9,0,0.02,443.18,4.22,3003599.93,3.18
1342,"wikinews",3014,576,198,2815,-2.34,-1.47,6.86,1.29,0.91,0.89,0,0.03,419.94,4.35,2608232.93,3.31
1343,"wikinews",2283,403,171,2112,-2.24,-1.44,5.55,1.24,0.95,0.96,0,0.04,314.97,4.22,1909528.18,3.2
1344,"wikinews",2435,432,173,2262,-2.3,-1.43,5.92,1.29,0.93,0.93,0,0.05,360.49,4.18,2121784.79,3.16
1345,"wikinews",1082,179,177,905,-2.33,-1.61,5.55,1.45,0.98,0.98,0,0.01,285.6,5,1659803.06,3.99
1346,"wikinews",1256,223,165,1090,-2.39,-1.6,6.35,1.42,0.98,0.98,0,0.02,469.82,4.95,3073024.02,3.94
1347,"wikinews",6885,1402,187,6698,-2.06,-1.32,5.48,1.15,0.77,0.76,0.01,0.05,304.68,3.74,2158437.82,2.7
1348,"wikinews",3823,796,167,3656,-2.46,-1.56,7.26,1.38,0.94,0.95,0,0.04,470.67,4.76,3260337.31,3.74
1349,"wikinews",2349,445,164,2185,-2.31,-1.34,6.6,1.28,0.92,0.89,0,0.01,397.93,3.82,2603093.04,2.82
1350,"wikinews",1258,232,174,1084,-2.34,-1.73,5.45,1.46,0.99,0.99,0,0.01,305.38,5.64,1801956.53,4.58
1351,"wikinews",3688,699,157,3531,-2.58,-2.03,6.07,1.6,0.93,0.91,0,0.01,366.21,7.61,2280757.43,6.56
1352,"wikinews",991,168,183,808,-2.04,-1.58,4.14,1.43,0.97,0.97,0,0.01,108.51,4.83,198255.79,3.82
1353,"wikinews",787,118,173,614,-2.36,-1.22,7.02,1.04,0.97,0.97,0,0.01,513.12,3.39,3762802,2.33
1354,"wikinews",1011,173,157,853,-2.51,-1.79,6.91,1.49,0.95,0.94,0,0.01,571.64,5.99,4610799.65,4.87
1355,"wikinews",2085,367,205,1880,-2.46,-1.58,6.86,1.47,0.95,0.94,0,0.01,480.8,4.85,2938320.64,3.82
1356,"wikinews",1344,240,141,1202,-1.89,-1.44,3.31,1.16,0.94,0.92,0,0.02,85.86,4.22,178897.77,3.17
1357,"wikinews",744,123,151,593,-2.83,-1.98,8.08,1.6,0.98,0.99,0,0.01,544.12,7.24,3654209.66,6.2
1358,"wikinews",1693,306,154,1538,-2.17,-0.96,7.31,0.94,0.81,0.81,0.01,0.06,461.61,2.6,3341632.02,1.6
1359,"wikinews",1710,312,136,1574,-1.89,-1.17,4.46,1.03,0.92,0.91,0,0.03,205.58,3.24,1208014.61,2.22
1360,"wikinews",1030,156,187,842,-2.07,-1.3,5.84,1.09,0.99,1,0,0,324.59,3.66,2606064.06,2.59
1361,"wikinews",882,144,170,712,-2.14,-1.52,6,1.27,0.99,1,0,0,435.43,4.6,3284023.63,3.56
1362,"wikinews",850,146,169,681,-2.5,-1.6,6.51,1.34,0.97,0.96,0,0.02,481.51,4.97,3094002.57,3.88
1363,"wikinews",994,154,203,791,-2.21,-1.33,5.33,1.18,0.92,0.91,0,0.01,317.5,3.78,1937302.2,2.71
1364,"wikinews",1346,241,151,1195,-2.44,-1.62,6.64,1.33,0.93,0.92,0,0.01,487.19,5.05,3869783.93,4
1365,"wikinews",916,152,171,745,-2.27,-1.48,5.76,1.33,0.98,1,0,0,370.48,4.39,2186843.52,3.31
1366,"wikinews",2466,527,124,2342,-2.69,-1.92,6.99,1.61,0.98,0.98,0,0.01,456.12,6.82,2783172.57,5.8
1367,"wikinews",1419,269,165,1254,-2.94,-1.93,8.65,1.59,0.94,0.93,0,0.02,684.69,6.89,4617022.58,5.84
1368,"wikinews",2580,539,151,2429,-2.37,-1.6,6.08,1.36,0.94,0.94,0,0.01,377.21,4.95,2574874.16,3.88
1369,"wikinews",823,136,166,657,-2.26,-1.46,5.47,1.33,0.96,0.96,0,0.01,258.72,4.33,1572684.06,3.32
1370,"wikinews",848,160,151,696,-2.17,-1.52,5.75,1.26,0.98,0.98,0,0.01,407.83,4.55,2546856.19,3.44
1371,"wikinews",1517,268,171,1346,-2.29,-1.7,5.29,1.45,0.96,0.96,0,0.04,348.08,5.5,2470142.25,4.42
1372,"wikinews",2839,553,150,2689,-2.64,-1.88,6.66,1.55,0.93,0.91,0,0.02,464.76,6.55,2869399.7,5.51
1373,"wikinews",801,124,155,645,-2.42,-1.42,6.92,1.4,0.93,0.93,0,0.02,533.17,4.16,3785888.91,3.16
1374,"wikinews",1008,186,165,843,-2.2,-1.53,5.19,1.41,0.97,0.99,0,0.01,271.23,4.62,1686859.59,3.62
1375,"wikinews",3440,669,174,3266,-2.45,-1.73,6.01,1.46,0.83,0.81,0,0.01,352.59,5.64,2104919.22,4.57
1376,"wikinews",3209,639,171,3038,-1.9,-1.21,4.41,1.11,0.88,0.86,0,0.06,192.1,3.35,1027865.15,2.33
1377,"wikinews",1122,224,148,974,-2.61,-1.81,6.84,1.48,0.9,0.88,0,0.04,545.18,6.11,3536593.22,4.99
1378,"wikinews",2709,497,175,2534,-2.84,-2.14,7.04,1.69,0.96,0.95,0,0,577.02,8.5,3665257.61,7.43
1379,"wikinews",2375,455,164,2211,-2.27,-1.69,5.61,1.45,0.82,0.78,0.02,0.16,349.65,5.42,2255931.99,4.39
1380,"wikinews",1268,225,179,1089,-2.01,-1.23,5.23,1.17,0.97,0.98,0,0.02,321.22,3.42,2232079.02,2.41
1381,"wikinews",1627,335,134,1493,-2.25,-1.48,5.38,1.31,0.91,0.89,0,0.05,328.15,4.39,1956843.24,3.38
1382,"wikinews",875,134,167,708,-2.46,-1.4,7.33,1.19,0.99,1,0,0,542.13,4.06,3813003.69,2.98
1383,"wikinews",926,154,165,761,-2.77,-1.92,7.15,1.59,0.98,0.98,0,0.02,571.74,6.86,4187139.98,5.68
1384,"wikinews",1244,212,171,1073,-2.13,-1.12,6.77,1.02,0.93,0.92,0,0.04,493.78,3.05,3858352.07,2.02
1385,"wikinews",1030,183,151,878,-2.61,-1.96,7.16,1.72,0.99,1,0,0,546,7.1,4191454.07,6.07
1386,"wikinews",1732,314,170,1562,-2.19,-1.38,5.37,1.22,0.93,0.92,0,0.02,306.46,3.96,1839683.06,2.93
1387,"wikinews",912,159,124,787,-2.55,-1.83,6.66,1.64,0.97,0.99,0,0.01,517.99,6.23,3714315.29,5.17
1388,"wikinews",853,154,186,667,-2.81,-2.06,8.1,1.35,0.95,0.97,0,0.03,656.92,7.88,4464486.69,6.56
1389,"wikinews",5863,1118,159,5704,-2.26,-1.54,5.7,1.27,0.91,0.92,0,0.04,352.9,4.66,2452216.27,3.6
1390,"wikinews",1002,201,147,854,-3.13,-2.12,9.99,1.79,0.94,0.94,0,0.03,1004.12,8.33,7303445.94,7.3
1391,"wikinews",1127,217,115,1012,-2.41,-1.45,7.32,1.3,0.94,0.93,0,0.03,480.24,4.26,3390903.21,3.23
1392,"wikinews",1401,260,159,1242,-2.22,-1.56,5.75,1.32,0.94,0.93,0,0.02,341.32,4.73,2673339.42,3.72
1393,"wikinews",3102,563,184,2918,-2.69,-1.81,7.1,1.53,0.89,0.89,0,0.02,542.73,6.11,3588002.65,5.03
1394,"wikinews",1326,248,156,1170,-2.5,-1.87,7.03,1.6,0.94,0.93,0,0.05,409.1,6.49,2878181.36,5.46
1395,"wikinews",962,168,153,809,-2.52,-1.88,5.49,1.25,0.97,0.98,0,0.02,435.65,6.55,2858038.19,5.31
1396,"wikinews",2114,394,188,1926,-2.23,-1.55,5.16,1.33,0.94,0.94,0,0.01,275.52,4.71,1651667.98,3.66
1397,"wikinews",1800,329,151,1649,-2.8,-1.96,7.18,1.72,0.94,0.93,0,0.01,529.91,7.1,3620773,6.06
1398,"wikinews",1124,200,180,944,-1.81,-1.18,3.67,1.11,0.98,0.99,0,0.01,135.17,3.25,655502.95,2.24
1399,"wikinews",15606,3479,167,15439,-2.69,-1.97,6.73,1.56,0.83,0.81,0.01,0.05,500.31,7.17,3225672.06,6.03
1400,"wikinews",1211,225,120,1091,-2.35,-1.38,6.58,1.19,0.99,1,0,0,485.22,3.97,3213204.95,2.95
1401,"wikinews",2032,388,167,1865,-2.34,-1.56,6.51,1.39,0.96,0.98,0,0.02,422.09,4.73,2942753.61,3.72
1402,"wikinews",1657,302,173,1484,-2.34,-1.43,6.43,1.24,0.96,0.97,0,0.03,442.36,4.18,3019819.36,3.11
1403,"wikinews",2313,479,172,2141,-2.19,-1.58,4.5,1.22,0.91,0.88,0,0.05,210.79,4.85,960108.85,3.77
1404,"wikinews",1816,347,143,1673,-2.05,-1.52,4.07,1.17,0.91,0.89,0,0.03,187.78,4.57,961671.97,3.43
1405,"wikinews",996,194,129,867,-2.47,-1.7,7.47,1.53,0.97,0.96,0,0.02,520.23,5.5,3523085.85,4.47
1406,"wikinews",1305,249,176,1129,-2.06,-1.34,5.43,1.18,0.93,0.92,0,0.02,346.44,3.82,2640825.76,2.79
1407,"wikinews",2362,490,175,2187,-2.35,-1.56,6.36,1.46,0.87,0.87,0,0.06,402.3,4.76,2715747.57,3.76
1408,"wikinews",808,131,144,664,-3.07,-2.38,8.1,1.59,0.96,0.97,0,0.01,668.12,10.8,4645316.24,9.59
1409,"wikinews",1360,256,153,1207,-1.84,-1,5.02,0.91,0.89,0.87,0,0.02,328.9,2.7,2468040.1,1.69
1410,"wikinews",839,153,142,697,-2.65,-2.12,5.7,1.37,0.96,0.99,0,0.01,438.14,8.33,2888481.67,7.16
1411,"wikinews",2448,470,169,2279,-2.46,-1.48,7.75,1.36,0.98,0.98,0,0.02,493.48,4.39,3426068.26,3.38
1412,"wikinews",725,120,164,561,-2.6,-1.78,6.2,1.5,0.99,1,0,0,324.41,5.93,2070989.56,4.8
1413,"wikinews",1109,180,197,912,-2.34,-1.46,6,1.26,0.94,0.93,0,0.04,397.5,4.28,2886081.97,3.25
1414,"wikinews",822,139,133,688,-2.01,-1.18,5.34,1.1,0.96,0.96,0,0.01,371.65,3.25,2943788.54,2.24
1415,"wikinews",798,120,170,628,-2.48,-1.82,5.03,1.48,0.97,0.98,0,0.02,254.17,6.17,1259192.1,5.07
1416,"wikinews",2986,650,148,2838,-2.4,-1.64,6.28,1.38,0.92,0.91,0,0.04,430.72,5.16,2959982.06,4.11
1417,"wikinews",1173,198,190,983,-2.5,-1.62,6.76,1.36,0.94,0.93,0,0.02,509.44,5.08,3543707.87,4.03
1418,"wikinews",1104,179,166,938,-2.29,-1.67,4.95,1.26,0.99,0.99,0,0.01,279.9,5.31,1814371.59,4.22
1419,"wikinews",1283,277,111,1172,-2.13,-1.39,5.3,1.1,0.95,0.95,0,0.01,300.56,4.01,2306002.84,2.92
1420,"wikinews",1036,204,147,889,-2.47,-1.78,6.03,1.51,0.97,0.97,0,0.02,393.75,5.93,2537855.93,4.87
1421,"wikinews",1378,234,172,1205,-2.61,-1.62,8.15,1.48,0.99,0.99,0,0.01,570.4,5.06,3718176.74,4.01
1422,"wikinews",1337,237,166,1171,-2.98,-2.34,7.28,1.65,0.98,0.97,0,0,635.77,10.38,4056419.68,9.25
1423,"wikinews",904,155,138,766,-2.42,-1.78,5.83,1.16,0.84,0.83,0,0.02,441.81,5.93,3046166.68,4.48
1424,"wikinews",924,161,137,787,-2.22,-1.36,6.25,1.31,0.99,0.99,0,0.01,419.69,3.9,2848594.5,2.89
1425,"wikinews",1005,176,151,854,-2.6,-1.96,5.6,1.27,0.97,0.97,0,0.01,478.46,7.06,3628394.37,5.85
1426,"wikinews",1015,192,159,855,-2.36,-1.5,5.97,1.18,0.97,0.97,0,0.01,369.21,4.51,2351748.04,3.4
1427,"wikinews",1590,285,192,1398,-2.41,-1.82,5.24,1.32,0.95,0.93,0,0.03,318.97,6.17,1948818.22,5.04
1428,"wikinews",2880,526,156,2724,-2.65,-1.64,7.85,1.4,0.95,0.94,0,0.02,621.44,5.18,4275059.88,4.13
1429,"wikinews",2089,389,178,1910,-2.36,-1.63,5.3,1.28,0.96,0.96,0,0.02,312.58,5.1,2230931.28,4.01
1430,"wikinews",1847,383,160,1687,-2.7,-1.92,7.17,1.5,0.94,0.93,0,0.04,555.4,6.82,3926844.04,5.68
1431,"wikinews",949,138,212,737,-2.15,-1.38,5.84,1.14,0.95,0.94,0,0.01,422.65,3.96,2669050.01,2.88
1432,"wikinews",1029,175,172,856,-2.37,-1.52,6.23,1.34,0.93,0.9,0,0.02,463.34,4.57,3468223.31,3.56
1433,"wikinews",1218,242,162,1056,-2.22,-1.4,5.79,1.32,0.97,0.96,0,0,310.58,4.04,1872207.05,3.03
1434,"wikinews",4872,1038,138,4733,-2.62,-2.01,6.06,1.44,0.9,0.89,0,0.04,432.03,7.46,2946769.03,6.26
1435,"wikinews",1832,324,144,1688,-2.53,-1.62,6.95,1.33,0.99,0.99,0,0.01,546.74,5.03,3690118.69,4
1436,"wikinews",9382,1944,193,9189,-2.34,-1.63,5.51,1.34,0.85,0.83,0,0.04,330.17,5.1,2014946.85,4.03
1437,"wikinews",1797,318,164,1633,-2.64,-1.85,7.46,1.56,0.98,0.96,0,0.02,582.12,6.36,4410750.72,5.32
1438,"wikinews",1029,191,166,863,-2.15,-1.33,5.49,1.04,0.98,0.99,0,0.01,414.67,3.78,3014252.06,2.65
1439,"wikinews",2864,517,181,2683,-2.3,-1.61,5.36,1.35,0.89,0.88,0,0.01,294.3,5,1726360.17,3.93
1440,"wikinews",2604,484,153,2451,-2.28,-1.54,5.42,1.33,0.93,0.93,0,0.02,311.68,4.69,1995651.23,3.66
1441,"wikinews",1728,348,173,1555,-2.5,-1.6,6.92,1.47,0.86,0.83,0,0.02,484.92,4.95,3216406.39,3.93
1442,"wikinews",2787,545,156,2631,-2.39,-1.55,6.27,1.43,0.96,0.97,0,0.03,374.15,4.71,2318494.73,3.7
1443,"wikinews",2180,434,131,2049,-2.18,-1.48,4.82,1.17,0.92,0.93,0,0.02,219.83,4.42,911427.7,3.27
1444,"wikinews",1403,255,181,1222,-2.35,-1.57,5.71,1.34,0.97,0.97,0,0.02,360.14,4.81,2351428.46,3.75
1445,"wikinews",1115,199,148,967,-1.95,-1.17,4.97,1.05,0.95,0.98,0,0.02,274.75,3.22,1825940.57,2.18
1446,"wikinews",1033,185,129,904,-1.86,-1.15,4.04,0.98,0.95,0.95,0,0.03,189.9,3.16,1065833.61,2.11
1447,"wikinews",1963,342,159,1803,-2.16,-1.23,6.25,1.04,0.9,0.89,0,0.01,387.35,3.44,2684786.75,2.41
1448,"wikinews",1189,209,149,1040,-2.47,-1.81,5.67,1.55,0.95,0.94,0,0.02,313.67,6.11,1489028.86,5.07
1449,"wikinews",2347,455,156,2191,-2.27,-1.46,5.7,1.25,0.96,0.95,0,0.03,354.05,4.31,2060316.56,3.28
1450,"wikinews",1224,206,163,1061,-2.99,-2.16,9.14,1.77,0.98,0.97,0,0.01,664.04,8.72,4460116.91,7.65
1451,"wikinews",1355,240,149,1206,-2.46,-1.72,5.68,1.42,0.95,0.93,0,0.02,375.56,5.61,2494604.36,4.57
1452,"wikinews",973,166,149,824,-2.37,-1.64,5.57,1.45,1,1,0,0,385.9,5.13,2648695.24,4.13
1453,"wikinews",1261,251,144,1116,-2.33,-1.65,5.34,1.33,0.96,0.95,0,0.01,324.52,5.21,2002996.77,4.2
1454,"wikinews",3289,639,165,3124,-2.63,-1.89,6.75,1.44,0.89,0.88,0,0.03,445.01,6.62,3038816.15,5.51
1455,"wikinews",2509,476,167,2342,-2.57,-1.78,6.53,1.5,0.95,0.96,0,0.02,484.77,5.93,3335346.77,4.89
1456,"wikinews",2427,495,160,2266,-2.37,-1.53,6.19,1.33,0.91,0.91,0,0.04,393.76,4.62,2821587.59,3.59
1457,"wikinews",3149,557,182,2967,-2.74,-1.97,6.55,1.54,0.91,0.9,0,0.03,469.23,7.17,3019944.51,6.09
1458,"wikinews",2553,472,144,2409,-2.65,-1.88,6.91,1.58,0.94,0.93,0,0.01,490.41,6.58,3046534.81,5.55
1459,"wikinews",972,182,120,851,-2.35,-1.76,5.43,1.33,0.96,0.97,0,0.03,325.35,5.78,2083411.83,4.64
1460,"wikinews",1842,306,194,1648,-2.51,-2.04,5.67,1.71,0.92,0.89,0,0.03,381.63,7.69,2557119.28,6.57
1461,"wikinews",2508,472,179,2328,-2.85,-2.12,6.89,1.49,0.91,0.9,0,0.01,622.42,8.37,4250723.66,7.11
1462,"wikinews",714,122,128,586,-2.58,-1.78,6.64,1.42,0.98,0.98,0,0.01,554.88,5.93,3905663.14,4.71
1463,"wikinews",1648,316,163,1485,-2.45,-1.91,4.98,1.43,0.94,0.92,0,0.02,297.5,6.76,1793551.5,5.6
1464,"wikinews",1695,334,151,1544,-2.57,-1.78,6.76,1.44,0.93,0.93,0,0.04,543.4,5.93,3815275.84,4.84
1465,"wikinews",929,148,167,762,-2.25,-1.44,6.76,1.12,0.97,0.97,0,0.01,477.42,4.22,3183483.07,3.16
1466,"wikinews",1126,196,156,970,-2.59,-1.76,6.94,1.44,0.97,0.96,0,0.01,543.75,5.81,3949519,4.78
1467,"wikinews",1512,288,139,1373,-2.25,-1.4,5.7,1.2,0.95,0.94,0,0.01,369.32,4.04,2428436.14,3
1468,"wikinews",2663,501,173,2489,-2.15,-1.37,5.65,1.24,0.92,0.9,0,0.02,338.44,3.94,2266839.54,2.93
1469,"wikinews",1966,357,161,1805,-2.52,-1.85,6.79,1.51,0.97,0.96,0,0.02,478.05,6.36,3544114.36,5.31
1470,"wikinews",1307,248,165,1142,-2.22,-1.71,5.14,1.36,0.88,0.94,0.01,0.06,290.44,5.52,1784129.71,4.46
1471,"wikinews",713,139,115,597,-2.47,-1.64,6.53,1.45,0.98,0.98,0,0.02,421.89,5.16,2699061.92,4.15
1472,"wikinews",1010,190,161,849,-2.48,-1.76,6.25,1.49,0.98,1,0,0,395.06,5.78,2328474.4,4.75
1473,"wikinews",1843,340,122,1721,-2.8,-2,7.31,1.51,0.95,0.97,0,0.03,532.12,7.39,3778550.71,6.35
1474,"wikinews",1276,211,166,1110,-2.4,-1.63,5.67,1.37,0.97,0.96,0,0.01,377.77,5.1,2677716.42,4.02
1475,"wikinews",1317,242,171,1146,-2.26,-1.54,5.68,1.27,0.96,0.95,0,0.02,397.87,4.64,2827839.21,3.58
1476,"wikinews",2068,416,141,1927,-2.31,-1.53,6.33,1.2,0.91,0.89,0,0.07,428.13,4.62,2695358.79,3.49
1477,"wikinews",1375,250,142,1233,-2.6,-1.87,6.27,1.5,0.94,0.92,0,0.02,421.8,6.49,2777487.88,5.42
1478,"wikinews",1326,267,120,1206,-2.9,-1.88,8.14,1.64,0.95,0.95,0,0.01,656.07,6.55,4708231.84,5.53
1479,"wikinews",973,186,156,817,-2.31,-1.67,5.67,1.38,0.93,0.91,0,0.02,371.82,5.31,2445438.56,4.27
1480,"wikinews",2602,481,160,2442,-2.48,-1.75,5.48,1.35,0.92,0.91,0,0.05,327.62,5.75,2172977.17,4.61
1481,"wikinews",2459,451,190,2268,-2.34,-1.6,5.21,1.29,0.92,0.89,0,0.02,278.38,4.95,1445719.33,3.86
1482,"wikinews",1496,235,187,1309,-2.85,-1.96,6.95,1.66,0.95,0.95,0,0.02,477.34,7.1,2809337.84,6.03
1483,"wikinews",2684,526,136,2548,-2.71,-1.92,7.15,1.62,0.9,0.89,0,0.01,557.75,6.82,3814838.92,5.81
1484,"wikinews",3265,599,187,3078,-2.29,-1.52,5.27,1.27,0.89,0.89,0,0.02,287.44,4.57,1782666.8,3.52
1485,"wikinews",2292,406,188,2104,-2.65,-1.96,6.48,1.62,0.97,0.96,0,0.03,463.12,7.1,2923584.57,6.06
1486,"wikinews",2003,405,140,1863,-2.65,-1.82,7.2,1.54,0.97,0.97,0,0.03,598.34,6.17,4202377.28,5.14
1487,"wikinews",1353,255,161,1192,-2.21,-1.4,5.73,1.24,0.96,0.95,0,0,400.69,4.06,3211201.78,3.04
1488,"wikinews",1014,178,152,861,-2.46,-1.78,6.14,1.5,0.99,0.99,0,0.01,434.54,5.93,3308212.52,4.9
1489,"wikinews",1331,250,153,1178,-2.47,-1.66,5.59,1.32,0.92,0.92,0,0.01,333.77,5.29,1793630.6,4.15
1490,"wikinews",1801,347,158,1643,-2.52,-1.82,5.31,1.41,0.95,0.96,0,0.02,355.46,6.17,2516115.86,5.05
1491,"wikinews",1772,321,152,1620,-2.53,-1.73,6.54,1.45,0.95,0.95,0,0.02,389.46,5.64,2466974.96,4.58
1492,"wikinews",2434,445,189,2245,-3.03,-2.24,7.45,1.67,0.95,0.95,0,0.03,670.7,9.39,4346621.49,8.35
1493,"wikinews",8260,1727,170,8089,-2.51,-1.82,6.57,1.46,0.79,0.78,0,0.04,419.62,6.17,2878176.7,5.1
1494,"wikinews",2058,334,165,1893,-2.66,-1.76,7.11,1.43,0.95,0.94,0,0.01,573.22,5.85,3945319.07,4.81
1495,"wikinews",3147,573,166,2981,-3.1,-2.25,8.37,1.77,0.96,0.96,0,0.01,711.36,9.49,4890526.76,8.42
1496,"wikinews",1944,397,121,1822,-2.37,-1.55,6.51,1.29,0.93,0.93,0,0.04,470.8,4.71,3340558.37,3.67
1497,"wikinews",1631,347,155,1476,-2.29,-1.58,5.11,1.29,0.95,0.93,0,0.01,235.88,4.85,1254867.44,3.77
1498,"wikinews",2494,498,131,2362,-2.37,-1.5,6.51,1.33,0.95,0.96,0,0.03,445.21,4.48,3063524.72,3.46
1499,"wikinews",1936,368,156,1780,-2.61,-1.94,6.66,1.63,0.98,0.99,0,0.01,406.74,6.96,2454386.03,5.92
1500,"wikinews",925,161,162,762,-3.15,-2.29,10.15,1.92,0.96,0.95,0,0.01,772.58,9.87,5599997.88,8.81
1501,"wikinews",928,164,156,772,-1.87,-1.17,5.42,1.06,0.94,0.94,0,0.06,352.25,3.24,2653090.31,2.2
1502,"wikinews",1277,213,154,1123,-2.75,-2.22,6.59,1.65,0.98,0.97,0,0.01,582.92,9.21,3983762.65,8.08
1503,"wikinews",1584,295,134,1450,-1.93,-1.4,4.31,1.15,0.92,0.89,0,0.01,225.41,4.06,1306624.15,3
1504,"wikinews",1010,186,122,888,-2.11,-1.4,4.91,1.22,0.96,0.96,0,0.01,253.82,4.04,1559463.04,3.02
1505,"wikinews",1114,216,154,959,-2.34,-1.21,7.6,1.16,0.94,0.93,0,0.04,521.84,3.36,4020499.58,2.35
1506,"wikinews",1760,332,166,1594,-2.42,-1.71,5.71,1.31,0.94,0.95,0,0.04,408.95,5.53,2630549.88,4.49
1507,"wikinews",1251,215,162,1089,-2.37,-1.41,6.7,1.21,0.96,0.93,0,0.01,424.33,4.1,2844128.72,3.01
1508,"wikinews",4606,893,166,4440,-2.32,-1.56,5.6,1.26,0.85,0.87,0,0.05,341.65,4.76,2215620.44,3.69
1509,"wikinews",1917,361,175,1742,-2.92,-2.12,8.3,1.66,0.95,0.96,0,0.04,666.87,8.33,4726495.2,7.29
1510,"wikinews",2597,479,164,2433,-2.3,-1.47,6.53,1.29,0.9,0.88,0,0.03,414.6,4.35,2905666.03,3.31
1511,"wikinews",1047,180,184,863,-2.44,-1.79,5.25,1.44,0.96,0.95,0,0.02,298.7,5.99,2021434.05,4.94
1512,"wikinews",5294,1013,185,5109,-2.4,-1.65,6.42,1.42,0.85,0.83,0,0.03,405.81,5.21,2818589.67,4.18
1513,"wikinews",8121,1685,136,7984,-2.59,-1.84,6.4,1.44,0.84,0.82,0,0.03,455.2,6.3,2919251.96,5.23
1514,"wikinews",2787,500,145,2642,-2.69,-1.97,6.35,1.51,0.89,0.89,0,0.01,453.27,7.17,3096736.67,6.05
1515,"wikinews",1658,280,181,1477,-2.62,-1.72,7.91,1.46,0.97,0.98,0,0.02,609.78,5.62,4265741.94,4.57
1516,"wikinews",2914,588,137,2777,-2.38,-1.62,5.88,1.36,0.95,0.95,0,0.01,361.06,5.07,2088262.89,3.98
1517,"wikinews",1175,203,179,996,-2.4,-1.57,6.47,1.14,0.95,0.96,0,0.04,469.2,4.81,3455765.32,3.69
1518,"wikinews",1237,220,157,1080,-2.42,-1.66,6.55,1.4,0.96,0.95,0,0.01,518.92,5.24,3863776.91,4.24
1519,"wikinews",1274,241,162,1111,-2.48,-1.91,5.58,1.5,0.97,0.96,0,0.01,411.5,6.75,2994346.33,5.62
1520,"wikinews",1497,264,185,1312,-2.6,-2.04,6.98,1.56,0.96,0.95,0,0.02,475.48,7.65,3416374.36,6.5
1521,"wikinews",2168,419,152,2016,-2.02,-1.3,4.77,1.15,0.88,0.87,0,0.01,265.65,3.67,1846396.9,2.63
1522,"wikinews",1619,303,138,1481,-2.35,-1.59,5.98,1.29,0.95,0.93,0,0.01,314.36,4.9,1920093.38,3.77
1523,"wikinews",1098,217,131,967,-2.28,-1.64,5.34,1.39,0.95,0.96,0,0.02,300.24,5.16,1709993.8,4.13
1524,"wikinews",3091,591,185,2906,-2.32,-1.51,5.97,1.25,0.87,0.86,0,0.02,389.35,4.53,2527358.88,3.47
1525,"wikinews",5033,984,188,4845,-2.14,-1.3,5.9,1.19,0.86,0.84,0,0.01,346.74,3.67,2231791.42,2.65
1526,"wikinews",1450,260,176,1274,-2.23,-1.52,5.11,1.34,0.96,0.96,0,0.01,253.81,4.6,1512434.33,3.59
1527,"wikinews",1333,216,179,1154,-2.63,-1.92,6.97,1.54,0.98,0.99,0,0.01,553.36,6.82,3700414.1,5.73
1528,"wikinews",1066,201,146,919,-2.24,-1.47,5.84,1.12,0.97,0.97,0,0.02,465.38,4.35,3614677.23,3.22
1529,"wikinews",1223,229,162,1061,-3.04,-2.29,8.47,1.77,0.97,0.97,0,0.01,654.76,9.87,4185300.29,8.83
1530,"wikinews",3134,620,153,2980,-2.45,-1.65,6.7,1.36,0.9,0.88,0,0.01,437.63,5.24,2988893.02,4.16
1531,"wikinews",4121,775,170,3950,-2.44,-1.6,6.42,1.37,0.86,0.85,0,0.03,418.15,4.95,2631562.56,3.91
1532,"wikinews",1284,254,128,1156,-2.02,-1.08,6.41,1.01,0.97,0.98,0,0.02,458.89,2.96,3329498.86,1.95
1533,"wikinews",1680,318,158,1522,-1.84,-1.02,5.15,0.96,0.94,0.93,0,0.05,338.75,2.77,2688496.07,1.75
1534,"wikinews",888,149,148,740,-2.49,-1.79,6.61,1.41,0.98,0.98,0,0.01,473.83,5.99,3249171.88,4.88
1535,"wikinews",12374,2489,152,12222,-2.41,-1.65,5.9,1.31,0.76,0.72,0.01,0.04,373.1,5.21,2374233.67,4.09
1536,"wikinews",1062,196,159,903,-2.21,-1.37,5.56,1.23,0.96,0.95,0,0.02,317.8,3.94,1895341.68,2.9
1537,"wikinews",1177,221,131,1046,-2.34,-1.76,6.01,1.54,0.99,0.99,0,0.01,395.19,5.81,2869590.9,4.79
1538,"wikinews",1965,370,165,1800,-2.34,-1.84,4.51,1.32,0.93,0.92,0,0.03,236.92,6.3,1241598.38,5.12
1539,"wikinews",1757,319,184,1573,-2.36,-1.54,5.85,1.29,0.91,0.9,0,0.02,305.48,4.66,1602873.36,3.6
1540,"wikinews",968,178,169,799,-2.39,-1.67,5.53,1.38,0.84,0.86,0.01,0.03,287.53,5.31,1639107.17,4.26
1541,"wikinews",1865,348,160,1705,-2.42,-1.67,6.69,1.35,0.97,0.96,0,0.01,385.18,5.31,2405472.4,4.26
1542,"wikinews",1604,289,146,1458,-2.47,-1.63,6.75,1.52,0.96,0.97,0,0.01,425.87,5.1,2645167.59,4.1
1543,"wikinews",1482,262,163,1319,-1.92,-1.17,4.25,1.02,0.87,0.85,0,0.01,175.46,3.22,925811.9,2.15
1544,"wikinews",5558,1095,163,5395,-2.6,-1.82,6.37,1.46,0.89,0.88,0,0.01,433.45,6.17,2693214.32,5.1
1545,"wikinews",1808,363,148,1660,-2.46,-1.63,6.81,1.38,0.93,0.9,0,0.02,460.85,5.1,3408569.24,4.05
1546,"wikinews",1978,400,160,1818,-2.33,-1.61,5.96,1.29,0.9,0.88,0,0.04,393.72,5,2609662.33,3.96
1547,"wikinews",1839,376,144,1695,-2.43,-1.63,6.09,1.43,0.87,0.83,0.01,0.03,424.54,5.13,3056211.74,4.1
1548,"wikinews",917,168,135,781,-2.53,-2.04,5.4,1.48,0.95,0.98,0,0.02,417.23,7.65,2978244.55,6.32
1549,"wikinews",1017,163,173,844,-2.41,-1.57,5.53,1.3,0.96,0.96,0,0.04,426.79,4.81,2716339.35,3.66
1550,"wikinews",2561,479,169,2392,-2.7,-1.97,6.59,1.55,0.97,0.98,0,0.01,481.91,7.17,3074324.02,6.1
1551,"wikinews",1043,204,137,906,-2.28,-1.42,5.69,1.24,0.97,0.97,0,0.01,408.63,4.16,2953750.92,3.15
1552,"wikinews",1245,222,137,1107,-2.78,-1.64,8.61,1.35,0.97,0.99,0,0.01,617.08,5.15,4348121.65,4.05
1553,"wikinews",1283,255,131,1151,-2.36,-1.52,6.26,1.35,0.98,0.99,0,0.01,428.84,4.57,2885807.54,3.56
1554,"wikinews",1543,288,167,1376,-2.67,-1.9,6.43,1.55,0.96,0.96,0,0.02,501.2,6.72,3550448.42,5.68
1555,"wikinews",2125,424,170,1955,-2.6,-1.88,6.99,1.51,0.91,0.89,0,0.01,552.81,6.52,4053065.53,5.45
1556,"wikinews",2255,423,164,2090,-2.5,-1.68,6.26,1.27,0.96,0.96,0,0.02,466.01,5.37,2822248.66,4.3
1557,"wikinews",1361,263,166,1195,-2.31,-1.47,7.01,1.38,0.84,0.98,0.03,0.02,477.02,4.35,3114418.64,3.33
1558,"wikinews",1080,198,117,963,-2.55,-1.58,7.33,1.37,0.96,0.97,0,0.03,619.35,4.85,4472395.23,3.83
1559,"wikinews",2094,403,169,1925,-2.44,-1.68,6.4,1.36,0.94,0.94,0,0.02,431.51,5.37,2974208.13,4.29
1560,"wikinews",1364,280,140,1224,-1.92,-1.3,3.9,1.04,0.96,0.96,0,0.01,140.13,3.66,598273.37,2.52
1561,"wikinews",1376,247,131,1245,-2.6,-1.91,6.98,1.61,0.94,0.92,0,0.02,480.63,6.75,3019456.28,5.69
1562,"wikinews",2810,521,143,2667,-2.32,-1.45,5.86,1.3,0.94,0.93,0,0.03,378.66,4.26,2511239.53,3.23
1563,"wikinews",1018,167,180,838,-2.76,-2.02,6.9,1.6,0.98,0.98,0,0.01,569.66,7.54,3758121.23,6.42
1564,"wikinews",1113,240,140,973,-2.95,-2,10.07,1.73,0.97,0.97,0,0.01,867.87,7.36,6639354.16,6.35
1565,"wikinews",1634,298,167,1467,-2.65,-1.91,6.36,1.58,0.99,0.98,0,0.01,473.38,6.76,3015351.6,5.75
1566,"wikinews",1136,209,165,970,-2.31,-1.56,5.45,1.17,0.96,0.95,0,0.01,370.25,4.76,2715973.45,3.62
1567,"wikinews",1536,257,135,1401,-2.38,-1.7,5.53,1.35,0.94,0.95,0,0.05,323.79,5.47,1825448.68,4.43
1568,"wikinews",1850,346,145,1705,-2.26,-1.43,5.94,1.3,0.94,0.92,0,0.02,382.12,4.18,2629970.5,3.15
1569,"wikinews",1109,172,181,927,-2.42,-1.77,5.12,1.41,0.98,0.98,0,0.02,300.06,5.87,1903673.15,4.8
1570,"wikinews",1216,224,166,1050,-2.31,-1.57,5.75,1.22,0.91,0.91,0,0.01,301.43,4.81,1810844.38,3.65
1571,"wikinews",3915,784,205,3710,-2.55,-1.75,6.7,1.48,0.89,0.9,0,0.04,465.64,5.75,3177972.85,4.72
1572,"wikinews",1571,274,176,1394,-2.54,-1.88,6.25,1.47,0.93,0.92,0,0.02,432.83,6.56,3071067.62,5.49
1573,"wikinews",1168,199,179,988,-2.59,-1.63,7.75,1.39,0.97,0.99,0,0.01,613.74,5.1,4683253.12,4.08
1574,"wikinews",1903,334,207,1696,-2.62,-1.96,6.79,1.7,0.95,0.95,0,0.03,458.47,7.14,2865431.82,6.11
1575,"wikinews",1064,180,187,877,-2.2,-1.52,6.1,1.25,0.99,0.99,0,0.01,390.61,4.55,2645011.6,3.48
1576,"wikinews",1018,179,171,847,-2.74,-1.84,7.78,1.51,0.98,0.98,0,0.01,669.98,6.3,4845673.63,5.29
1577,"wikinews",5058,946,154,4903,-2.38,-1.72,5.42,1.4,0.88,0.9,0.01,0.09,312.53,5.56,1822410.03,4.49
1578,"wikinews",1231,234,153,1078,-2.16,-1.64,4.92,1.32,0.97,0.96,0,0.01,338.45,5.13,2433068.15,4.05
1579,"wikinews",853,159,148,705,-2.23,-1.19,8,0.97,0.98,0.99,0,0.01,497.42,3.29,3710168.31,2.23
1580,"wikinews",1260,219,156,1104,-2.55,-1.53,7.39,1.28,0.93,0.91,0,0.02,527.94,4.62,3267697.53,3.57
1581,"wikinews",1842,332,174,1668,-2.25,-1.53,5.19,1.17,0.87,0.84,0,0.02,358.16,4.62,2560247.32,3.5
1582,"wikinews",1159,214,149,1010,-2.4,-1.52,6.89,1.3,0.96,0.93,0,0.01,429.8,4.55,2985696.8,3.52
1583,"wikinews",1719,320,151,1568,-2.25,-1.26,7.31,1.16,0.94,0.92,0,0.02,457.57,3.53,3178122.15,2.51
1584,"wikinews",2499,449,141,2358,-2.48,-1.63,7.3,1.43,0.96,0.95,0,0.01,563.89,5.1,3874952.74,4.08
1585,"wikinews",1127,244,137,990,-2.9,-1.99,8.23,1.66,0.92,0.89,0,0.01,649.18,7.32,4282619.54,6.3
1586,"wikinews",5838,1176,172,5666,-2.6,-1.8,6.55,1.38,0.86,0.85,0,0.05,481.22,6.05,3307947.62,4.94
1587,"wikinews",1272,243,143,1129,-2.42,-1.46,7.31,1.15,0.93,0.92,0,0.01,551.46,4.31,4191193.97,3.23
1588,"wikinews",6033,1167,154,5879,-2.97,-2.19,7.31,1.76,0.92,0.92,0,0.06,601.09,8.94,3829127.04,7.92
1589,"wikinews",1419,255,165,1254,-2.47,-1.63,5.76,1.31,0.95,0.95,0,0.04,337.99,5.1,1948611.88,4.06
1590,"wikinews",3331,684,168,3163,-2.41,-1.61,6.81,1.48,0.72,0.67,0.02,0.07,473.59,5,3321016.52,3.99
1591,"wikinews",1233,210,189,1044,-2.41,-1.69,5.14,1.36,0.97,1,0,0.01,260.86,5.45,1208318.97,4.36
1592,"wikinews",1877,363,167,1710,-2.55,-1.73,7.53,1.54,0.93,0.93,0,0.01,558.7,5.64,4081315.12,4.61
1593,"wikinews",752,119,153,599,-2.57,-1.68,6.22,1.36,0.96,0.98,0,0.02,425.11,5.37,2515613.7,4.16
1594,"wikinews",1407,262,156,1251,-2.34,-1.52,5.51,1.25,0.97,0.97,0,0.03,287.32,4.57,1686344.07,3.47
1595,"wikinews",1340,246,153,1187,-2.31,-1.53,5.69,1.16,0.97,0.98,0,0.02,364.46,4.62,2218519.32,3.41
1596,"wikinews",1702,314,139,1563,-2.29,-1.44,6.48,1.28,0.91,0.91,0,0.01,414.45,4.22,3151995.28,3.2
1597,"wikinews",2420,479,174,2246,-2.35,-1.62,5.17,1.35,0.94,0.94,0,0.01,261.28,5.05,1507568.61,3.99
1598,"wikinews",990,177,136,854,-2.22,-1.53,5.17,1.3,0.99,0.99,0,0.01,274.29,4.62,1529781.76,3.61
1599,"wikinews",5613,1060,139,5474,-2.43,-1.62,6.21,1.4,0.88,0.87,0,0.03,424.53,5.03,2788081.1,4.01
1600,"wikinews",981,166,154,827,-2.38,-1.67,6.82,1.53,0.97,0.96,0,0.01,453.95,5.34,3239240.47,4.3
1601,"wikinews",3118,587,128,2990,-2.12,-1.4,5.9,1.21,0.91,0.89,0,0.01,360.67,4.06,2750110.99,3.03
1602,"wikinews",1154,184,178,976,-2.55,-2.12,4.89,1.33,0.96,0.94,0,0.02,262.52,8.33,1441805,7.18
1603,"wikinews",2790,551,154,2636,-2.61,-2.12,5.6,1.5,0.94,0.94,0,0.03,346.92,8.33,2077706.33,7.05
1604,"wikinews",4847,997,167,4679,-2.44,-1.68,6.73,1.47,0.92,0.92,0,0.03,444.5,5.37,3098317.63,4.36
1605,"wikinews",2055,374,172,1883,-2.19,-1.27,6.42,1.17,0.92,0.92,0,0.01,412.77,3.58,2995480.91,2.57
1606,"wikinews",1294,218,172,1122,-2.34,-1.59,6.59,1.36,0.99,1,0,0,408.8,4.9,2991068.84,3.87
1607,"wikinews",1378,239,179,1199,-2.42,-1.74,6.87,1.52,0.98,0.98,0,0.02,500.22,5.7,3568708.02,4.65
1608,"wikinews",5151,1111,141,5010,-1.98,-1.12,5.22,1.03,0.71,0.68,0.01,0.06,282.65,3.06,1840639.98,2.04
1609,"wikinews",841,135,126,715,-2.24,-1.43,6.57,1.2,0.97,0.97,0,0.03,536.87,4.18,4403388.04,3.14
1610,"wikinews",1656,338,126,1530,-2.19,-1.46,5.64,1.19,0.89,0.88,0,0.02,338.51,4.28,2137077.05,3.24
1611,"wikinews",2921,605,136,2785,-2.33,-1.65,5.76,1.47,0.92,0.91,0,0.03,362.17,5.21,2373795.88,4.2
1612,"wikinews",2643,479,162,2481,-2.87,-2.04,7.7,1.68,0.95,0.96,0,0.02,625.52,7.69,4425075.99,6.63
1613,"wikinews",3744,681,160,3584,-2.7,-2,6.36,1.58,0.93,0.92,0,0.04,442.32,7.39,2482815.26,6.34
1614,"wikinews",1410,236,161,1249,-2.8,-2.03,7.4,1.48,0.97,0.95,0,0.01,569.19,7.61,3777997.88,6.48
1615,"wikinews",1222,250,131,1091,-2.31,-1.62,5.97,1.25,0.9,0.88,0,0.01,360.74,5.07,2424157.12,3.96
1616,"wikinews",1776,348,138,1638,-2.37,-1.68,5.58,1.35,0.94,0.92,0,0.01,367.04,5.36,2473605.62,4.29
1617,"wikinews",1334,238,149,1185,-2.54,-1.66,7.27,1.25,0.98,0.97,0,0.01,534.27,5.26,3872670.34,4.24
1618,"wikinews",5853,1169,160,5693,-2.62,-1.89,6.58,1.59,0.83,0.8,0,0.02,440.62,6.62,2948060.4,5.58
1619,"wikinews",1312,234,164,1148,-2.01,-1.14,5.66,1,0.98,0.97,0,0.03,368.69,3.11,2755303.54,2.1
1620,"wikinews",1527,316,153,1373,-2.59,-1.81,7.21,1.38,0.95,0.94,0,0.03,421.95,6.08,2605278.07,4.98
1621,"wikinews",2624,550,160,2464,-2.35,-1.56,6.86,1.36,0.92,0.9,0,0.04,467.11,4.76,3579999.55,3.73
1622,"wikinews",1547,285,169,1378,-2.34,-1.46,7.38,1.31,0.94,0.93,0,0,570.11,4.31,4226678.6,3.28
1623,"wikinews",1768,335,167,1601,-2.02,-1.3,5.2,1.16,0.96,0.96,0,0.02,328.87,3.67,2527209.54,2.65
1624,"wikinews",3280,665,160,3120,-2.86,-1.95,7.88,1.72,0.92,0.91,0,0.01,642.17,7.03,4200892,6.03
1625,"wikinews",1483,276,170,1313,-2.5,-1.64,6.81,1.4,0.95,0.95,0,0.01,482.01,5.15,3015141.35,4.15
1626,"wikinews",1098,175,189,908,-2.5,-1.71,7.07,1.39,0.97,0.97,0,0.03,497.43,5.53,3359771.27,4.42
1627,"wikinews",1501,290,131,1370,-1.97,-1.05,5.46,0.94,0.93,0.91,0,0.04,408.05,2.86,2991663.56,1.84
1628,"wikinews",3145,605,183,2961,-2.48,-1.64,6.51,1.34,0.89,0.88,0,0.01,469.04,5.16,3404284.63,4.1
1629,"wikinews",1654,303,159,1495,-2.42,-1.87,5.58,1.5,0.95,0.95,0,0.01,369.06,6.49,2294656.46,5.4
1630,"wikinews",1197,207,186,1011,-2.37,-1.5,6.08,1.32,0.98,0.98,0,0.01,421.71,4.48,2710457.13,3.46
1631,"wikinews",12356,2726,148,12207,-2.93,-2.18,7.99,1.74,0.74,0.7,0.01,0.05,682.04,8.85,4887975.12,7.8
1632,"wikinews",4049,779,181,3867,-2.44,-1.74,5.67,1.37,0.89,0.88,0,0.02,363.5,5.7,2059817.36,4.58
1633,"wikinews",3240,615,167,3073,-2.56,-1.73,7.08,1.42,0.94,0.93,0,0.03,549.31,5.64,3824397.73,4.58
1634,"wikinews",1630,320,106,1524,-1.97,-1.15,5.09,0.99,0.83,0.79,0.01,0.02,305.83,3.18,1991956.08,2.13
1635,"wikinews",1104,195,153,951,-2.48,-1.48,6.77,1.18,0.97,0.97,0,0.01,515.35,4.39,3547993.98,3.37
1636,"wikinews",2586,520,180,2406,-2.24,-1.58,5.41,1.26,0.9,0.9,0,0.03,333.67,4.83,2171861.8,3.8
1637,"wikinews",1249,237,160,1089,-2.37,-1.59,5.68,1.26,0.94,0.93,0,0.02,425.18,4.9,3252550.89,3.83
1638,"wikinews",1306,248,155,1151,-1.93,-1.1,5,1.04,0.93,0.97,0,0.03,290.37,3.01,1962978.68,1.99
1639,"wikinews",1146,210,170,976,-2.43,-1.68,6.14,1.22,0.94,0.92,0,0.01,450.24,5.34,2928276.82,4.13
1640,"wikinews",1493,292,171,1321,-1.85,-1.03,5.11,0.94,0.92,0.89,0,0.02,280.54,2.8,1678385.2,1.78
1641,"wikinews",3181,613,158,3023,-2.12,-1.22,5.53,1.08,0.94,0.92,0,0.01,331.01,3.39,2262224.17,2.36
1642,"wikinews",2821,529,139,2682,-2.5,-1.59,6.85,1.45,0.95,0.95,0,0.02,505.42,4.9,3480932.47,3.88
1643,"wikinews",2504,508,152,2351,-2.68,-1.96,6.59,1.42,0.9,0.9,0,0.01,441.86,7.1,3048744.84,5.93
1644,"wikinews",2731,529,148,2583,-2.65,-2.02,6.5,1.54,0.97,0.97,0,0.01,457.96,7.54,3144063.95,6.47
1645,"wikinews",2516,476,155,2360,-2.06,-1.46,4.66,1.21,0.93,0.93,0,0.01,230.77,4.28,1476112.77,3.28
1646,"wikinews",922,161,160,761,-2.42,-1.49,7.56,1.37,0.98,0.98,0,0.01,568.59,4.44,4128032.16,3.4
1647,"wikinews",1020,184,160,860,-2.76,-1.9,7.99,1.75,0.96,0.96,0,0.02,599.31,6.65,4167247.68,5.65
1648,"wikinews",2889,545,144,2744,-2.04,-1.31,5.66,1.2,0.87,0.84,0.01,0.05,357.06,3.71,2508619.34,2.69
1649,"wikinews",1116,212,171,945,-2.36,-1.67,5.63,1.38,0.88,0.87,0,0.02,337.35,5.34,2219059,4.18
1650,"wikinews",5754,1212,157,5597,-2.26,-1.45,6.25,1.29,0.84,0.82,0.01,0.06,394.28,4.26,2830988.33,3.24
1651,"wikinews",2537,475,195,2342,-2.64,-1.92,6.31,1.62,0.96,0.97,0,0.03,445.49,6.82,2889158.26,5.75
1652,"wikinews",2365,419,139,2226,-2.33,-1.67,5.32,1.38,0.92,0.92,0,0.06,299.39,5.31,1739004.32,4.2
1653,"wikinews",1266,236,158,1107,-1.98,-1.15,5.02,1.1,0.92,0.94,0,0.06,290.6,3.16,2041543.63,2.15
1654,"wikinews",1144,207,161,983,-2.32,-1.58,5.59,1.41,0.98,0.98,0,0,324.41,4.85,2025271.89,3.83
1655,"wikinews",1743,308,182,1561,-2.14,-1.02,6.34,0.99,0.96,0.97,0,0.02,393.05,2.78,2685672.75,1.76
1656,"wikinews",2096,370,184,1912,-2.36,-1.8,5.1,1.43,0.78,0.73,0.01,0.06,294.18,6.05,1776602.82,4.9
1657,"wikinews",1199,214,168,1031,-1.94,-1.55,3.61,1.24,0.98,0.97,0,0.01,130.36,4.71,593796.68,3.69
1658,"wikinews",1602,311,120,1482,-2.6,-1.53,8.17,1.39,0.98,0.98,0,0.01,764.43,4.62,5497363.36,3.6
1659,"wikinews",1072,185,155,917,-1.92,-0.99,6.12,0.94,0.98,0.99,0,0.01,362.11,2.69,2807560.56,1.69
1660,"wikinews",872,154,172,699,-2.17,-1.34,5.5,1.16,0.98,1,0,0,257.96,3.82,1251393.29,2.79
1661,"wikinews",1474,244,168,1306,-2.19,-1.64,4.03,1.28,0.96,0.95,0,0.01,191.19,5.16,1230607.17,4.05
1662,"wikinews",1662,308,155,1507,-2.46,-1.64,6.24,1.38,0.94,0.93,0,0.03,420.54,5.15,2303695.44,4.09
1663,"wikinews",1408,280,134,1274,-2.07,-1.18,4.95,1.08,0.95,0.94,0,0.02,200.96,3.26,1203090.49,2.25
1664,"wikinews",1968,377,136,1832,-2.12,-1.53,4.79,1.26,0.92,0.92,0,0.04,277.29,4.62,1859446.65,3.61
1665,"wikinews",1068,167,153,915,-2.63,-1.76,6.63,1.45,0.98,0.99,0,0.01,493.61,5.81,3569445.94,4.7
1666,"wikinews",1909,354,165,1744,-2.25,-1.35,5.67,1.27,0.95,0.94,0,0.03,364.3,3.86,2434019.96,2.85
1667,"wikinews",1044,181,152,892,-2.38,-1.66,5.91,1.32,0.97,0.95,0,0.02,347.31,5.26,2268562.95,4.11
1668,"wikinews",4238,909,145,4093,-2.37,-1.63,6.2,1.43,0.91,0.9,0,0.01,415.84,5.1,2858499.98,4.09
1669,"wikinews",2668,476,160,2508,-2.58,-1.88,6.24,1.52,0.91,0.88,0,0.01,400.98,6.55,2622068.72,5.46
1670,"wikinews",3581,732,146,3434,-2.35,-1.56,5.8,1.29,0.89,0.88,0,0.01,341.08,4.76,2186946.61,3.72
1671,"wikinews",1192,227,159,1033,-2.23,-1.35,5.49,1.17,0.89,0.89,0.01,0.11,292.18,3.86,1554193.74,2.79
1672,"wikinews",1361,247,149,1212,-2.72,-1.88,8.35,1.61,0.97,0.97,0,0.02,726.34,6.55,5455611.88,5.51
1673,"wikinews",1426,255,180,1246,-2.42,-1.66,6.74,1.45,0.98,0.98,0,0.02,527.83,5.26,3976762.39,4.23
1674,"wikinews",940,150,169,771,-2.35,-1.56,6.11,1.24,0.99,0.99,0,0.01,407.19,4.76,3034634.18,3.61
1675,"wikinews",2774,536,160,2614,-2.76,-1.94,7.59,1.61,0.91,0.9,0,0.01,565.49,7,3887580.9,5.94
1676,"wikinews",961,194,129,831,-2.48,-1.92,5.98,1.64,0.97,0.97,0,0.01,358.46,6.86,1944466.05,5.84
1677,"wikinews",2650,546,151,2499,-2.48,-1.53,6.95,1.35,0.91,0.91,0,0.05,469.42,4.62,3067824.39,3.59
1678,"wikinews",1579,307,143,1436,-1.96,-1.12,5.27,1.01,0.88,0.85,0,0.02,341.17,3.06,2484541.93,2.04
1679,"wikinews",2625,485,171,2453,-2.57,-1.74,7.35,1.42,0.97,0.97,0,0.01,522.75,5.7,3907135.66,4.61
1680,"wikinews",1684,297,133,1550,-2.74,-2.03,6.93,1.65,0.92,0.91,0,0.01,554.1,7.61,3675104.99,6.52
1681,"wikinews",1043,190,135,907,-2.74,-1.69,8.33,1.4,0.96,0.96,0,0.02,657.66,5.42,4245502.92,4.38
1682,"wikinews",4313,837,145,4167,-2.56,-1.88,6.58,1.46,0.85,0.86,0,0.06,463.16,6.55,3232162.5,5.46
1683,"wikinews",2362,424,165,2197,-2.72,-1.98,6.49,1.54,0.96,0.95,0,0.02,495.09,7.28,3082855.1,6.1
1684,"wikinews",2055,397,160,1894,-2.87,-1.98,8.54,1.66,0.94,0.94,0,0.03,728.4,7.24,5037452.2,6.19
1685,"wikinews",1766,364,169,1597,-2.44,-1.63,6.55,1.36,0.94,0.94,0,0.02,422.56,5.11,2738891.51,4.05
1686,"wikinews",1370,293,141,1229,-2.43,-1.38,7.27,1.3,0.96,0.95,0,0.02,496.31,3.97,3254736.68,2.97
1687,"wikinews",2006,412,134,1871,-2.64,-2.04,6.06,1.46,0.93,0.93,0,0.03,386.09,7.73,2421278.7,6.57
1688,"wikinews",1833,359,135,1698,-2.54,-1.61,7.61,1.5,0.95,0.95,0,0.01,586.68,5,4229077.81,3.99
1689,"wikinews",1124,225,120,1003,-2.65,-1.71,8.08,1.46,0.91,0.9,0,0.02,513.73,5.53,3411631.51,4.46
1690,"wikinews",2124,386,158,1966,-2.12,-1.37,4.89,1.15,0.92,0.9,0,0.01,255.67,3.92,1704404.01,2.89
1691,"wikinews",1943,359,148,1794,-2.05,-1.24,5.57,1.11,0.9,0.91,0,0.03,350.39,3.46,2611705.21,2.42
1692,"wikinews",1584,306,156,1428,-2.49,-1.86,5.55,1.38,0.96,0.96,0,0.03,399.35,6.42,2781459.96,5.3
1693,"wikinews",1509,273,171,1338,-2.2,-1.48,4.92,1.25,0.94,0.95,0,0.03,273.43,4.39,1876166.24,3.35
1694,"wikinews",2027,398,156,1870,-2.24,-1.37,5.82,1.2,0.94,0.94,0,0.04,389.24,3.94,2547993.25,2.87
1695,"wikinews",3018,522,178,2840,-2.17,-1.62,4.54,1.32,0.86,0.84,0,0.02,209.18,5.05,947102.63,3.97
1696,"wikinews",1079,192,150,929,-2.07,-1.23,5.44,1.06,0.96,0.95,0,0.01,296.05,3.44,1804517.24,2.4
1697,"wikinews",2875,534,148,2727,-2.5,-1.84,6.28,1.6,0.93,0.92,0,0.01,389.62,6.3,2502668.72,5.29
1698,"wikinews",1538,279,144,1394,-2.25,-1.58,5.33,1.3,0.91,0.9,0,0.01,292.64,4.85,1955680.61,3.8
1699,"wikinews",1117,233,136,981,-2.4,-1.58,7.07,1.45,0.99,1,0,0,401.13,4.85,2901047.4,3.85
1700,"wikinews",1409,272,154,1255,-2.44,-1.82,6.51,1.33,0.97,0.97,0,0.03,466.57,6.17,3359831.04,5.08
1701,"wikinews",1740,299,173,1567,-2.38,-1.71,5.56,1.29,0.9,0.91,0,0.04,358.03,5.53,2364490.64,4.41
1702,"wikinews",1506,287,132,1374,-1.99,-1.2,5.47,1.09,0.88,0.88,0.01,0.08,332.44,3.32,2388273.26,2.3
1703,"wikinews",1677,317,155,1522,-2.46,-1.79,5.35,1.43,0.94,0.93,0,0.01,325.19,5.99,1899860,4.9
1704,"wikinews",934,160,158,776,-2.5,-1.8,5.71,1.36,0.98,0.97,0,0.01,402.8,6.02,2834785.47,4.85
1705,"wikinews",642,125,137,504,-2.34,-1.66,5.07,1.51,1,1,0,0,205.44,5.26,795459.39,4.26
1706,"wikinews",2962,678,140,2822,-2.63,-2.04,6.37,1.52,0.77,0.69,0.02,0.05,479.76,7.65,3328267.15,6.6
1707,"wikinews",1913,411,120,1792,-2.74,-1.75,8.89,1.56,0.86,0.81,0.01,0.02,691.41,5.75,5264171.58,4.73
1708,"wikinews",922,175,141,781,-2.99,-2.25,8.53,1.98,0.94,0.94,0,0.01,755.25,9.49,4553700.73,8.38
1709,"wikinews",1480,280,159,1321,-2.39,-1.62,5.84,1.47,0.92,0.89,0,0.01,333.83,5.05,1920769.81,4.04
1710,"wikinews",1332,250,143,1189,-2.37,-1.77,5.61,1.44,0.95,0.95,0,0.02,409.51,5.87,3186492.77,4.81
1711,"wikinews",1426,229,195,1231,-2.52,-1.72,6.56,1.3,0.97,0.97,0,0.03,479.82,5.58,3189441.77,4.5
1712,"wikinews",1421,265,130,1290,-2.39,-1.57,7.31,1.33,0.95,0.95,0,0.02,485,4.81,3753232.68,3.78
1713,"wikinews",823,140,160,663,-2.36,-1.54,6.56,1.32,0.95,0.93,0,0.04,472.94,4.69,3607243.03,3.57
1714,"wikinews",1519,240,178,1341,-2.7,-2.12,5.97,1.54,0.94,0.93,0,0.01,362.32,8.33,2031210.51,7.01
1715,"wikinews",3124,573,198,2925,-2.71,-1.95,7.17,1.55,0.91,0.9,0,0.01,496.01,7.03,3268819.91,5.97
1716,"wikinews",3457,678,111,3346,-2.56,-1.68,6.86,1.41,0.9,0.89,0,0.01,508.07,5.4,3263739.09,4.34
1717,"wikinews",2502,421,170,2332,-2.23,-1.41,5.87,1.24,0.94,0.91,0,0.03,359.04,4.1,2504188.61,3.04
1718,"wikinews",4076,797,149,3927,-2.61,-2.03,6.06,1.45,0.94,0.94,0,0.03,440.97,7.61,2994632.29,6.5
1719,"wikinews",3728,785,174,3554,-2.46,-1.83,5.76,1.43,0.93,0.93,0,0.05,349.02,6.23,2206253.15,5.19
1720,"wikinews",1023,169,199,824,-2.46,-1.72,6.96,1.48,0.98,0.98,0,0.01,460.86,5.58,2988227.37,4.5
1721,"wikinews",779,131,165,614,-2.45,-2.01,4.11,1.56,0.93,0.92,0,0.02,151.53,7.46,809549.34,6.34
1722,"wikinews",1251,252,136,1115,-1.92,-1.06,4.63,1.02,0.92,0.92,0,0.02,168.65,2.88,682883.83,1.87
1723,"wikinews",1258,198,174,1084,-2.42,-1.38,5.65,1.15,0.92,0.92,0,0.05,330.35,3.97,1912550.95,2.91
1724,"wikinews",2271,424,146,2124,-2.1,-1.46,5.03,1.25,0.84,0.82,0,0.03,284.63,4.32,1873010.24,3.25
1725,"wikinews",975,157,170,805,-2.27,-1.43,5.3,1.18,0.95,0.95,0,0.01,319.44,4.18,2346582.85,3.12
1726,"wikinews",1245,237,170,1074,-2.34,-1.47,6.36,1.32,0.93,0.91,0,0.02,424.03,4.35,2905173.16,3.32
1727,"wikinews",1132,210,136,996,-1.85,-1.35,4.05,1.16,0.96,0.95,0,0.01,190.18,3.84,1096817.04,2.83
1728,"wikinews",1390,253,154,1236,-2.63,-1.79,7.1,1.48,0.96,0.96,0,0.02,567.6,5.99,3960288.51,4.93
1729,"wikinews",2455,445,170,2285,-2.38,-1.52,6.33,1.21,0.86,0.83,0,0.02,443.69,4.57,3037692.06,3.43
1730,"wikinews",2028,368,180,1848,-2.46,-1.78,5.47,1.48,0.93,0.93,0,0.03,317.11,5.93,1819090.57,4.82
1731,"wikinews",2069,391,166,1903,-2.46,-1.62,6.04,1.3,0.96,0.96,0,0.01,406.99,5.05,2256912.85,3.96
1732,"wikinews",776,145,162,614,-2.19,-1.44,5.47,1.17,0.91,0.9,0,0.02,302.97,4.22,1876363.85,3.19
1733,"wikinews",869,149,139,730,-2.3,-1.71,4.85,1.51,0.91,0.89,0,0.05,229.28,5.53,1257444.51,4.47
1734,"wikinews",1176,201,146,1030,-2.43,-1.62,6.48,1.27,0.97,0.97,0,0.01,399.98,5.05,2569176.31,3.92
1735,"wikinews",1393,248,171,1222,-2.04,-1.33,4.97,1.24,0.97,0.96,0,0.01,199.55,3.76,1090213.44,2.74
1736,"wikinews",4001,780,155,3846,-2.24,-1.45,5.94,1.29,0.9,0.89,0,0.01,357.28,4.26,2389943.62,3.24
1737,"wikinews",1024,172,193,830,-2.95,-1.98,8.99,1.58,0.98,1,0,0,657.44,7.2,4326934.4,6.14
1738,"wikinews",995,168,152,843,-2.26,-1.56,5.39,1.35,0.98,0.98,0,0.01,348.66,4.78,2173382.23,3.72
1739,"wikinews",1386,260,143,1243,-2.8,-2.08,8.08,1.68,0.96,0.97,0,0.02,543.8,8.01,3394209.07,6.98
1740,"wikinews",1699,299,173,1526,-2.38,-1.55,6.4,1.36,0.95,0.93,0,0.02,474.81,4.71,3239798.96,3.64
1741,"wikinews",877,156,152,725,-2.08,-1.25,5.04,1.08,0.95,0.95,0,0.03,267.08,3.48,1501280.18,2.42
1742,"wikinews",1456,259,178,1278,-2.66,-1.73,7.49,1.47,0.97,0.96,0,0.02,554.25,5.64,3551342.49,4.55
1743,"wikinews",2965,615,104,2861,-2.62,-1.72,7.84,1.48,0.88,0.86,0,0.02,584.38,5.58,4215277.3,4.56
1744,"wikinews",1035,173,167,868,-2.41,-1.74,5.5,1.32,0.95,0.95,0,0.01,370.13,5.7,2865710.44,4.66
1745,"wikinews",1290,249,179,1111,-2.54,-1.67,7.49,1.38,0.95,0.96,0,0.04,503.19,5.31,3744962.3,4.23
1746,"wikinews",4078,809,150,3928,-2.52,-1.88,5.76,1.42,0.92,0.9,0,0.01,399.69,6.55,2645179.35,5.4
1747,"wikinews",1341,250,165,1176,-2.16,-1.44,4.77,1.24,0.97,0.95,0,0.02,222.76,4.2,1025794.2,3.15
1748,"wikinews",1388,259,164,1224,-2.55,-1.75,6.64,1.53,0.96,0.97,0,0.03,507.1,5.75,3809116.27,4.71
1749,"wikinews",1035,194,129,906,-2.61,-1.84,6.89,1.54,0.97,1,0,0,515.98,6.27,3578559.94,5.25
1750,"wikinews",1116,192,150,966,-2.6,-1.67,7.16,1.38,0.95,0.93,0,0.04,584.42,5.34,4264262.76,4.3
1751,"wikinews",1821,317,200,1621,-2.07,-1.4,4.62,1.25,0.94,0.94,0,0.02,242.95,4.06,1576686.61,3.04
1752,"wikinews",2270,415,121,2149,-2.49,-1.7,6.08,1.34,0.9,0.87,0,0.02,347.81,5.47,2231268.5,4.39
1753,"wikinews",1330,232,161,1169,-2.65,-1.81,7.47,1.42,0.96,0.97,0,0.02,528.08,6.11,3319097.15,5.1
1754,"wikinews",1404,238,155,1249,-2.2,-1.68,3.75,1.24,0.96,0.98,0,0.02,147.42,5.4,661144.95,4.19
1755,"wikinews",2093,356,164,1929,-2.41,-1.71,4.95,1.27,0.9,0.9,0,0.02,241.56,5.53,1260237.06,4.45
1756,"wikinews",1552,306,138,1413,-2.81,-1.94,7.35,1.49,0.95,0.95,0,0,495.85,6.92,3244736.2,5.79
1757,"wikinews",1613,283,185,1428,-2.47,-1.75,7.35,1.36,0.97,0.97,0,0.01,519.64,5.75,4133468.65,4.68
1758,"wikinews",4060,791,161,3899,-2.12,-1.35,5.75,1.22,0.85,0.81,0.01,0.04,348.64,3.86,2307330.85,2.85
1759,"wikinews",1611,285,166,1445,-2.11,-1.44,5.06,1.25,0.94,0.93,0,0.05,341.54,4.22,2641179.14,3.2
1760,"wikinews",1101,179,169,932,-2.23,-1.61,4.38,1.17,0.94,0.95,0,0.05,194.53,5,857857.52,3.86
1761,"wikinews",998,176,168,830,-2.19,-1.48,5.45,1.25,0.96,0.95,0,0.01,281.85,4.38,1848800.73,3.35
1762,"wikinews",2343,447,162,2181,-2.27,-1.48,6.3,1.34,0.91,0.92,0,0.06,378.84,4.39,2630114.55,3.38
1763,"wikinews",1071,190,143,927,-2.05,-1.06,6.17,1.04,0.97,0.96,0,0.02,414.54,2.88,2988809.47,1.86
1764,"wikinews",1114,187,167,947,-2.65,-1.78,6.32,1.52,0.99,1,0,0,438.65,5.93,2820054.76,4.89
1765,"wikinews",2027,369,187,1840,-2.34,-1.64,5.86,1.32,0.9,0.9,0,0.06,307.23,5.16,1934533.39,4.07
1766,"wikinews",926,141,185,740,-2.18,-1.52,4.72,1.26,0.96,0.97,0,0.03,207.72,4.57,1012290.03,3.51
1767,"wikinews",1799,364,146,1653,-2.37,-1.68,5.35,1.36,0.9,0.93,0,0.04,319.43,5.4,1831289.39,4.26
1768,"wikinews",1724,335,173,1551,-2.4,-1.56,6.52,1.27,0.95,0.94,0,0.01,474.44,4.76,3474474.15,3.67
1769,"wikinews",1897,359,192,1705,-2.54,-1.49,8.49,1.39,0.96,0.97,0,0.03,657.45,4.44,4654938.1,3.43
1770,"wikinews",1281,236,150,1131,-2.04,-1.23,5.6,1.09,0.94,0.94,0,0.02,424.29,3.44,3080603.69,2.41
1771,"wikinews",944,160,163,781,-2.02,-1.19,5.54,1.12,0.95,0.94,0,0.03,389.98,3.3,2861012.57,2.29
1772,"wikinews",2784,523,172,2612,-2.22,-1.53,5.43,1.29,0.91,0.91,0,0.04,309.52,4.62,1839456.72,3.58
1773,"wikinews",1877,343,163,1714,-2.11,-1.47,4.6,1.27,0.91,0.93,0.01,0.07,216.19,4.35,1104341.3,3.31
1774,"wikinews",1041,190,154,886,-2.28,-1.69,5.41,1.31,0.91,0.88,0,0.01,251.72,5.42,1640431.47,4.34
1775,"wikinews",4406,859,166,4240,-2.85,-2.08,7.55,1.63,0.93,0.93,0,0.01,565.09,8,3758213.69,6.91
1776,"wikinews",2901,595,159,2741,-2.34,-1.63,5.99,1.4,0.9,0.89,0,0.03,354.84,5.1,2340316.04,4.08
1777,"wikinews",2966,562,153,2813,-2.76,-2.02,6.84,1.63,0.91,0.92,0,0.04,508.71,7.54,3388979.19,6.49
1778,"wikinews",1685,340,144,1541,-2.49,-1.41,8.39,1.26,0.95,0.96,0,0.04,526.39,4.1,3674958.13,3.08
1779,"wikinews",2095,475,154,1941,-2.7,-2.02,7.71,1.61,0.72,0.69,0.03,0.14,596,7.54,4219271.17,6.52
1780,"wikinews",3200,693,138,3062,-2.74,-1.69,8.99,1.52,0.84,0.82,0.01,0.09,740,5.42,5482642.05,4.41
1781,"wikinews",868,140,163,705,-2.87,-2.02,6.81,1.38,0.98,0.99,0,0.01,608.71,7.54,4040072.03,5.92
1782,"wikinews",1278,248,148,1130,-2.24,-1.55,5.92,1.46,0.92,0.91,0,0.03,311.82,4.71,2003709.82,3.7
1783,"wikinews",1045,184,152,893,-1.94,-1.46,3.88,1.19,0.95,0.94,0,0.01,147.94,4.33,668902.16,3.21
1784,"wikinews",2556,494,170,2386,-2.5,-1.78,6.45,1.48,0.91,0.88,0,0.03,459.24,5.93,3125895.12,4.9
1785,"wikinews",3486,683,161,3325,-2.47,-1.64,6.34,1.42,0.9,0.89,0,0.07,444.32,5.16,2992250.89,4.13
1786,"wikinews",1531,266,182,1349,-2.3,-1.65,5.34,1.33,0.94,0.97,0,0.03,369.99,5.21,2733234.56,4.12
1787,"wikinews",1209,204,152,1057,-2.54,-1.69,7.02,1.38,0.99,0.99,0,0.01,588.55,5.44,4222329.84,4.29
1788,"wikinews",2163,442,153,2009,-2.6,-1.84,6.49,1.51,0.94,0.93,0,0.04,449.05,6.3,2907589.65,5.28
1789,"wikinews",1661,380,116,1544,-2.76,-1.74,8.44,1.41,0.91,0.91,0,0.05,652.1,5.67,4956119.13,4.59
1790,"wikinews",2137,413,152,1985,-2,-1.16,5.44,1.1,0.9,0.89,0,0.04,324.39,3.19,2260200.23,2.18
1791,"wikinews",1112,194,157,955,-2.68,-1.86,6.79,1.68,0.96,0.95,0,0.01,455.2,6.41,2817172.65,5.41
1792,"wikinews",2548,476,179,2368,-2.3,-1.38,6.13,1.24,0.9,0.89,0,0.05,411.32,3.98,2755654.81,2.95
1793,"wikinews",1095,180,171,924,-2.58,-1.69,6.16,1.38,0.94,0.92,0,0.01,517.72,5.42,3879535.75,4.31
1794,"wikinews",1265,247,124,1140,-3.05,-2.28,9.01,1.85,0.98,0.99,0,0.01,675.09,9.78,4968711.43,8.77
1795,"wikinews",1291,230,156,1135,-2.3,-1.57,5.56,1.17,0.95,0.97,0,0.03,360.26,4.8,2284583.14,3.67
1796,"wikinews",2789,578,152,2637,-2.22,-1.56,6.02,1.27,0.88,0.87,0,0.03,350.97,4.78,2530563.02,3.7
1797,"wikinews",1036,180,158,878,-3.2,-2.22,10.23,1.77,0.93,0.9,0,0.01,948.93,9.26,6714911.42,8.18
1798,"wikinews",1823,366,150,1673,-2.62,-1.6,7.84,1.35,0.9,0.86,0,0.01,594.53,4.97,4190237.22,3.96
1799,"wikinews",967,201,115,852,-2.35,-1.33,7.86,1.16,0.93,0.93,0,0.03,551.57,3.78,4311926.84,2.75
1800,"wikinews",1134,222,179,955,-2.46,-1.6,6.54,1.35,0.83,0.78,0.01,0.03,398.69,4.93,2322915.67,3.88
1801,"wikinews",1139,208,154,985,-2.36,-1.74,4.73,1.38,0.97,0.96,0,0.03,202.82,5.66,560698.25,4.58
1802,"wikinews",1786,364,142,1644,-2.14,-1.42,5.2,1.17,0.91,0.91,0,0.05,284.68,4.12,1958035.03,3.1
1803,"wikinews",1740,296,170,1570,-2.44,-1.7,5.6,1.36,0.93,0.9,0,0.04,349.98,5.5,2144303.74,4.33
1804,"wikinews",1661,316,147,1513,-2.1,-1.45,4.81,1.23,0.92,0.88,0,0.02,285.31,4.26,2207693.13,3.21
1805,"wikinews",1246,254,140,1105,-2.04,-1.4,4.57,1.21,0.94,0.95,0,0.03,217.25,4.06,1217957,3.03
1806,"wikinews",1117,216,134,983,-2.92,-2.09,8.61,1.59,0.96,0.95,0,0.01,660.14,8.12,4681914.86,7.06
1807,"wikinews",987,163,157,830,-2.11,-1.2,6.31,1.05,0.95,0.97,0,0.03,451.18,3.32,3408518.99,2.3
1808,"wikinews",2086,367,182,1904,-2.31,-1.62,5.61,1.36,0.89,0.88,0,0.05,303.46,5.05,1692313.97,4
1809,"wikinews",1251,240,117,1134,-2.42,-1.69,5.54,1.41,0.95,0.94,0,0.02,304.98,5.42,1341709.85,4.37
1810,"wikinews",1157,185,162,994,-2.37,-1.72,6.29,1.34,0.93,0.92,0,0.01,403.74,5.58,3118137.67,4.49
1811,"wikinews",668,119,159,509,-2.28,-1.27,8.32,1.16,0.99,1,0,0,708.39,3.56,5488880.92,2.52
1812,"wikinews",2894,523,174,2719,-2.56,-1.91,5.55,1.38,0.94,0.93,0,0.02,374.17,6.75,2357968.05,5.5
1813,"wikinews",1150,183,185,965,-2.45,-1.72,5.9,1.49,0.99,1,0,0,389.92,5.58,2589532.4,4.51
1814,"wikinews",2013,348,166,1847,-2.56,-1.69,6.21,1.26,0.93,0.93,0,0.01,443.3,5.42,2825178.5,4.26
1815,"wikinews",866,166,122,744,-2.69,-1.47,7.85,1.29,0.99,0.99,0,0.01,610.84,4.35,3967921.12,3.34
1816,"wikinews",1081,197,150,931,-2.11,-1.22,5.39,1.19,0.96,0.96,0,0.01,284.79,3.39,1754657.71,2.39
1817,"wikinews",1793,340,152,1641,-2.66,-2.01,6.69,1.57,0.97,0.97,0,0.01,458.99,7.5,3278531.62,6.4
1818,"wikinews",1309,246,162,1147,-2.33,-1.49,6.77,1.27,0.87,0.84,0,0.02,464.9,4.44,3440900.47,3.42
1819,"wikinews",1913,360,159,1753,-2.52,-1.82,6.39,1.5,0.93,0.92,0,0.01,402.11,6.17,2686467.46,5.09
1820,"wikinews",2059,371,169,1890,-2.36,-1.17,8.11,1.12,0.9,0.89,0,0.01,589.36,3.22,4378412.11,2.21
1821,"wikinews",2340,586,149,2191,-2.21,-1.09,6.97,1.07,0.81,0.8,0.01,0.08,454.28,2.97,3225039.12,1.97
1822,"wikinews",890,152,142,748,-2.55,-1.78,6.55,1.41,0.98,0.97,0,0.01,437.74,5.93,3343179.72,4.74
1823,"wikinews",1004,179,87,917,-2.77,-2.06,6.18,1.59,0.94,0.95,0,0.02,553.57,7.85,3958220.6,6.8
1824,"wikinews",1013,176,166,846,-2.81,-1.96,7.32,1.65,0.97,0.95,0,0.02,521.86,7.06,3854248.49,5.92
1825,"wikinews",2235,403,148,2087,-2.22,-1.52,5.16,1.21,0.89,0.86,0,0.03,270.71,4.57,1501456.88,3.42
1826,"wikinews",717,138,146,570,-2.38,-1.54,6.54,1.35,0.96,0.96,0,0.03,520.55,4.64,3649589.73,3.62
1827,"wikinews",1496,239,192,1304,-2.33,-1.5,6.08,1.33,0.93,0.93,0,0.05,425.83,4.48,2973018.45,3.43
1828,"wikinews",1533,324,151,1382,-2.49,-1.6,6.88,1.5,0.9,0.89,0,0.01,440.61,4.92,2935571.96,3.92
1829,"wikinews",943,175,143,800,-1.85,-0.81,6.74,0.73,0.95,0.95,0,0.01,437.16,2.25,3709052.23,1.24
1830,"wikinews",2672,536,124,2548,-2.04,-1.23,5.65,1.1,0.92,0.94,0,0.06,358.92,3.44,2651855.29,2.41
1831,"wikinews",2611,556,157,2454,-2.8,-1.72,10.04,1.53,0.91,0.91,0,0.02,818.08,5.58,6298302.52,4.56
1832,"wikinews",1385,234,162,1223,-2.37,-1.66,5.36,1.29,0.95,0.95,0,0.04,345.39,5.29,2212424.39,4.24
1833,"wikinews",855,157,152,703,-2,-1.04,6.02,1.01,0.95,0.94,0,0.03,411.56,2.83,2734640.51,1.82
1834,"wikinews",1738,352,156,1582,-2.3,-1.48,6.31,1.29,0.94,0.94,0,0.03,366.41,4.39,2527627.75,3.39
1835,"wikinews",1700,328,157,1543,-2.45,-1.67,6.59,1.58,0.95,0.93,0,0.03,454.77,5.31,2640001.29,4.3
1836,"wikinews",1060,178,148,911,-3.2,-2.59,6.73,1.74,0.98,0.97,0,0.01,544.21,13.33,2856604.19,11.84
1837,"wikinews",1592,298,163,1428,-2.97,-2.24,7.86,1.89,0.94,0.93,0,0.01,618.89,9.44,4227695.68,8.42
1838,"wikinews",1121,195,164,957,-2.17,-1.32,6.18,1.03,0.95,0.97,0,0.03,459.02,3.74,3267952.25,2.65
1839,"wikinews",794,135,135,659,-2.19,-1.22,6.4,1.06,0.94,0.93,0,0.01,567.41,3.39,4093163.8,2.36
1840,"wikinews",1275,208,167,1108,-2.38,-1.42,6.16,1.22,0.95,0.96,0,0.02,420.26,4.16,2615658.14,3.15
1841,"wikinews",1118,192,140,978,-2.8,-1.78,7.39,1.25,0.95,0.94,0,0.01,683.15,5.9,5089020.3,4.69
1842,"wikinews",1952,346,184,1768,-2.13,-1.54,4.93,1.19,0.9,0.9,0,0.02,260.35,4.66,1659197.69,3.58
1843,"wikinews",1126,202,154,972,-2.53,-1.78,6.14,1.26,0.94,0.93,0,0.02,434.27,5.96,2972656.35,4.84
1844,"wikinews",1842,354,179,1662,-2.16,-1.25,5.85,1.13,0.92,0.92,0,0.04,349.54,3.51,2489133.16,2.47
1845,"wikinews",1129,196,151,978,-1.97,-1.02,5.92,1,0.88,0.84,0.01,0.03,336.29,2.79,2360557.7,1.79
1846,"wikinews",1566,303,174,1392,-2.28,-1.01,7.9,0.98,0.89,0.89,0,0.02,551.51,2.75,4150655.58,1.74
1847,"wikinews",1342,240,150,1191,-2.54,-1.55,7.52,1.44,0.97,0.99,0,0.01,524.05,4.72,3576796.46,3.71
1848,"wikinews",764,146,154,610,-2.6,-1.68,7.52,1.53,0.92,0.92,0,0.01,586.42,5.4,4240573.39,4.37
1849,"wikinews",1372,248,149,1223,-2.62,-1.7,7.26,1.43,0.98,0.98,0,0.02,581.83,5.5,3899930.64,4.49
1850,"wikinews",1719,308,168,1551,-2.44,-1.38,6.89,1.33,0.95,0.94,0,0.03,474.95,3.96,3186583.33,2.95
1851,"wikinews",11557,2357,149,11408,-2.15,-1.27,5.87,1.2,0.72,0.69,0.01,0.02,362.66,3.56,2488028.82,2.55
1852,"wikinews",1525,259,172,1353,-2.81,-1.76,8.83,1.6,0.98,0.98,0,0.02,748.03,5.81,5456752.36,4.8
1853,"wikinews",1377,245,159,1218,-1.99,-1.24,4.99,1.18,0.94,0.94,0,0.02,306.6,3.46,2368287.21,2.46
1854,"wikinews",1146,203,162,984,-2.12,-1.42,5.15,1.24,0.95,0.98,0,0.02,265.56,4.14,1707617.42,3.1
1855,"wikinews",1647,310,155,1492,-2.19,-1.2,6.53,1.12,0.96,0.96,0,0.01,404.62,3.34,2703657.97,2.33
1856,"wikinews",1628,265,193,1435,-2.42,-1.83,5.3,1.41,0.93,0.96,0,0.04,322.57,6.23,2336142.06,5.15
1857,"wikinews",2728,570,136,2591,-2.51,-1.82,6.09,1.52,0.94,0.93,0,0.01,430.42,6.14,2940899.35,5.08
1858,"wikinews",1511,308,122,1389,-2.95,-2.13,7.33,1.47,0.92,0.91,0,0.02,699.53,8.46,5011110.39,7.33
1859,"wikinews",3312,618,155,3157,-2.24,-1.56,5.56,1.33,0.92,0.92,0,0.03,278.96,4.78,1610549.59,3.74
1860,"wikinews",1014,183,165,848,-2.68,-1.93,7.1,1.65,0.98,0.99,0,0.01,524.62,6.89,3484401.01,5.85
1861,"wikinews",1204,238,152,1051,-2.12,-1.48,5.65,1.16,0.95,0.94,0,0.02,343.61,4.42,2419255.13,3.37
1862,"wikinews",1292,267,141,1151,-2.49,-1.76,7.58,1.34,0.97,0.97,0,0.01,537.17,5.81,4116172.86,4.68
1863,"wikinews",1095,167,171,924,-2.87,-2.08,6.83,1.46,0.98,0.97,0,0,675.04,8,4855554.8,6.85
1864,"wikinews",990,184,115,875,-2.95,-1.92,7.16,1.6,0.96,0.96,0,0.02,538.87,6.8,3582928.49,5.76
1865,"wikinews",956,158,151,805,-2.07,-1.15,5.01,1.03,0.94,0.94,0,0.06,257.05,3.18,1884055.45,2.17
1866,"wikinews",2121,456,117,2003,-2.45,-1.53,8.24,1.43,0.93,0.93,0,0.03,587.07,4.62,4259101.82,3.61
1867,"wikinews",1089,180,167,922,-2.45,-1.85,5.53,1.47,0.96,0.96,0,0.04,354.97,6.36,2339270.88,5.2
1868,"wikinews",1564,277,159,1405,-2.2,-1.54,4.9,1.21,0.94,0.95,0,0.02,308.31,4.66,1944625.55,3.55
1869,"wikinews",1007,197,155,852,-2.49,-1.51,6.13,1.38,0.96,0.96,0,0.01,431.41,4.53,2925330.17,3.51
1870,"wikinews",2905,622,172,2732,-2.16,-1.54,4.81,1.23,0.91,0.91,0,0.06,257.6,4.66,1725205.95,3.62
1871,"wikinews",1233,232,184,1049,-3.16,-2.33,9.19,1.9,0.96,0.95,0,0.03,990.97,10.23,7410638.59,9.12
1872,"wikinews",1164,209,158,1006,-2.58,-1.89,6.63,1.5,0.99,1,0,0,543.09,6.62,3800764.23,5.53
1873,"wikinews",1548,287,156,1391,-2.21,-1.45,5.53,1.27,0.97,0.97,0,0.03,263.88,4.26,1346512.66,3.22
1874,"wikinews",1686,375,126,1560,-2.5,-1.57,7.8,1.33,0.83,0.78,0.01,0.06,602.05,4.81,4569819.45,3.77
1875,"wikinews",1301,252,173,1128,-3.02,-1.75,10.19,1.6,0.92,0.92,0,0.02,822.65,5.76,5574490.15,4.74
1876,"wikinews",1453,337,141,1311,-2.01,-1.26,5.62,1.17,0.94,0.94,0,0.02,310.61,3.53,2073475.57,2.51
1877,"wikinews",2105,427,161,1944,-2.07,-1.33,5.3,1.18,0.89,0.87,0,0.02,302.68,3.78,1867830.23,2.74
1878,"wikinews",2476,445,167,2309,-2.66,-1.87,6.77,1.53,0.89,0.87,0,0.01,470.03,6.49,3139734.98,5.41
1879,"wikinews",1209,216,132,1077,-2.08,-1.27,4.84,1.05,0.93,0.91,0,0.04,276.57,3.58,1579623.46,2.46
1880,"wikinews",1785,313,179,1605,-2.51,-1.58,7.39,1.39,0.95,0.95,0,0.03,450.4,4.85,2763104.77,3.83
1881,"wikinews",1552,282,164,1388,-2.43,-1.77,5.51,1.4,0.96,0.96,0,0.02,302.15,5.87,2021748.28,4.78
1882,"wikinews",1510,251,204,1306,-2.64,-1.85,6.51,1.56,0.98,0.98,0,0.01,389.73,6.36,1880453.59,5.31
1883,"wikinews",1697,325,162,1535,-2.51,-1.7,6.79,1.37,0.94,0.95,0,0.03,492.2,5.47,3118495.75,4.44
1884,"wikinews",1626,282,154,1472,-2.39,-1.72,5.22,1.47,0.96,0.97,0,0.01,294.61,5.58,1937933.93,4.54
1885,"wikinews",1080,200,177,902,-2.75,-1.83,6.94,1.56,0.98,0.99,0,0.01,477.06,6.2,2943008.84,5.19
1886,"wikinews",1705,324,159,1545,-2.06,-1.28,5.44,1.17,0.96,0.96,0,0.03,246.83,3.6,1561272.27,2.59
1887,"wikinews",1595,309,160,1435,-2.1,-1.21,5.25,1.13,0.93,0.93,0,0.04,285.45,3.35,1743433.59,2.34
1888,"wikinews",1240,233,143,1097,-2.31,-1.51,5.83,1.28,0.96,1,0,0,329.21,4.53,2203324.08,3.47
1889,"wikinews",1378,248,155,1223,-2,-1.26,4.61,1.08,0.97,0.96,0,0.01,257.52,3.53,1638626.39,2.49
1890,"wikinews",1229,210,168,1061,-1.98,-1.18,5.45,1.01,0.94,0.94,0,0.04,363.72,3.27,2596379.13,2.2
1891,"wikinews",1864,324,168,1696,-1.9,-1.5,3.24,1.12,0.92,0.9,0,0.01,122.84,4.51,521012.67,3.37
1892,"wikinews",853,155,137,716,-2.78,-1.78,6.97,1.34,0.98,0.98,0,0.01,524.92,5.93,3516687.28,4.88
1893,"wikinews",1982,375,166,1816,-2.3,-1.66,5.64,1.42,0.97,0.97,0,0.01,326.27,5.26,2210040.69,4.2
1894,"wikinews",2026,355,172,1853,-2.25,-1.45,5.45,1.24,0.94,0.93,0,0.03,347.12,4.26,2581998.68,3.22
1895,"wikinews",1646,311,143,1503,-2.37,-1.56,6.72,1.37,0.94,0.91,0,0,457.47,4.76,3087256.39,3.73
1896,"wikinews",1256,235,157,1099,-2.55,-1.77,6.97,1.42,0.94,0.93,0,0.01,451.79,5.87,3342052.89,4.74
1897,"wikinews",843,152,168,674,-2.25,-1.89,4.46,1.46,0.95,0.94,0,0.02,194.15,6.62,1256072.31,5.42
1898,"wikinews",1690,301,161,1529,-2.51,-1.8,6.24,1.63,0.99,1,0,0,392.59,6.05,2422019.37,5.03
1899,"wikinews",1137,187,152,985,-2.37,-1.41,5.75,1.22,0.96,0.96,0,0.01,377.32,4.1,2564835.74,3.05
1900,"wikinews",6078,1227,152,5926,-2.13,-1.32,5.67,1.18,0.83,0.8,0.01,0.04,334.12,3.74,2252332.24,2.73
1901,"wikinews",2608,450,207,2401,-2.51,-1.58,7.76,1.47,0.95,0.94,0,0.03,553.92,4.83,3541732.16,3.82
1902,"wikinews",2036,391,148,1888,-2.25,-1.49,5.13,1.15,0.95,0.94,0,0.01,286.18,4.44,1715043.91,3.33
1903,"wikinews",1803,294,174,1628,-2.9,-2.38,6.5,1.76,0.96,0.95,0,0.01,525.16,10.86,3621281.79,9.77
1904,"wikinews",1547,264,170,1377,-2.42,-1.62,6.18,1.45,0.93,0.91,0,0.05,369.93,5.07,1978410.45,4.05
1905,"wikinews",2078,367,191,1886,-2.35,-1.65,6.08,1.48,0.96,0.97,0,0.02,372.8,5.21,2109188.89,4.21
1906,"wikinews",7700,1557,143,7557,-2.25,-1.44,5.82,1.25,0.84,0.82,0,0.03,344.18,4.22,2097944.71,3.19
1907,"wikinews",885,137,185,700,-2.14,-1.57,5.02,1.4,0.96,0.95,0,0.01,219.23,4.81,991848.94,3.79
1908,"wikinews",847,198,107,739,-3.57,-2.59,11.71,2.21,0.96,0.95,0,0.03,1019.22,13.34,7043968.52,12.31
1909,"wikinews",1357,267,134,1223,-2.8,-2.04,7.02,1.53,0.98,0.99,0,0.01,628.68,7.69,4566092.56,6.56
1910,"wikinews",1915,361,141,1773,-2.75,-1.99,6.7,1.56,0.96,0.96,0,0.02,490.66,7.32,3441317.16,6.26
1911,"wikinews",1090,201,158,932,-2.25,-1.51,5.11,1.35,0.91,0.88,0,0.02,253.36,4.53,1125579.78,3.52
1912,"wikinews",944,165,165,779,-2.43,-1.75,5.99,1.46,0.98,0.98,0,0.02,452.88,5.75,3563163.62,4.71
1913,"wikinews",2835,529,188,2647,-2.79,-1.87,7.49,1.61,0.94,0.92,0,0.02,540.33,6.49,3381793.24,5.45
1914,"wikinews",1156,212,188,968,-2.32,-1.52,6.16,1.39,0.98,0.98,0,0.02,309.45,4.57,1968038.02,3.56
1915,"wikinews",1897,344,163,1734,-2.36,-1.56,6.19,1.25,0.87,0.85,0,0.01,412.11,4.78,2718751.6,3.73
1916,"wikinews",1747,316,176,1571,-2.34,-1.62,6.12,1.35,0.97,0.97,0,0.02,378.57,5.06,2464491.23,4.03
1917,"wikinews",1510,277,133,1377,-2.2,-1.36,5.64,1.17,0.91,0.89,0,0.05,418.9,3.9,3375297.16,2.88
1918,"wikinews",2419,458,156,2263,-2.39,-1.58,6.76,1.43,0.93,0.92,0,0.02,478.58,4.85,3388197.93,3.84
1919,"wikinews",1716,314,179,1537,-2.8,-2.28,5.81,1.55,0.95,0.94,0,0.01,417.86,9.73,2657487.12,8.6
1920,"wikinews",1468,332,141,1327,-2.36,-1.68,6.39,1.46,0.95,0.95,0,0.03,403.32,5.4,2964464.25,4.38
1921,"wikinews",2120,401,176,1943,-2.56,-1.79,6.36,1.45,0.96,0.96,0,0.03,384.83,5.99,2474647.7,4.91
1922,"wikinews",1324,285,129,1195,-2.48,-1.59,7.08,1.47,0.97,0.97,0,0.03,566.64,4.9,4403860.4,3.89
1923,"wikinews",1238,206,155,1083,-2.23,-1.47,6.38,1.31,0.97,0.98,0,0.02,495.7,4.35,3754560.5,3.3
1924,"wikinews",982,159,172,809,-2.71,-1.85,6.39,1.47,0.99,0.99,0,0.01,487.21,6.36,3261423.86,5.34
1925,"wikinews",2377,504,153,2223,-2.34,-1.6,5.74,1.39,0.93,0.91,0,0.05,317.75,4.95,1985141.74,3.91
1926,"wikinews",2326,408,182,2144,-2.58,-1.67,7.6,1.44,0.93,0.93,0,0.02,549.17,5.31,3712673.66,4.26
1927,"wikinews",2511,456,172,2339,-2.65,-1.84,7.09,1.49,0.93,0.93,0,0.01,475.2,6.26,3127925.51,5.2
1928,"wikinews",2626,496,140,2486,-2.62,-1.88,6.82,1.5,0.92,0.94,0,0.03,510.05,6.56,3416080.12,5.47
1929,"wikinews",4133,826,194,3939,-2.49,-1.77,6.51,1.52,0.92,0.91,0,0.01,413.23,5.87,3003384.83,4.83
1930,"wikinews",1200,227,149,1051,-2.5,-1.43,7.42,1.3,0.86,0.86,0,0.02,601.47,4.18,4067661.2,3.17
1931,"wikinews",1706,311,153,1552,-2.47,-1.83,5.18,1.41,0.96,0.94,0,0.01,324.85,6.23,1949409.33,5.12
1932,"wikinews",1064,185,140,923,-2.67,-1.79,6.33,1.38,0.97,0.97,0,0.03,439,5.99,2443192.84,4.91
1933,"wikinews",4992,902,177,4815,-2.39,-1.63,5.95,1.38,0.87,0.88,0,0.06,365.64,5.13,2417133.4,4.07
1934,"wikinews",1320,225,179,1141,-2.61,-1.83,6.58,1.39,0.96,0.97,0,0.03,515.85,6.23,3752574.24,5.1
1935,"wikinews",3051,570,167,2884,-2.34,-1.67,5.12,1.28,0.91,0.92,0,0.07,293.67,5.31,1741226.34,4.17
1936,"wikinews",2392,451,160,2232,-2.66,-1.72,7.29,1.54,0.93,0.92,0,0.01,528.44,5.58,3178119.46,4.56
1937,"wikinews",934,196,143,791,-2.61,-1.78,7.19,1.65,0.96,0.94,0,0.01,598.62,5.94,4116132.93,4.93
1938,"wikinews",965,153,166,799,-2.83,-1.89,7.87,1.46,0.89,0.88,0,0.02,630.6,6.62,4385345.11,5.44
1939,"wikinews",1787,321,185,1602,-2.28,-1.37,5.53,1.16,0.88,0.86,0,0.04,337.72,3.94,1914041.58,2.9
1940,"wikinews",1255,213,180,1074,-2.13,-1.55,4.33,1.24,0.94,0.93,0,0.02,183.58,4.71,1065986,3.59
1941,"wikinews",36426,8016,155,36271,-2.74,-1.88,7.56,1.6,0.73,0.71,0.01,0.04,564.97,6.55,3757837.2,5.49
1942,"wikinews",3048,568,181,2867,-2.53,-1.7,6.5,1.45,0.95,0.96,0,0.03,417.72,5.47,2710333.64,4.44
1943,"wikinews",1393,260,122,1271,-2.22,-1.33,5.95,1.14,0.93,0.91,0,0.04,408.81,3.76,3119210.78,2.71
1944,"wikinews",1780,325,178,1602,-2.16,-1.35,5.09,1.16,0.89,0.87,0,0.03,286.34,3.86,1666381.86,2.81
1945,"wikinews",1794,308,157,1637,-2.25,-1.36,6.34,1.24,0.93,0.94,0,0.02,409.66,3.88,2821810.67,2.87
1946,"wikinews",6940,1370,176,6764,-2.57,-1.75,6.21,1.41,0.91,0.91,0,0.04,431.59,5.75,2832292.36,4.7
1947,"wikinews",2075,374,177,1897,-2.41,-1.4,6.75,1.27,0.97,0.98,0,0.02,442.04,4.04,2995178.34,3.02
1948,"wikinews",1083,188,161,922,-2.69,-1.79,7.15,1.63,0.96,0.95,0,0.01,478.93,6,2918757.11,4.99
1949,"wikinews",1458,270,149,1308,-2.52,-1.69,6.56,1.29,0.95,0.97,0,0.03,469.13,5.42,3044506.71,4.29
1950,"wikinews",854,143,121,733,-2.52,-1.82,5.49,1.54,0.98,0.98,0,0.02,299.79,6.17,1562860.65,5.1
1951,"wikinews",1732,336,176,1555,-2.36,-1.48,6.77,1.24,0.98,0.98,0,0.01,377.68,4.42,2389532.99,3.38
1952,"wikinews",822,142,134,688,-2.03,-1.25,4.55,1.19,0.94,0.93,0,0.05,134.28,3.5,291793.39,2.49
1953,"wikinews",1959,353,117,1842,-2.12,-1.28,5.61,1.13,0.93,0.91,0,0.05,367.55,3.6,2365539.05,2.55
1954,"wikinews",3870,779,158,3712,-2.19,-1.29,5.69,1.18,0.9,0.9,0,0.04,314.43,3.63,1960440.66,2.61
1955,"wikinews",872,149,137,734,-2.47,-1.87,5.96,1.52,0.99,1,0,0,413.99,6.49,2261224.3,5.36
1956,"wikinews",1717,315,147,1570,-2.2,-1.62,4.76,1.35,0.96,0.96,0,0.02,245.88,5.05,1551899.82,4
1957,"wikinews",1795,340,150,1644,-2.28,-1.48,6.17,1.29,0.89,0.87,0,0.02,346.02,4.39,2201793.1,3.37
1958,"wikinews",1451,303,140,1311,-1.82,-1.11,4.95,1.04,0.89,0.88,0,0.02,216.25,3.03,1466143.21,2.02
1959,"wikinews",1708,325,165,1543,-2.17,-1.44,4.4,1.23,0.9,0.9,0,0.04,199.82,4.22,995709.72,3.15
1960,"wikinews",4288,807,186,4102,-2.52,-1.84,6.17,1.49,0.88,0.84,0,0.01,410.98,6.3,2564039.15,5.19
1961,"wikinews",1236,208,169,1067,-2.37,-1.55,5.71,1.3,0.92,0.91,0,0.01,304.84,4.71,1767481.57,3.63
1962,"wikinews",2374,434,178,2195,-2.73,-2.04,6.71,1.61,0.95,0.95,0,0.01,563.54,7.65,3924698.92,6.6
1963,"wikinews",1105,189,170,935,-2.05,-1.33,5.08,1.15,1,1,0,0,285.01,3.78,2110993.07,2.75
1964,"wikinews",845,149,130,715,-2.18,-1.22,5.86,1.09,0.97,0.96,0,0.03,317.16,3.39,1639307.06,2.39
1965,"wikinews",933,137,165,768,-2.3,-1.37,5.3,1.1,0.97,0.95,0,0.02,259.66,3.94,1590587.94,2.93
1966,"wikinews",2698,504,187,2511,-2.45,-1.72,5.89,1.43,0.94,0.92,0,0.03,371.79,5.58,2614845.13,4.5
1967,"wikinews",1676,298,143,1533,-2.43,-1.47,6.65,1.32,0.96,0.97,0,0.02,419.82,4.35,2452295.82,3.33
1968,"wikinews",770,131,153,617,-2.34,-1.44,6.28,1.19,1,1,0,0,364.21,4.22,2270537.62,3.09
1969,"wikinews",1959,359,176,1783,-2.21,-1.47,5.36,1.13,0.91,0.92,0.01,0.08,313.59,4.35,2191825.45,3.26
1970,"wikinews",1915,358,160,1755,-2.48,-1.83,6.12,1.52,0.94,0.94,0,0.04,399.25,6.2,2488825.98,5.17
1971,"wikinews",1774,343,155,1619,-2.45,-1.29,7.34,1.19,0.9,0.88,0,0.03,567.41,3.63,3805634.04,2.62
1972,"wikinews",1137,206,164,973,-2.34,-1.37,7.56,1.14,0.8,0.8,0.01,0.02,585.29,3.92,4201678.06,2.88
1973,"wikinews",1045,181,162,883,-2.43,-1.43,6.74,1.23,0.97,0.97,0,0.02,472.96,4.18,3473784.65,3.13
1974,"wikinews",937,154,161,776,-2.51,-1.94,5.48,1.31,0.96,0.96,0,0.01,352.59,7,1732999.15,5.74
1975,"wikinews",1204,240,148,1055,-2.51,-1.54,6.6,1.31,0.96,0.98,0,0.02,479.69,4.69,3198127.18,3.61
1976,"wikinews",825,137,155,670,-2.48,-2.01,4.76,1.59,0.99,1,0,0,192.32,7.46,451464.27,6.37
1977,"wikinews",1366,305,140,1226,-2.35,-1.12,8.97,1.08,0.84,0.82,0,0.01,547.21,3.06,3887745.02,2.05
1978,"wikinews",1322,259,139,1182,-2.84,-2.06,7.17,1.62,0.97,0.99,0,0.01,496.96,7.85,2980794.15,6.77
1979,"wikinews",1647,280,164,1482,-2.24,-1.69,4.93,1.4,0.91,0.87,0,0.01,285.85,5.44,1853875.73,4.33
1980,"wikinews",2100,405,167,1933,-2.3,-1.39,6.32,1.19,0.88,0.86,0,0.02,389.8,4.01,2721940.53,2.94
1981,"wikinews",804,156,140,664,-2.76,-1.76,8,1.57,0.97,0.96,0,0.01,680.94,5.84,4480952.58,4.83
1982,"wikinews",967,151,150,817,-2.53,-1.8,6.01,1.54,0.99,1,0,0,328.02,6.05,2182673.3,4.96
1983,"wikinews",1569,281,168,1401,-2.95,-2.28,7.45,1.85,0.96,0.96,0,0.01,588.55,9.78,4173646.34,8.7
1984,"wikinews",1542,302,134,1408,-2.33,-1.5,6.25,1.35,0.97,0.98,0,0.01,501.85,4.48,3693683.77,3.44
1985,"wikinews",2242,449,137,2104,-2.07,-1.2,5.59,1.16,0.94,0.93,0,0.01,306.01,3.32,1958664.64,2.31
1986,"wikinews",3938,685,185,3753,-2.55,-1.63,6.8,1.41,0.92,0.91,0,0.01,448.19,5.1,2709020.16,4.06
1987,"wikinews",1963,337,186,1777,-2.09,-1.56,4.64,1.26,0.9,0.88,0,0.05,288.94,4.76,2114115.61,3.69
1988,"wikinews",2113,396,156,1957,-2.3,-1.42,6.18,1.31,0.97,0.96,0,0.01,410.2,4.14,2788577.29,3.13
1989,"wikinews",844,138,153,691,-2.25,-1.4,5.98,1.29,1,1,0,0,393.55,4.08,2959485.32,3.07
1990,"wikinews",860,133,170,690,-2.61,-1.73,6.33,1.24,0.96,0.95,0,0.02,519.28,5.64,3338300.68,4.55
1991,"wikinews",1958,377,154,1804,-2.93,-2.01,8.25,1.55,0.94,0.93,0,0.02,793.71,7.46,5788874.81,6.38
1992,"wikinews",2049,354,176,1873,-2.51,-1.63,7.54,1.43,0.97,0.96,0,0.01,516.69,5.11,3734579.76,4.09
1993,"wikinews",965,158,185,780,-2.18,-1.35,6.09,1.13,0.94,0.95,0,0.02,409.05,3.86,2963841.71,2.79
1994,"wikinews",1195,214,167,1028,-2.59,-1.84,6.71,1.49,0.96,0.96,0,0.01,524.62,6.3,3651644.2,5.22
1995,"wikinews",1428,263,147,1281,-2.16,-1.37,5.72,1.28,0.95,0.95,0,0.03,311.22,3.94,2176557.68,2.93
1996,"wikinews",1543,279,161,1382,-2.3,-1.21,6.9,1.13,0.93,0.92,0,0.02,485.51,3.35,3586256.55,2.34
1997,"wikinews",2428,421,192,2236,-2.47,-1.83,5.6,1.37,0.95,0.94,0,0.02,368.39,6.23,2529266.57,5.17
1998,"wikinews",1895,356,158,1736,-2.73,-2.09,6.1,1.57,0.93,0.92,0,0.01,450.94,8.12,2761796.14,6.91
1999,"wikinews",1404,253,162,1242,-2.16,-1.19,5.91,1.09,0.96,0.98,0,0.02,350.8,3.29,2377001.35,2.27
2000,"wikinews",845,148,165,679,-2.28,-1.35,6.74,1.22,0.98,0.98,0,0.01,448.72,3.84,3394052.15,2.83
2001,"wikinews",1662,366,130,1532,-3.11,-2.24,8.81,1.63,0.96,0.96,0,0.02,823.04,9.4,5702346.58,8.22
2002,"wikinews",1008,177,145,863,-2.4,-1.49,7.49,1.4,0.99,0.98,0,0.01,396.87,4.44,2401353.81,3.42
2003,"wikinews",948,182,140,807,-2.05,-1.08,6.33,1.08,0.94,0.93,0,0.03,481.74,2.96,3611345.74,1.96
2004,"wikinews",1495,322,127,1367,-2.35,-1.14,8.11,1.14,0.94,0.9,0,0.02,532.05,3.14,3893210.76,2.15
2005,"wikinews",1287,224,153,1134,-2.46,-1.9,5.77,1.48,0.99,0.99,0,0.01,408.06,6.68,2739903.67,5.62
2006,"wikinews",858,155,149,709,-1.82,-0.99,4.27,0.93,0.95,0.95,0,0.01,196.97,2.69,1340025.9,1.68
2007,"wikinews",2093,419,171,1922,-2.07,-1.33,5.05,1.16,0.88,0.85,0,0.02,270.81,3.78,1789199.14,2.74
2008,"wikinews",752,128,134,618,-2.7,-1.83,6.92,1.63,0.95,0.94,0,0.02,448.18,6.2,2700219.24,5.2
2009,"wikinews",8251,1544,141,8110,-2.43,-1.66,6.11,1.38,0.82,0.78,0.01,0.03,403.85,5.26,2711599.27,4.19
2010,"wikinews",1274,233,132,1142,-2.36,-1.53,5.9,1.32,0.93,0.96,0,0.04,409.72,4.62,3081102.77,3.55
2011,"wikinews",853,145,152,701,-2.26,-1.83,4.12,1.44,0.97,0.97,0,0.02,112.11,6.23,147692.89,5.21
2012,"wikinews",1787,329,154,1633,-2.18,-1.55,4.17,1.31,0.93,0.92,0,0.04,149.11,4.71,614667.64,3.58
2013,"wikinews",816,144,144,672,-2.38,-1.44,5.73,1.25,0.91,0.9,0,0.03,380.59,4.22,2338179.26,3.18
2014,"wikinews",3518,709,161,3357,-2.46,-1.71,6.14,1.28,0.92,0.94,0,0.06,408.29,5.53,2794143.29,4.37
2015,"wikinews",1467,252,180,1287,-2.67,-1.89,6.54,1.42,0.95,0.97,0,0.03,492.45,6.63,3470500.37,5.59
2016,"wikinews",1394,235,183,1210,-2.53,-1.88,6.39,1.64,0.96,0.96,0,0.03,483.49,6.55,3504148.99,5.51
2017,"wikinews",1815,308,183,1632,-2.4,-1.75,5.29,1.42,0.94,0.92,0,0.04,271.64,5.76,1465034.33,4.62
2018,"wikinews",1323,245,174,1149,-2.32,-1.63,6.67,1.28,0.95,0.95,0,0.01,430.51,5.1,3155335.34,4.02
2019,"wikinews",2542,491,173,2369,-2.56,-1.52,7.54,1.43,0.93,0.94,0,0.02,618.9,4.57,4245706.56,3.56
2020,"wikinews",1221,229,170,1051,-2.57,-1.74,6.87,1.54,0.98,0.99,0,0.01,584.77,5.7,4061893.12,4.67
2021,"wikinews",1138,200,146,992,-2.66,-1.9,6.21,1.39,0.92,0.89,0,0.02,463.25,6.72,3234295.3,5.49
2022,"wikinews",1520,270,161,1359,-2.35,-1.64,5.88,1.27,0.9,0.89,0,0.01,340.89,5.13,2059132.53,4.09
2023,"wikinews",1747,303,166,1581,-1.99,-1.34,4.55,1.12,0.89,0.86,0,0.05,233.96,3.82,1657381.23,2.77
2024,"wikinews",1323,241,145,1178,-2.31,-1.37,6.38,1.2,0.96,0.97,0,0.03,463.28,3.94,3155218.99,2.88
2025,"wikinews",1143,219,164,978,-2.34,-1.71,6.04,1.39,0.94,0.89,0,0.03,264.13,5.53,1516053.02,4.5
2026,"wikinews",2938,508,210,2728,-2.61,-1.65,7.74,1.39,0.92,0.91,0,0.01,603.4,5.24,4192785.54,4.18
2027,"wikinews",2273,422,161,2112,-2.53,-1.72,6.68,1.38,0.95,0.95,0,0.01,544.65,5.56,3908478.32,4.52
2028,"wikinews",1693,320,154,1539,-2.4,-1.42,6.89,1.27,0.96,0.97,0,0.01,420.28,4.16,2822892.54,3.14
2029,"wikinews",3585,686,164,3421,-2.17,-1.55,4.83,1.25,0.88,0.86,0,0.01,253.7,4.71,1512717.15,3.59
2030,"wikinews",1178,213,177,1001,-2.39,-1.76,5.97,1.56,0.86,0.79,0.01,0.07,329.44,5.81,1768077.27,4.76
2031,"wikinews",9506,1914,117,9389,-2.98,-2.16,8.02,1.75,0.82,0.78,0,0.01,668.19,8.67,4573439.51,7.62
2032,"wikinews",977,163,149,828,-2.32,-1.64,4.62,1.42,0.96,0.95,0,0.02,176.34,5.16,721158.25,4.14
2033,"wikinews",1383,301,162,1220,-2.49,-1.37,8.24,1.3,0.92,0.95,0,0.05,658.81,3.94,5062348.65,2.93
2034,"wikinews",1743,310,168,1575,-2.46,-1.68,5.72,1.4,0.93,0.93,0,0.05,385.73,5.4,2486312.78,4.32
2035,"wikinews",787,157,122,665,-2.2,-1.38,5.54,1.34,0.96,0.96,0,0.01,325.88,3.97,2611981.9,2.97
2036,"wikinews",4161,870,154,4006,-2.34,-1.37,6.56,1.25,0.76,0.74,0.01,0.04,424.07,3.94,2872627.17,2.92
2037,"wikinews",1111,187,153,958,-2.27,-1.56,5.97,1.38,0.95,0.93,0,0.02,353,4.76,2219699.19,3.72
2038,"wikinews",2717,495,185,2532,-2.33,-1.64,5.49,1.35,0.96,0.96,0,0.03,314.44,5.16,1978558.1,4.1
2039,"wikinews",4476,803,166,4309,-2.77,-1.98,7.07,1.49,0.93,0.92,0,0.02,573.42,7.24,3989469.66,6.1
2040,"wikinews",1964,343,188,1776,-2.38,-1.61,5.93,1.36,0.96,0.96,0,0.03,422.91,5,2990662.57,3.97
2041,"wikinews",1895,325,197,1698,-2.78,-1.64,9.04,1.3,0.95,0.95,0,0.03,720.57,5.16,5211371.84,4.03
2042,"wikinews",1944,355,167,1777,-2.22,-1.31,6.09,1.12,0.96,0.96,0,0,387.13,3.71,2347717.47,2.68
2043,"wikinews",1053,193,140,912,-2.57,-1.5,8.58,1.38,0.84,0.81,0.01,0.04,645.93,4.48,4313585.29,3.46
2044,"wikinews",969,169,182,787,-2.46,-1.77,5.73,1.47,0.99,1,0,0,325.69,5.87,1912725.77,4.84
2045,"wikinews",1481,294,159,1322,-3.07,-2.05,8.8,1.64,0.93,0.91,0,0.01,839.51,7.76,6146849.19,6.67
2046,"wikinews",1126,185,168,957,-2.21,-1.65,4.68,1.31,0.97,0.97,0,0.02,241.76,5.21,1413717.93,4.14
2047,"wikinews",810,137,141,669,-2.43,-1.71,5.55,1.54,0.98,0.97,0,0.01,292.83,5.53,1679807.32,4.52
2048,"wikinews",1103,193,157,946,-2.43,-1.62,6.11,1.33,0.96,0.95,0,0.01,440.06,5.05,3059625.34,4.01
2049,"wikinews",922,174,145,776,-2.43,-1.72,6.06,1.35,0.97,0.96,0,0.03,361.22,5.58,2399054.77,4.54
2050,"wikinews",2000,350,190,1810,-2.4,-1.83,5.36,1.45,0.95,0.94,0,0.03,294.21,6.24,1656410.28,5.17
2051,"wikinews",1624,304,142,1481,-2.3,-1.38,6.18,1.17,0.94,0.92,0,0.03,392.26,3.96,2344860.28,2.92
2052,"wikinews",1377,222,171,1206,-2.91,-2.16,7.4,1.65,0.99,0.99,0,0.01,619.03,8.68,3923018.07,7.63
2053,"wikinews",926,181,164,762,-2.33,-1.66,5.08,1.46,0.98,0.98,0,0.01,211.97,5.26,1190865.65,4.24
2054,"wikinews",2952,514,167,2784,-2.32,-1.28,7.44,1.17,0.81,0.8,0,0.02,547.76,3.6,4195239.89,2.56
2055,"wikinews",1023,212,128,895,-2.25,-1.33,6.05,1.12,0.92,0.87,0,0.02,381.4,3.76,2827832.4,2.75
2056,"wikinews",1034,184,135,899,-2.71,-2.01,7.43,1.61,0.98,0.98,0,0.01,508.35,7.46,3760288.91,6.42
2057,"wikinews",1017,167,179,837,-2.58,-1.7,6.43,1.35,0.98,0.98,0,0.01,494.1,5.47,3042873.18,4.28
2058,"wikinews",1026,173,159,867,-2.22,-1.44,6.82,1.07,0.91,0.88,0,0.03,469.13,4.22,3532515.06,2.97
2059,"wikinews",1118,219,156,962,-2.36,-1.54,5.96,1.31,0.99,1,0,0,422.49,4.66,3226260.63,3.62
2060,"wikinews",977,181,154,823,-2.9,-1.94,8.11,1.69,0.97,0.97,0,0.02,681.91,6.96,4591180.68,5.89
2061,"wikinews",1330,241,141,1188,-2.46,-1.61,7.28,1.34,0.94,0.92,0,0.01,519.23,5,3566424.42,3.95
2062,"wikinews",2317,420,172,2145,-2.61,-1.92,6.25,1.59,0.95,0.96,0,0.03,320.38,6.86,1873959.44,5.82
2063,"wikinews",2005,339,179,1826,-2.41,-1.73,5.68,1.38,0.96,0.96,0,0.03,382.09,5.64,2311942.13,4.53
2064,"wikinews",1414,276,155,1259,-2.19,-1.52,5.4,1.24,0.93,0.91,0,0.01,386.53,4.57,2616943.67,3.54
2065,"wikinews",1751,315,181,1570,-2.46,-1.6,6.68,1.37,0.94,0.91,0,0.02,515.15,4.95,3801357.76,3.92
2066,"wikinews",1460,293,128,1332,-2.25,-1.36,6.25,1.27,0.96,0.97,0,0.01,394.03,3.9,2786169.29,2.88
2067,"wikinews",1045,178,156,889,-2.17,-1.4,5.57,1.28,0.99,0.99,0,0,345.5,4.08,2736172.78,3.07
2068,"wikinews",3255,663,179,3076,-2.8,-2.03,6.93,1.71,0.96,0.96,0,0.01,528.65,7.61,3554900.44,6.56
2069,"wikinews",5791,1097,170,5621,-2.41,-1.75,5.38,1.44,0.87,0.85,0,0.02,314.29,5.75,1836816.29,4.7
2070,"wikinews",915,138,168,747,-2.58,-1.72,6.94,1.53,0.99,1,0,0,534.19,5.58,3024837,4.54
2071,"wikinews",767,131,150,617,-2.28,-1.29,7.14,1.19,0.97,0.96,0,0.02,552.19,3.63,3953813.37,2.63
2072,"wikinews",1428,267,148,1280,-2.34,-1.7,5.21,1.43,0.94,0.93,0,0.01,318.73,5.47,1897399.8,4.42
2073,"wikinews",1222,207,160,1062,-2.29,-1.5,5.74,1.31,0.94,0.92,0,0.03,320.04,4.48,1955526.76,3.45
2074,"wikinews",767,134,139,628,-2.56,-2,5.32,1.46,0.99,1,0,0,401.42,7.36,2868100.97,6.17
2075,"wikinews",2821,618,135,2686,-2.13,-1.38,5.67,1.17,0.78,0.76,0.01,0.02,342.41,3.96,2446136.77,2.91
2076,"wikinews",1105,214,157,948,-2.23,-1.38,6.8,1.22,0.96,0.96,0,0.01,475.62,4,3410899.28,2.95
2077,"wikinews",1402,269,169,1233,-1.93,-1.01,5.79,0.94,0.81,0.81,0.01,0.08,280.53,2.75,1835361.6,1.72
2078,"wikinews",1903,359,130,1773,-2.14,-1.35,5.73,1.25,0.91,0.92,0,0.06,324.41,3.86,1975942.18,2.85
2079,"wikinews",7335,1536,158,7177,-2.43,-1.58,6.8,1.47,0.9,0.88,0,0.02,467.83,4.85,3142889.94,3.83
2080,"wikinews",1099,210,144,955,-1.94,-1.12,4.97,1.1,0.95,0.95,0,0.01,277.33,3.06,1815794.85,2.06
2081,"wikinews",1254,250,155,1099,-2.4,-1.21,7.27,1.2,0.94,0.94,0,0.03,499.4,3.37,3509357.05,2.37
2082,"wikinews",1337,230,193,1144,-2.05,-1.34,4.25,1.13,0.92,0.88,0,0.03,171.24,3.8,739509.87,2.74
2083,"wikinews",996,193,136,859,-2.28,-1.28,6.94,1.16,0.96,0.95,0,0.01,456.95,3.6,2919158.24,2.59
2084,"wikinews",1176,195,188,988,-2.48,-1.73,6.95,1.55,0.94,0.93,0,0.01,539.96,5.64,4048371.43,4.63
2085,"wikinews",1504,252,172,1331,-2.37,-1.74,5.07,1.36,0.96,0.95,0,0.01,267,5.72,1571161.88,4.6
2086,"wikinews",2133,369,190,1943,-2.32,-1.58,6.02,1.37,0.95,0.95,0,0.02,395.14,4.85,2736237.29,3.8
2087,"wikinews",2273,431,174,2099,-2.21,-1.54,5.36,1.25,0.85,0.83,0,0.03,333.12,4.66,2159993.81,3.58
2088,"wikinews",1930,380,172,1757,-2.6,-1.6,8.33,1.38,0.96,0.94,0,0.03,664.74,4.93,4714470.73,3.9
2089,"wikinews",1172,214,130,1042,-2.43,-1.65,6.13,1.19,0.98,0.98,0,0.02,407.18,5.21,2851978.11,3.94
2090,"wikinews",1342,236,150,1192,-2.23,-1.52,5.17,1.26,0.98,0.98,0,0.02,278.64,4.57,1468317.49,3.55
2091,"wikinews",1821,294,192,1629,-2.49,-1.86,5.37,1.37,0.92,0.9,0,0.05,322.29,6.39,1948851.41,5.25
2092,"wikinews",882,137,169,713,-2.64,-2.23,4.58,1.76,0.98,0.96,0,0.01,150.05,9.3,199245.39,8.14
2093,"wikinews",1071,205,150,921,-2.23,-1.44,5.31,1.11,0.96,0.96,0,0.02,328.5,4.22,2188303.87,3.2
2094,"wikinews",2621,502,169,2452,-2.07,-1.21,5.54,1.18,0.96,0.96,0,0.01,311.29,3.35,2138770.26,2.35
2095,"wikinews",19541,3824,143,19397,-2.81,-2.03,7.17,1.65,0.79,0.76,0.01,0.05,541.65,7.61,3467991.64,6.54
2096,"wikinews",1805,323,165,1640,-2.19,-1.5,4.6,1.23,0.92,0.89,0,0.03,181.27,4.48,869657.96,3.44
2097,"wikinews",2409,459,167,2242,-2.45,-1.59,6.66,1.28,0.91,0.92,0,0.02,484.52,4.9,3387632.04,3.79
2098,"wikinews",727,129,136,591,-1.86,-1.37,4.11,1.13,1,1,0,0,235.32,3.94,1664583.85,2.88
2099,"wikinews",957,151,161,796,-2.77,-2.06,6.83,1.38,0.91,0.88,0.01,0.05,744.14,7.85,5445392.98,6.73
2100,"wikinews",1279,241,136,1142,-2.33,-1.66,5.29,1.42,0.98,0.99,0,0.01,313.83,5.26,2185515.16,4.21
2101,"wikinews",1138,197,181,957,-2.59,-1.81,6.4,1.52,0.98,0.98,0,0.01,470.05,6.11,3178718.28,5.08
2102,"wikinews",1223,217,168,1054,-2.36,-1.68,6.46,1.3,0.98,0.98,0,0,447.85,5.37,3256373.02,4.24
2103,"wikinews",1770,308,175,1594,-2.76,-1.96,7,1.56,0.97,0.98,0,0.02,536.86,7.1,3571147.52,6.03
2104,"wikinews",983,174,157,826,-2.28,-1.52,5.12,1.35,0.96,0.96,0,0.03,287.18,4.6,1623205.17,3.58
2105,"wikinews",1583,275,173,1410,-2.27,-1.64,5.45,1.48,0.93,0.91,0,0.01,248.04,5.16,1300873.69,4.14
2106,"wikinews",1793,312,147,1646,-2.42,-1.62,5.83,1.38,0.94,0.93,0,0.02,415.89,5.03,2815863.12,4
2107,"wikinews",920,157,153,767,-2.64,-1.78,7.7,1.59,0.99,0.99,0,0.01,561.12,5.93,3750310.13,4.91
2108,"wikinews",1715,297,184,1530,-2.29,-1.59,5.85,1.2,0.95,0.95,0,0.02,410.85,4.9,2544159.48,3.79
2109,"wikinews",1235,238,149,1085,-2.29,-1.27,6.34,1.2,0.95,0.95,0,0.03,389.36,3.58,2240948.97,2.57
2110,"wikinews",1860,346,143,1717,-2.18,-1.41,5.3,1.25,0.96,0.96,0,0.02,312.84,4.1,2126550.75,3.05
2111,"wikinews",1471,269,162,1308,-2.56,-1.57,6.93,1.38,0.98,0.97,0,0.01,492.54,4.81,3143985.63,3.78
2112,"wikinews",5399,1225,156,5242,-3.1,-1.93,9.97,1.64,0.83,0.78,0.01,0.02,856.26,6.89,6113221.01,5.86
2113,"wikinews",2444,438,163,2281,-2.66,-1.78,7.58,1.49,0.95,0.94,0,0.04,537.26,5.93,3772208.02,4.89
2114,"wikinews",983,152,178,805,-2.35,-1.5,6.76,1.21,0.98,0.98,0,0.02,444.47,4.46,3266188.86,3.38
2115,"wikinews",1050,245,126,924,-2.22,-1.11,7.08,1.1,0.95,0.94,0,0.02,490.08,3.03,3732988.02,2.03
2116,"wikinews",2002,339,194,1808,-2.49,-2.01,5.4,1.59,0.95,0.94,0,0.01,292.79,7.46,1685796.91,6.37
2117,"wikinews",1065,171,145,920,-2.79,-1.9,6.67,1.63,0.96,0.95,0,0.01,506.15,6.69,3253057.75,5.6
2118,"wikinews",1070,166,208,862,-2.59,-1.98,5.77,1.42,0.94,0.92,0,0.02,426.06,7.24,3015483.75,6.03
2119,"wikinews",1359,244,155,1204,-2.26,-1.5,5.79,1.21,0.98,0.97,0,0.01,338.68,4.49,2093753.68,3.29
2120,"wikinews",1306,255,123,1182,-2.46,-1.6,6.81,1.38,0.97,0.98,0,0.02,472.92,4.95,3281903.31,3.92
2121,"wikinews",1396,286,118,1278,-2.77,-1.84,7.77,1.67,0.96,0.95,0,0.01,608.25,6.3,4115795.46,5.28
2122,"wikinews",1813,342,162,1651,-2.46,-1.81,5.97,1.33,0.92,0.92,0,0.06,452.78,6.08,3438747.73,4.88
2123,"wikinews",2253,413,171,2082,-2.37,-1.53,6.63,1.22,0.92,0.91,0,0.03,423.63,4.62,2913498.25,3.53
2124,"wikinews",1042,165,165,877,-2.23,-1.45,4.82,1.23,0.97,0.97,0,0.01,260.72,4.26,1833416.06,3.18
2125,"wikinews",4185,992,155,4030,-1.86,-1,5.33,0.97,0.82,0.82,0,0.01,264.75,2.7,1924438.59,1.71
2126,"wikinews",1101,186,189,912,-2.46,-1.39,7.93,1.28,0.98,0.98,0,0.01,616.14,4.02,4241719.77,2.98
2127,"wikinews",843,143,158,685,-2.47,-1.54,6.83,1.51,0.99,0.99,0,0.01,514.5,4.66,3503779.88,3.66
2128,"wikinews",1886,356,157,1729,-2.23,-1.51,5.1,1.29,0.95,0.95,0,0.03,303.39,4.53,2131012.31,3.45
2129,"wikinews",1466,250,160,1306,-2.42,-1.62,6.07,1.48,0.97,0.96,0,0.02,339.32,5.07,2066712.27,4.06
2130,"wikinews",1139,211,169,970,-2.24,-1.51,5.32,1.17,0.95,0.93,0,0.02,308.49,4.53,2081619.04,3.45
2131,"wikinews",2335,568,134,2200,-2.24,-1.26,6.7,1.17,0.68,0.62,0.03,0.07,417.69,3.53,2851438.35,2.52
2132,"wikinews",2201,430,167,2034,-2.45,-1.64,6.14,1.36,0.88,0.85,0,0.01,370.08,5.16,2173778.96,4.11
2133,"wikinews",1763,358,133,1629,-2.58,-1.7,6.86,1.48,0.96,0.95,0,0.01,467.19,5.5,2868079.11,4.46
2134,"wikinews",1167,205,160,1007,-2.42,-1.66,6.42,1.45,0.95,0.94,0,0.03,423.24,5.26,2964194.71,4.2
2135,"wikinews",1768,322,171,1597,-2.41,-1.65,5.5,1.3,0.95,0.94,0,0.01,400.42,5.24,2739497.39,4.21
2136,"wikinews",1583,283,162,1421,-2.28,-1.42,5.85,1.2,0.84,0.83,0.01,0.05,447.97,4.14,3147608.02,3.08
2137,"wikinews",947,156,142,805,-2.42,-1.7,6.42,1.28,0.97,0.96,0,0.01,551.3,5.48,4359162.9,4.37
2138,"wikinews",1416,233,151,1265,-2,-1.37,4.81,1.19,0.95,0.96,0,0.04,302.37,3.94,1949799.28,2.91
2139,"wikinews",1112,190,143,969,-2.16,-1.27,5.93,1.15,0.96,0.95,0,0.01,372.15,3.58,2878338.66,2.54
2140,"wikinews",7584,1484,141,7443,-2.75,-1.95,6.94,1.54,0.84,0.81,0,0.03,552.69,7.03,3696805.11,5.9
2141,"wikinews",2022,405,142,1880,-2.42,-1.68,6.5,1.41,0.95,0.95,0,0.01,463.59,5.37,3407546.24,4.35
2142,"wikinews",1548,269,153,1395,-2.44,-1.73,5.09,1.26,0.94,0.93,0,0.02,286.39,5.64,1318722.52,4.55
2143,"wikinews",2699,620,140,2559,-2.83,-1.76,8.92,1.71,0.82,0.87,0.02,0.11,755.4,5.84,5250142.36,4.83
2144,"wikinews",2055,476,164,1891,-2.54,-1.59,7.84,1.47,0.86,0.83,0,0.02,619.59,4.9,4659583.31,3.89
2145,"wikinews",2035,376,153,1881,-2.2,-1.33,6.04,1.22,0.94,0.95,0,0.04,346.96,3.78,2503282.82,2.78
2146,"wikinews",1983,349,148,1835,-2.77,-2.11,6.48,1.56,0.93,0.91,0,0.02,442.95,8.25,2520205.5,7.14
2147,"wikinews",2472,442,190,2282,-2.23,-1.54,5.39,1.25,0.95,0.94,0,0.01,325.83,4.69,2272031.88,3.65
2148,"wikinews",1267,225,176,1091,-2.12,-1.31,5.1,1.13,0.95,0.94,0,0.02,352.76,3.71,2608659.01,2.69
2149,"wikinews",1747,300,163,1584,-2.52,-1.87,5.89,1.45,0.95,0.95,0,0.01,370.74,6.49,2345819.26,5.35
2150,"wikinews",2631,530,160,2470,-2.24,-1.52,5.29,1.28,0.9,0.88,0,0.03,317.43,4.6,2123357.35,3.54
2151,"wikinews",2050,389,144,1906,-2.67,-1.87,7.6,1.57,0.93,0.93,0,0.04,645.92,6.49,4770850.41,5.46
2152,"wikinews",1640,294,161,1478,-2.4,-1.58,6.1,1.26,0.96,0.96,0,0.04,337.32,4.88,2070819.76,3.75
2153,"wikinews",1171,196,151,1019,-2.02,-1.48,4.13,1.17,0.98,0.97,0,0.01,229.83,4.38,1552088.11,3.34
2154,"wikinews",932,162,141,790,-3.28,-2.07,10.09,1.82,0.95,0.93,0,0.01,1053.74,7.93,7098221.06,6.87
2155,"wikinews",892,152,169,723,-2.16,-1.32,5.74,1.19,0.98,0.99,0,0.01,384.82,3.74,2724434.04,2.71
2156,"wikinews",2784,520,168,2616,-2.55,-1.69,7.3,1.47,0.91,0.89,0,0.04,542.2,5.42,3888798.21,4.37
2157,"wikinews",1092,224,136,956,-2.31,-1.67,5.31,1.28,0.95,0.95,0,0.02,302.4,5.31,1856007.26,4.14
2158,"wikinews",1262,215,171,1091,-2.6,-1.9,6.95,1.49,0.99,1,0,0,434.48,6.69,2445464.78,5.5
2159,"wikinews",1410,298,144,1266,-2.8,-1.89,8.2,1.76,0.94,0.94,0,0.01,623.93,6.62,3863556.41,5.6
2160,"wikinews",2368,473,160,2208,-2.38,-1.71,5.63,1.38,0.92,0.9,0,0.03,343.66,5.53,2176379.22,4.45
2161,"wikinews",1123,190,180,943,-2.93,-2.08,7.56,1.6,0.98,0.98,0,0.01,690.38,8,4814977.39,6.94
2162,"wikinews",918,164,148,770,-2.15,-1.32,5.81,1.16,0.98,0.99,0,0.01,434.77,3.75,3087424.34,2.74
2163,"wikinews",948,177,143,805,-2.54,-1.61,7.25,1.43,0.98,1,0,0,637.54,5,4859708.26,3.96
2164,"wikinews",1354,241,167,1187,-2.55,-1.7,6.92,1.21,0.91,0.89,0,0.03,537.62,5.47,3901058.71,4.24
2165,"wikinews",831,140,145,686,-1.96,-1.43,4.48,1.12,0.94,0.92,0,0.03,308.23,4.18,2154833.77,3.05
2166,"wikinews",1603,291,161,1442,-2.41,-1.7,6.1,1.31,0.92,0.9,0,0.01,426.83,5.47,2770853.33,4.38
2167,"wikinews",1095,161,184,911,-2.29,-1.6,4.73,1.29,0.98,1,0,0,249.65,4.95,1261168.97,3.8
2168,"wikinews",1616,320,135,1481,-2.31,-1.5,6.04,1.27,0.98,0.97,0,0,434.25,4.51,2975798.41,3.47
2169,"wikinews",2701,536,155,2546,-2.76,-1.97,7.94,1.58,0.91,0.89,0,0.02,603.07,7.17,4166180.42,6.11
2170,"wikinews",877,172,124,753,-2.45,-1.57,7.95,1.45,0.96,0.95,0,0.02,564.98,4.8,3556979.44,3.79
2171,"wikinews",1389,275,113,1276,-2.67,-1.59,8.31,1.32,0.92,0.91,0,0.01,665.61,4.9,4809238.6,3.83
2172,"wikinews",1849,369,153,1696,-2.86,-2.01,8.72,1.71,0.97,0.98,0,0.02,701.17,7.46,5181190.95,6.44
2173,"wikinews",1097,192,155,941,-2.92,-2.49,7.52,1.84,0.98,0.98,0,0.02,642.13,12.06,4567315.2,10.93
2174,"wikinews",2504,471,149,2355,-2.44,-1.55,6.84,1.34,0.92,0.91,0,0.01,476.8,4.71,2950472.48,3.69
2175,"wikinews",757,144,138,619,-2.38,-1.37,8.71,1.24,0.98,0.97,0,0.01,589.96,3.93,4025772.47,2.93
2176,"wikinews",1402,258,141,1261,-2.78,-2.16,6.5,1.4,0.95,0.95,0,0.03,498.52,8.62,3499471.92,7.27
2177,"wikinews",725,119,123,601,-2.8,-1.85,9.12,1.5,0.97,0.98,0,0.02,798.04,6.36,5930143.54,5.24
2178,"wikinews",722,124,153,569,-2.21,-1.54,5.51,1.17,0.98,0.98,0,0.01,379.84,4.66,2589941.09,3.46
2179,"wikinews",1000,174,168,832,-2.13,-1.64,4.11,1.27,0.97,0.97,0,0.01,227.97,5.18,1718373.3,4.12
2180,"wikinews",916,169,154,761,-2.2,-1.37,7.41,1.23,0.95,0.93,0,0.01,452.44,3.94,3581199.07,2.92
2181,"wikinews",994,167,190,804,-2.19,-1.6,4.6,1.37,0.99,1,0,0,167.23,4.95,403333.36,3.95
2182,"wikinews",1212,220,138,1073,-1.76,-1.13,3.93,1.02,0.97,0.96,0,0.02,142.91,3.1,660853.09,2.08
2183,"wikinews",1961,360,163,1798,-2.23,-1.53,5.93,1.33,0.88,0.87,0,0.03,345.62,4.62,2306446.6,3.54
2184,"wikinews",1286,247,154,1132,-2.58,-1.48,8.34,1.4,0.91,0.91,0,0.01,628.44,4.39,3725096.85,3.38
2185,"wikinews",1318,219,167,1151,-2.26,-1.48,6.9,1.31,0.95,0.92,0,0.03,483.66,4.39,3795900.66,3.39
2186,"wikinews",1955,404,119,1836,-2.24,-1.4,6.31,1.32,0.84,0.86,0.01,0.02,409.27,4.06,2830808.15,3.04
2187,"wikinews",2619,489,171,2448,-2.67,-1.93,7.15,1.66,0.94,0.94,0,0.03,502.72,6.89,3207198.75,5.85
2188,"wikinews",1287,237,172,1115,-2.79,-1.95,8.26,1.67,0.94,0.93,0,0.01,654.41,7.03,4295461.11,5.98
2189,"wikinews",2734,487,166,2568,-2.7,-1.91,7.21,1.59,0.91,0.9,0,0.02,547.79,6.75,3999853.43,5.71
2190,"wikinews",930,163,165,765,-2.11,-1.31,5.19,1.22,0.92,0.92,0,0.01,297.78,3.71,1713711.55,2.71
2191,"wikinews",858,134,137,721,-2.57,-1.73,6.14,1.58,0.98,0.98,0,0.02,375.32,5.66,2207449.62,4.64
2192,"wikinews",3422,701,162,3260,-2.29,-1.44,6.1,1.24,0.94,0.93,0,0.02,406.85,4.22,2714308.58,3.2
2193,"wikinews",3756,774,163,3593,-2.59,-1.74,7.05,1.44,0.88,0.86,0,0.02,531.35,5.67,3603522.4,4.63
2194,"wikinews",1534,295,142,1391,-2.21,-1.24,6.27,1.07,0.9,0.91,0,0.05,433.46,3.46,3152765.48,2.42
2195,"wikinews",1575,275,174,1401,-2.53,-1.81,6.43,1.43,0.99,0.98,0,0,424.39,6.11,2968532.98,5.08
2196,"wikinews",914,137,169,745,-2.17,-1.5,5.37,1.12,0.97,0.97,0,0.01,303.4,4.48,1488338.49,3.44
2197,"wikinews",1830,390,146,1684,-2.05,-1.23,5.21,1.14,0.94,0.95,0,0.04,277.68,3.44,1919070.8,2.43
2198,"wikinews",1200,235,136,1064,-2.65,-1.77,8.06,1.45,0.96,0.96,0,0.01,649.72,5.87,4380407.96,4.83
2199,"wikinews",1523,285,141,1382,-1.88,-1.06,4.88,0.98,0.96,0.96,0,0.03,255.44,2.89,1722540.15,1.87
2200,"wikinews",829,144,168,661,-2.75,-1.68,9.77,1.57,0.96,0.96,0,0.02,903.83,5.4,7211197.26,4.38
2201,"wikinews",1470,275,164,1305,-2.51,-1.79,6.27,1.34,0.92,0.91,0,0.03,467.82,5.99,3206466.37,4.83
2202,"wikinews",756,118,170,586,-2.41,-1.7,6.33,1.4,0.97,0.97,0,0.01,476.04,5.47,2991395.9,4.42
2203,"wikinews",1176,229,192,984,-2.7,-1.7,7.89,1.54,0.94,0.92,0,0.05,609.41,5.47,4048483.29,4.46
2204,"wikinews",2465,497,153,2312,-2.27,-1.12,7.66,1.09,0.86,0.84,0.01,0.06,474.33,3.06,3385741.62,2.05
2205,"wikinews",1294,237,149,1145,-1.89,-1.28,3.78,1.12,0.85,0.83,0,0.02,89.24,3.6,169591,2.53
2206,"wikinews",1930,380,134,1796,-2.54,-1.83,6.02,1.42,0.89,0.89,0,0.06,359.95,6.23,2379728.16,5.15
2207,"wikinews",2015,374,181,1833,-2.29,-1.37,6.82,1.31,0.93,0.94,0,0.01,525.75,3.94,3736520.84,2.92
2208,"wikinews",1040,231,140,900,-2.5,-1.23,8.45,1.2,0.87,0.85,0.01,0.07,694,3.42,4606921.12,2.42
2209,"wikinews",684,121,124,560,-2.15,-1.18,6.42,1.15,0.95,0.96,0,0.04,371.84,3.25,2050442.16,2.24
2210,"wikinews",6421,1221,194,6227,-2.31,-1.59,5.76,1.3,0.9,0.9,0,0.05,379.9,4.9,2616509.89,3.85
2211,"wikinews",773,130,157,616,-2.38,-1.67,6.47,1.3,0.96,1,0,0,499.25,5.34,3379597.67,4.19
2212,"wikinews",2156,438,151,2004,-2.16,-1.36,5.57,1.23,0.92,0.92,0,0.04,359.13,3.9,2514424.73,2.89
2213,"wikinews",932,140,163,769,-2.71,-1.78,6.77,1.35,0.97,0.97,0,0.01,506.38,5.94,2972354.14,4.87
2214,"wikinews",1135,212,135,1000,-2.77,-2.22,7.09,1.86,0.88,0.85,0.01,0.02,471.8,9.26,3003090.31,8.24
2215,"wikinews",2240,444,166,2074,-2.23,-1.16,7.98,1.13,0.84,0.82,0,0.03,492.53,3.19,3413749.82,2.18
2216,"wikinews",1210,214,130,1080,-2.4,-1.84,5.21,1.42,0.98,0.98,0,0.01,259.55,6.28,1539082.92,5.17
2217,"wikinews",1960,354,161,1799,-2.45,-1.82,5.42,1.46,0.94,0.93,0,0.05,303.83,6.18,1907781.48,5.12
2218,"wikinews",1762,312,156,1606,-2.63,-1.86,5.69,1.52,0.94,0.93,0,0.02,330.72,6.43,1730056.2,5.36
2219,"wikinews",1717,345,157,1560,-2.48,-1.71,6.2,1.4,0.95,0.94,0,0.01,378.03,5.53,2300577.24,4.5
2220,"wikinews",945,159,112,832,-2.68,-1.96,7.92,1.36,0.99,0.98,0,0,529,7.1,3634389.64,6.04
2221,"wikinews",1377,235,173,1204,-2.28,-1.75,5.01,1.35,0.96,0.97,0,0.03,328.85,5.75,2014624.56,4.72
2222,"wikinews",1597,291,145,1452,-2.4,-1.53,6.42,1.36,0.95,0.97,0,0.03,471.53,4.62,3096384.29,3.6
2223,"wikinews",2016,362,167,1849,-1.97,-1.23,5.8,1.15,0.93,0.94,0,0.05,292.52,3.42,2045205.64,2.42
2224,"wikinews",1653,324,152,1500,-1.94,-1.34,4.44,1.13,0.9,0.92,0,0.02,233.8,3.8,1640677.38,2.73
2225,"wikinews",2086,410,164,1922,-1.89,-0.84,5.83,0.83,0.9,0.9,0.01,0.05,289.48,2.33,1657847.18,1.33
2226,"wikinews",758,130,146,611,-2.27,-1.46,6.07,1.39,0.95,0.96,0,0.03,288.07,4.33,1238278.1,3.3
2227,"wikinews",4471,947,151,4320,-2.29,-1.48,6.43,1.35,0.87,0.86,0.01,0.07,412.39,4.39,3012694.39,3.37
2228,"wikinews",1589,304,168,1421,-2.27,-1.49,5.57,1.35,0.94,0.92,0,0.02,328.96,4.44,1943677.29,3.4
2229,"wikinews",1907,408,140,1767,-1.74,-0.9,4.33,0.9,0.91,0.94,0.01,0.05,162.92,2.46,891823.79,1.46
2230,"wikinews",821,130,146,675,-2.7,-1.85,6.48,1.44,0.97,0.96,0,0.01,516.86,6.36,3450406.48,5.29
2231,"wikinews",824,132,136,688,-2.7,-1.69,9.07,1.29,0.97,0.96,0,0.01,716.53,5.44,5318792.01,4.4
2232,"wikinews",1219,227,177,1042,-2.72,-1.53,9.15,1.45,0.98,0.98,0,0.01,727.27,4.62,4804050.21,3.61
2233,"wikinews",2160,382,156,2004,-2.5,-1.81,6.21,1.4,0.92,0.91,0,0.02,421.95,6.08,2891587.11,4.93
2234,"wikinews",1880,349,125,1755,-2.68,-1.9,7.16,1.41,0.94,0.94,0,0.02,505.74,6.69,3489145.08,5.56
2235,"wikinews",3779,823,155,3624,-2.16,-1.34,5.87,1.24,0.84,0.82,0,0.03,344.33,3.82,2299771.79,2.79
2236,"wikinews",750,129,127,623,-2.15,-1.61,3.93,1.15,0.88,0.86,0,0.02,137.71,5,317849.45,3.94
2237,"wikinews",1662,310,133,1529,-2.61,-1.69,7.1,1.5,0.97,0.98,0,0.01,521.23,5.42,3104880.73,4.41
2238,"wikinews",1249,191,172,1077,-2.69,-1.81,7.34,1.58,0.99,0.99,0,0.01,595.14,6.11,4518661.08,5.1
2239,"wikinews",1201,168,202,999,-2.73,-1.62,8.45,1.45,0.95,0.97,0,0.03,683.83,5.05,4638550.48,4.03
2240,"wikinews",726,127,179,547,-2.54,-1.73,6.68,1.61,0.99,1,0,0,515.43,5.64,3597809.47,4.63
2241,"wikinews",1774,396,140,1634,-2.53,-1.75,7.44,1.63,0.94,0.93,0,0.03,478.68,5.76,3243513.51,4.75
2242,"wikinews",3115,588,155,2960,-2.37,-1.5,6.74,1.4,0.91,0.88,0,0.04,452.95,4.48,3065978.19,3.47
2243,"wikinews",1543,281,148,1395,-2.5,-2.02,4.83,1.64,0.99,0.98,0,0.01,191.84,7.54,733590.6,6.51
2244,"wikinews",1205,211,138,1067,-2.88,-2.26,7.6,1.79,0.99,1,0,0,622.15,9.58,3765828.36,8.41
2245,"wikinews",1574,300,146,1427,-2.39,-1.76,5.65,1.26,0.95,0.94,0,0.01,373.65,5.84,2476185,4.76
2246,"wikinews",2302,439,169,2132,-2.22,-1.49,5.64,1.28,0.95,0.95,0,0.01,299.62,4.44,1858463.14,3.42
2247,"wikinews",2037,405,157,1880,-2.81,-1.87,7.82,1.52,0.91,0.92,0,0.01,681.6,6.49,5004057.64,5.38
2248,"wikinews",1824,347,162,1662,-2.97,-2.02,7.84,1.78,0.92,0.92,0,0.01,726.85,7.54,4912454.08,6.53
2249,"wikinews",2029,360,174,1855,-2.81,-2.08,6.92,1.55,0.92,0.91,0,0.01,546.64,7.96,3669285.43,6.83
2250,"wikinews",857,174,140,716,-2.62,-1.9,7.63,1.52,0.96,0.98,0,0.02,512.34,6.65,3528967.67,5.58
2251,"wikinews",1804,328,159,1645,-2.52,-1.8,6.53,1.6,0.92,0.9,0,0.01,454.59,6.05,2723039.45,5.02
2252,"wikinews",2221,395,187,2034,-2.26,-1.53,5.7,1.32,0.91,0.89,0,0.01,365.91,4.62,2604182.16,3.56
2253,"wikinews",4849,957,182,4667,-2.8,-1.92,7.55,1.63,0.89,0.89,0,0.06,620.59,6.82,4285511.77,5.78
2254,"wikinews",3238,671,165,3073,-2.05,-1.34,4.97,1.13,0.9,0.89,0,0.05,268.63,3.82,1824649.52,2.74
2255,"wikinews",1514,321,128,1385,-2.42,-1.46,6.78,1.04,0.95,0.95,0,0.02,460.54,4.31,3342090.1,3.23
2256,"wikinews",1347,249,137,1210,-2.33,-1.42,7.46,1.23,0.99,1,0,0,529.78,4.14,3963599.67,3.12
2257,"wikinews",2875,547,185,2690,-2.31,-1.54,5.94,1.26,0.88,0.86,0.01,0.06,389.45,4.66,2395649.54,3.61
2258,"wikinews",2261,410,175,2086,-2.51,-1.68,6.44,1.35,0.97,0.98,0,0.02,417.26,5.37,2731218.71,4.26
2259,"wikinews",1174,192,136,1037,-2.2,-1.54,5.6,1.12,0.97,0.98,0,0.02,379.38,4.69,3088460.59,3.47
2260,"wikinews",1478,273,146,1332,-2.47,-1.62,6.7,1.36,0.97,0.97,0,0.02,419.67,5.05,2485949.63,4.01
2261,"wikinews",1426,267,157,1269,-2.28,-1.53,4.83,1.3,0.93,0.92,0,0.04,249.37,4.62,1464217.25,3.59
2262,"wikinews",1483,307,129,1353,-2.44,-1.47,7.25,1.32,0.93,0.92,0,0.02,516.07,4.35,3407064.76,3.33
2263,"wikinews",875,148,143,732,-1.94,-1.01,5.2,0.98,0.93,0.92,0,0.07,337.49,2.74,2696596.1,1.74
2264,"wikinews",1467,253,188,1279,-2.31,-1.86,4.93,1.49,0.96,0.96,0,0.01,310.15,6.42,1965979.69,5.37
2265,"wikinews",837,144,162,675,-2.54,-1.63,7.21,1.32,0.98,0.98,0,0.01,561.85,5.11,3656288.19,4.01
2266,"wikinews",1676,331,170,1506,-2.37,-1.66,6,1.39,0.96,0.96,0,0.04,385.05,5.26,2737344.32,4.23
2267,"wikinews",1775,348,149,1626,-2.17,-1.35,5.36,1.17,0.93,0.94,0,0.03,321.17,3.86,2232825.31,2.82
2268,"wikinews",2031,350,171,1860,-2.41,-1.72,5.63,1.38,0.93,0.93,0,0.03,351.14,5.58,2261058.24,4.4
2269,"wikinews",1572,320,125,1447,-2.14,-1.43,5.77,1.34,0.98,0.99,0,0.01,316.08,4.18,1934985.89,3.18
2270,"wikinews",2155,379,123,2032,-2.52,-1.69,6.56,1.46,0.82,0.8,0,0.01,437.09,5.42,2822946.54,4.39
2271,"wikinews",1330,248,147,1183,-2.59,-1.78,7.96,1.62,0.98,0.97,0,0.01,617.96,5.9,4507239.22,4.88
2272,"wikinews",1917,374,148,1769,-2.14,-1.36,5.62,1.18,0.94,0.95,0,0.02,342.91,3.88,2568564.64,2.85
2273,"wikinews",2654,477,195,2459,-2.1,-1.47,4.78,1.16,0.88,0.87,0,0.03,280.44,4.35,1867713.36,3.28
2274,"wikinews",793,124,168,625,-2.08,-1.18,5.82,0.99,0.99,1,0,0,300.77,3.26,1794097.12,2.19
2275,"wikinews",1780,332,147,1633,-2.38,-1.62,6.18,1.48,0.86,0.82,0.01,0.06,440.17,5.06,2869828.52,4.04
2276,"wikinews",2530,509,140,2389,-2.49,-1.67,6.17,1.35,0.91,0.93,0,0.02,428.47,5.31,2819018.62,4.19
2277,"wikinews",2200,385,184,2016,-2.39,-1.48,6.76,1.24,0.96,0.95,0,0.02,523.06,4.39,3656951.79,3.34
2278,"wikinews",2046,434,131,1915,-1.94,-1.14,4.92,1.09,0.83,0.8,0.01,0.05,232.87,3.13,1383802.45,2.12
2279,"wikinews",1461,261,150,1310,-2.49,-1.71,6.79,1.56,0.91,0.89,0,0.02,438.06,5.53,2491162.87,4.5
2280,"wikinews",2455,467,169,2286,-2.36,-1.77,5.4,1.31,0.94,0.92,0,0.03,325.84,5.87,1920056.28,4.75
2281,"wikinews",827,134,173,654,-2.02,-1.45,5.38,1.16,1,1,0,0,328.63,4.26,2377292.82,3.21
2282,"wikinews",1339,253,154,1184,-2.42,-1.69,6.5,1.38,0.98,0.98,0,0.01,507.7,5.42,3385416.87,4.4
2283,"wikinews",1920,333,165,1755,-2.37,-1.56,6.9,1.35,0.85,0.83,0,0.02,448.88,4.76,3297305.41,3.75
2284,"wikinews",2228,421,149,2079,-2.35,-1.77,4.79,1.31,0.88,0.84,0,0.03,225.94,5.87,1440664.69,4.79
2285,"wikinews",1377,275,139,1237,-1.98,-1.19,5.54,1.12,0.9,0.88,0,0.05,351.23,3.29,2511453.17,2.29
2286,"wikinews",2175,376,155,2020,-2.85,-1.92,8.37,1.6,0.94,0.94,0,0.02,681.22,6.86,4863974.3,5.79
2287,"wikinews",1494,279,147,1346,-2.03,-1.53,4.16,1.33,0.93,0.92,0,0.03,205.97,4.62,1512404.57,3.61
2288,"wikinews",3196,630,174,3022,-2.42,-1.7,5.48,1.44,0.93,0.93,0,0.04,326.45,5.5,1989250.15,4.44
2289,"wikinews",923,150,186,737,-3.02,-2.1,7.65,1.62,0.97,0.98,0,0.02,573.04,8.17,2984440.48,6.96
2290,"wikinews",1793,331,164,1629,-2.32,-1.53,5.5,1.29,0.91,0.89,0,0.01,342.96,4.62,2258488.94,3.56
2291,"wikinews",812,132,178,634,-2.43,-1.46,7.08,1.25,0.99,1,0,0,450.9,4.31,3014027.61,3.26
2292,"wikinews",1162,211,145,1017,-2.36,-1.55,6.05,1.3,0.98,0.98,0,0.01,416.36,4.71,3247773.89,3.63
2293,"wikinews",1338,263,117,1220,-2.38,-1.56,6.33,1.37,0.93,0.93,0,0.04,361.9,4.76,1948503.19,3.72
2294,"wikinews",1039,176,152,887,-2.47,-1.7,6.86,1.42,0.95,0.97,0,0.03,590.38,5.48,4437304.24,4.42
2295,"wikinews",1546,280,166,1379,-2.53,-1.8,6.4,1.46,0.96,0.96,0,0.01,479.77,6.02,3375205.41,5
2296,"wikinews",2023,373,156,1866,-2.28,-1.29,5.91,1.23,0.93,0.91,0,0.01,368.61,3.63,2246603.87,2.62
2297,"wikinews",1733,316,134,1599,-2.44,-1.56,6.28,1.37,0.97,0.96,0,0.02,414.04,4.73,2511413.12,3.7
2298,"wikinews",777,138,133,644,-2.22,-1.6,5.09,1.21,0.97,0.98,0,0.02,263.83,4.97,1563198.52,3.76
2299,"wikinews",1535,265,171,1364,-2.47,-1.61,6.07,1.41,0.98,0.97,0,0,329.39,5,1677090.54,3.92
2300,"wikinews",1471,253,177,1294,-2.42,-1.65,5.68,1.32,0.95,0.95,0,0.03,322.99,5.21,1843449.35,4.15
2301,"wikinews",814,160,154,660,-2.38,-1.5,6.66,1.46,0.96,0.97,0,0.03,451.74,4.48,2944993.69,3.48
2302,"wikinews",1448,288,163,1285,-3.04,-2.24,8.14,1.84,0.97,0.97,0,0.03,728.23,9.35,4925563.35,8.34
2303,"wikinews",3382,688,135,3247,-2.4,-1.53,6.81,1.44,0.9,0.9,0,0.03,428.59,4.62,2771017.24,3.61
2304,"wikinews",767,158,123,644,-2.63,-1.64,8.04,1.38,0.98,0.98,0,0.01,638.17,5.18,4361812.7,4.16
2305,"wikinews",1222,208,175,1046,-2.74,-1.91,8.62,1.58,0.96,0.94,0,0.01,713.05,6.76,4796848.74,5.75
2306,"wikinews",2950,582,146,2804,-2.47,-1.53,6.33,1.27,0.91,0.9,0,0.01,419.76,4.62,2634965.95,3.54
2307,"wikinews",1941,325,161,1780,-3.07,-2.37,8.31,1.83,0.95,0.95,0,0.03,670.81,10.7,4737556.85,9.58
2308,"wikinews",708,116,145,562,-2.56,-1.61,8.78,1.53,1,1,0,0,677.1,5,5098084.51,3.98
2309,"wikinews",1524,289,163,1361,-2.19,-1.23,7.14,1.15,0.94,0.91,0,0.01,510.63,3.42,3926810.57,2.41
2310,"wikinews",1820,354,148,1671,-2.52,-1.9,5.55,1.5,0.94,0.93,0,0.01,350.98,6.72,2372666.2,5.6
2311,"wikinews",1541,287,180,1361,-2.7,-2.2,5.36,1.61,0.95,0.95,0,0.01,331,9.03,1707964.04,7.82
2312,"wikinews",1934,426,142,1792,-2.5,-1.33,8.17,1.33,0.8,0.8,0.01,0.07,600.53,3.76,4079779.96,2.76
2313,"wikinews",2548,495,150,2398,-2.45,-1.83,6.06,1.44,0.93,0.91,0,0.03,379.8,6.23,2244649.19,5.19
2314,"wikinews",1452,284,146,1306,-1.86,-1.05,5.49,1.02,0.93,0.92,0,0.03,305.39,2.86,2150676.44,1.85
2315,"wikinews",1396,248,185,1211,-2.29,-1.3,6.68,1.14,0.96,0.95,0,0.02,452.99,3.67,3319995.26,2.61
2316,"wikinews",1359,249,140,1219,-2.2,-1.44,5.17,1.17,0.93,0.92,0,0.05,369.71,4.22,2698201.31,3.15
2317,"wikinews",3249,660,170,3078,-2.34,-1.52,6.85,1.29,0.93,0.91,0,0.01,536.67,4.6,4012039.22,3.56
2318,"wikinews",1737,322,166,1571,-2.17,-1.34,5.82,1.26,0.95,0.93,0,0.01,334.56,3.8,2219316.33,2.8
2319,"wikinews",1733,312,151,1582,-2.57,-1.82,5.9,1.49,0.96,0.96,0,0.01,370.52,6.17,1902253.33,5.08
2320,"wikinews",4234,809,194,4040,-2.6,-1.8,6.87,1.54,0.85,0.83,0,0.03,509.88,6.05,3362125.06,4.99
2321,"wikinews",1133,212,139,994,-2.49,-1.6,7.99,1.37,0.98,0.98,0,0.02,671.63,4.95,5200014.06,3.94
2322,"wikinews",1198,209,144,1054,-2.62,-1.71,7,1.44,0.92,0.9,0,0.03,538.23,5.53,3381739.16,4.47
2323,"wikinews",1148,222,166,982,-2.37,-1.58,6.36,1.34,0.96,0.97,0,0.03,496.34,4.88,3394432.07,3.83
2324,"wikinews",2288,433,151,2137,-2.71,-1.92,6.3,1.47,0.88,0.84,0.01,0.04,443.55,6.82,2902275.19,5.74
2325,"wikinews",2594,497,176,2418,-2.15,-1.37,5.62,1.25,0.94,0.91,0,0.03,379.63,3.94,2629931.77,2.93
2326,"wikinews",930,162,171,758,-2.4,-1.68,5.99,1.52,0.98,0.98,0,0.01,357.75,5.37,2226292.94,4.35
2327,"wikinews",936,175,161,775,-2.23,-1.81,4.81,1.34,0.88,0.88,0,0.02,231.31,6.11,1398618.43,4.99
2328,"wikinews",847,143,171,676,-2.4,-1.38,6.98,1.28,0.97,0.98,0,0.02,489.52,3.97,3084274.07,2.95
2329,"wikinews",1187,261,149,1038,-2.12,-1.27,6,1.1,0.98,0.98,0,0.02,261.62,3.56,1611463.21,2.54
2330,"wikinews",979,183,145,833,-3.29,-2.37,10.13,2.08,0.95,0.93,0,0.02,1038.82,10.7,7472658.17,9.58
2331,"wikinews",2272,396,158,2114,-2.36,-1.54,6.15,1.42,0.94,0.93,0,0.01,359.6,4.66,2222615.42,3.66
2332,"wikinews",1469,267,152,1317,-2.4,-1.45,6.49,1.31,0.97,0.97,0,0.03,451.48,4.26,2930503.03,3.24
2333,"wikinews",1654,322,173,1481,-2.64,-2.01,7,1.4,0.96,0.97,0,0.03,539.41,7.5,3979325.37,6.38
2334,"wikinews",1348,229,173,1175,-2.16,-1.32,5.13,1.12,0.93,0.92,0,0.01,276.43,3.74,1789409.61,2.67
2335,"wikinews",1654,413,120,1534,-2.15,-1.39,5.85,1.31,0.87,0.87,0,0.02,366.75,4.01,2526010.09,3.01
2336,"wikinews",3940,755,165,3775,-2.27,-1.34,6.34,1.21,0.9,0.89,0,0.03,419.03,3.82,2852778.95,2.79
2337,"wikinews",1617,300,175,1442,-2.44,-1.62,7.73,1.41,0.89,0.89,0,0.04,426.39,5.05,2788885.88,3.99
2338,"wikinews",1951,326,176,1775,-2.71,-2.04,7.01,1.5,0.86,0.83,0,0.01,545.49,7.65,4204655.26,6.55
2339,"wikinews",1892,333,200,1692,-2.91,-2.17,7.34,1.8,0.96,0.97,0,0.01,584.46,8.76,4011257.15,7.68
2340,"wikinews",1099,193,156,943,-2.44,-1.77,6,1.58,0.97,0.97,0,0.03,387.88,5.87,2005062.11,4.86
2341,"wikinews",1820,375,177,1642,-2.37,-1.62,6.62,1.5,0.93,0.9,0,0.03,394.81,5.05,2583147.5,4.04
2342,"wikinews",1609,306,143,1466,-2.36,-1.44,6.77,1.35,0.88,0.86,0,0.03,405.31,4.22,2758572.44,3.19
2343,"wikinews",2965,553,169,2795,-2.36,-1.46,6.93,1.37,0.91,0.89,0,0.01,516.13,4.31,3690380.2,3.3
2344,"wikinews",2817,513,151,2666,-2.24,-1.52,5.69,1.17,0.88,0.87,0,0.02,393.02,4.57,2781090.22,3.49
2345,"wikinews",1840,318,166,1673,-2.32,-1.43,7.41,1.36,0.94,0.92,0,0.05,509.53,4.18,3711441.73,3.17
2346,"wikinews",690,127,154,535,-2.24,-1.24,6.12,1.15,0.95,0.95,0,0.01,375.78,3.46,2006368.01,2.46
2347,"wikinews",2106,360,164,1942,-3.05,-2.26,8.55,1.82,0.96,0.96,0,0.04,696.62,9.58,4514420.86,8.52
2348,"wikinews",1115,215,170,945,-2.45,-1.47,6.58,1.33,0.98,1,0,0,456.38,4.35,2867584.08,3.34
2349,"wikinews",2993,581,153,2839,-2.67,-1.97,7.07,1.54,0.93,0.91,0,0.02,596.46,7.17,4392456.09,6.11
2350,"wikinews",1406,223,186,1220,-2.21,-1.44,4.82,1.19,0.92,0.92,0,0.06,242.45,4.22,1346811.79,3.11
2351,"wikinews",1820,354,125,1695,-2.29,-1.6,4.85,1.32,0.93,0.92,0,0.02,256.82,4.93,1593366.79,3.92
2352,"wikinews",1057,176,159,898,-2.24,-1.67,4.97,1.25,0.98,0.97,0,0.01,269.49,5.32,1685608.15,4.28
2353,"wikinews",1449,255,156,1292,-2.53,-1.71,6.16,1.44,0.95,0.94,0,0.03,493.53,5.53,3451041.59,4.4
2354,"wikinews",4097,792,142,3955,-2.33,-1.6,5.81,1.36,0.94,0.92,0,0.01,366.17,4.95,2344880.23,3.91
2355,"wikinews",2562,485,175,2387,-2.65,-1.82,6.87,1.55,0.89,0.88,0,0.03,496.31,6.17,3306944.25,5.14
2356,"wikinews",1209,233,169,1040,-2.31,-1.48,6.58,1.24,0.94,0.94,0,0.02,385.84,4.39,2241994.03,3.33
2357,"wikinews",927,154,151,776,-2.56,-1.82,6.67,1.28,0.97,0.99,0,0.01,600.49,6.18,4360916.72,4.92
2358,"wikinews",3528,668,148,3380,-2.75,-1.94,7.64,1.74,0.96,0.96,0,0.03,601.25,6.96,3936222.24,5.96
2359,"wikinews",852,171,130,721,-2.37,-1.6,6.91,1.46,1,1,0,0,514.63,4.95,3878461,3.95
2360,"wikinews",1096,184,169,927,-2.44,-1.56,6.49,1.19,0.98,0.99,0,0.01,497.44,4.78,3891234.67,3.71
2361,"wikinews",1457,242,168,1288,-2.71,-1.92,7.61,1.6,0.96,0.95,0,0.01,727.28,6.82,5173231.4,5.77
2362,"wikinews",1521,270,179,1342,-2.36,-1.83,4.98,1.51,0.98,0.98,0,0.01,252.06,6.24,1831470.01,5.17
2363,"wikinews",818,142,140,678,-2.38,-1.31,7.39,1.27,0.95,0.95,0,0.05,517.28,3.7,3218026.02,2.71
2364,"wikinews",1393,229,168,1225,-2.46,-1.9,5.35,1.37,0.97,0.97,0,0.02,342.15,6.69,2314376.17,5.52
2365,"wikinews",1611,298,157,1453,-2.65,-1.99,6.58,1.75,0.96,0.96,0,0.04,480.26,7.32,3072026.89,6.27
2366,"wikinews",1543,274,160,1383,-2.4,-1.78,5.36,1.49,0.95,0.95,0,0.02,332.44,5.97,2096750.96,4.92
2367,"wikinews",1701,311,166,1534,-2.46,-1.86,6.33,1.42,0.95,0.95,0,0.01,456.46,6.42,3238510.78,5.28
2368,"wikinews",1275,261,145,1130,-2.34,-1.47,6.76,1.34,0.99,1,0,0,534.76,4.35,3962344.38,3.33
2369,"wikinews",1425,238,179,1246,-2.43,-1.6,5.78,1.34,0.97,0.96,0,0.02,392.31,4.97,2836564.9,3.86
2370,"wikinews",1761,353,149,1611,-2.18,-1.49,5.45,1.28,0.93,0.93,0,0.04,368.59,4.44,2443173.09,3.4
2371,"wikinews",1484,293,150,1334,-1.97,-1.35,4.21,1.15,0.93,0.93,0,0.04,141.23,3.86,593773.68,2.77
2372,"wikinews",3301,666,146,3155,-2.02,-1.3,4.78,1.18,0.9,0.88,0,0.04,226.52,3.65,1381860.53,2.63
2373,"wikinews",1151,206,153,997,-1.99,-1.24,4.86,1.1,0.94,0.94,0,0.02,313.6,3.46,1980530.17,2.37
2374,"wikinews",837,159,164,673,-2.16,-1.16,6.47,1.12,0.94,0.92,0,0.01,412.72,3.19,2856902.26,2.18
2375,"wikinews",1256,237,174,1082,-2.19,-1.31,6.03,1.25,0.98,0.97,0,0.02,313.99,3.71,2110331.69,2.7
2376,"wikinews",2145,422,153,1992,-2.32,-1.69,5.73,1.39,0.95,0.96,0,0.01,349.97,5.42,2471747.82,4.39
2377,"wikinews",1493,258,175,1318,-2.56,-2.03,5.82,1.51,0.96,0.96,0,0.01,383.82,7.62,2634711.39,6.4
2378,"wikinews",2226,466,141,2085,-2.45,-1.55,6.97,1.28,0.92,0.92,0,0.03,524.6,4.71,3602827.67,3.7
2379,"wikinews",1322,241,144,1178,-2.41,-1.67,5.89,1.38,0.93,0.92,0,0.01,441.48,5.31,3239169.24,4.23
2380,"wikinews",3543,722,154,3389,-2.69,-1.8,7.43,1.62,0.94,0.94,0,0.01,552.34,6.05,3622667.76,5.04
2381,"wikinews",1327,230,153,1174,-2.84,-1.81,8.5,1.56,0.96,0.97,0,0.03,642.09,6.08,4566550.87,5.04
2382,"wikinews",2245,435,166,2079,-2.25,-1.53,5.09,1.24,0.9,0.93,0.01,0.05,296.55,4.62,2050928.72,3.57
2383,"wikinews",769,143,145,624,-2.34,-1.47,7.83,1.33,0.97,0.96,0,0.01,405.51,4.35,2952980.61,3.34
2384,"wikinews",1725,313,129,1596,-2.28,-1.51,6.08,1.32,0.96,0.98,0,0.02,321.09,4.53,2321104.27,3.5
2385,"wikinews",1298,231,182,1116,-2.57,-1.79,6.48,1.36,0.98,0.97,0,0.02,521.06,5.99,3237375.2,4.91
2386,"wikinews",3125,639,181,2943,-2.59,-1.97,6.39,1.64,0.95,0.93,0,0.01,486.12,7.17,3507742.36,6.14
2387,"wikinews",1514,275,146,1367,-2.47,-1.67,6.32,1.33,0.95,0.93,0,0.02,400.1,5.31,2516539.11,4.27
2388,"wikinews",1105,170,168,937,-2.86,-2.14,6.31,1.49,0.98,0.98,0,0.01,531.57,8.5,3430768.31,7.27
2389,"wikinews",1568,294,172,1396,-2.26,-1.29,6.44,1.19,0.94,0.95,0,0.01,393.88,3.64,2813639.04,2.61
2390,"wikinews",2061,397,147,1914,-2.24,-1.49,5.92,1.35,0.95,0.95,0,0.01,428.17,4.44,3249760.13,3.44
2391,"wikinews",1209,219,166,1043,-2.29,-1.45,5.93,1.32,0.96,0.95,0,0,340.61,4.26,2341383.31,3.25
2392,"wikinews",1804,355,152,1652,-2.03,-1.21,5.82,1.07,0.89,0.89,0,0.02,377.93,3.35,2880918.69,2.34
2393,"wikinews",2676,507,120,2556,-2.27,-1.42,6.49,1.23,0.87,0.85,0,0.04,348.12,4.14,2330061.76,3.1
2394,"wikinews",1978,391,123,1855,-2.08,-1.28,5.79,1.13,0.95,0.95,0,0.04,402.73,3.6,2750819.88,2.59
2395,"wikinews",1393,283,127,1265,-2.22,-1.36,5.81,1.31,0.88,0.89,0.01,0.09,326.94,3.9,2062089.19,2.9
2396,"wikinews",1346,245,166,1180,-2.43,-1.93,5.51,1.6,0.97,0.97,0,0.01,273.12,6.89,1516266.95,5.83
2397,"wikinews",2111,385,178,1932,-2.23,-1.48,5.63,1.19,0.96,0.97,0,0.02,392.47,4.39,2826043.46,3.33
2398,"wikinews",1397,271,127,1270,-2.72,-1.78,7.53,1.45,0.91,0.91,0,0.01,647.39,5.93,4644447.91,4.91
2399,"wikinews",1051,186,161,890,-2.33,-1.75,6.08,1.35,0.95,0.95,0,0.01,492.88,5.76,3774206.65,4.63
2400,"wikinews",1801,308,177,1624,-2.44,-1.75,5.93,1.44,0.93,0.92,0,0.03,467.47,5.75,3308498.43,4.73
2401,"wikinews",1189,210,189,999,-2.16,-1.52,5.1,1.21,0.98,0.98,0,0.02,315.01,4.6,2162298.12,3.55
2402,"wikinews",1610,298,151,1459,-2.3,-1.58,6.16,1.4,0.98,0.98,0,0.01,433.5,4.88,3383713.45,3.84
2403,"wikinews",1285,249,146,1138,-2.79,-1.81,8.14,1.43,0.97,0.97,0,0.03,668.23,6.11,4940344.22,4.98
2404,"wikinews",1214,200,173,1041,-2.93,-1.87,8.81,1.49,0.97,0.98,0,0.01,772.64,6.49,5310087.73,5.42
2405,"wikinews",2196,415,146,2050,-2.26,-1.43,5.6,1.24,0.94,0.91,0,0.01,343.73,4.18,2318109.99,3.16
2406,"wikinews",1798,349,177,1621,-1.86,-1.25,3.99,1.15,0.91,0.92,0.01,0.08,167.73,3.49,905708.35,2.47
2407,"wikinews",1361,253,153,1208,-2.4,-1.62,5.76,1.35,0.9,0.88,0,0.01,349.65,5.05,1962485.95,3.99
2408,"wikinews",2823,593,131,2691,-1.9,-1.07,4.85,1.03,0.94,0.96,0,0.03,259.91,2.92,1755213.12,1.91
2409,"wikinews",1990,365,168,1822,-2.5,-1.64,6.43,1.41,0.89,0.87,0,0.02,435.47,5.16,3305470.73,4.12
2410,"wikinews",1584,326,111,1473,-2.75,-1.87,7.62,1.49,0.99,0.99,0,0.01,639.81,6.46,4398652.58,5.42
2411,"wikinews",1552,293,180,1371,-2.67,-1.82,7.4,1.39,0.94,0.94,0,0.01,622.15,6.17,4394759.05,5
2412,"wikinews",1475,334,99,1376,-2.33,-1.31,7.56,1.27,0.84,0.77,0.01,0.05,490.46,3.69,3478742.39,2.68
2413,"wikinews",3587,694,147,3440,-2.4,-1.78,5.76,1.43,0.87,0.87,0,0.03,350.67,5.93,2211053.79,4.82
2414,"wikinews",778,138,155,623,-2.02,-0.82,6.31,0.81,0.99,0.99,0,0.01,330.17,2.27,2235318.11,1.27
2415,"wikinews",1052,191,135,917,-2.08,-1.38,3.98,1.15,0.93,0.96,0,0.04,112.28,3.97,265296.64,2.95
2416,"wikinews",1568,295,164,1404,-2.22,-1.85,4.75,1.47,0.9,0.88,0,0.01,243.42,6.36,1486844.3,5.29
2417,"wikinews",2302,429,141,2161,-2.52,-1.72,6.98,1.46,0.87,0.84,0,0.02,559.92,5.58,4188851.16,4.54
2418,"wikinews",1367,261,170,1197,-2.42,-1.6,6.06,1.38,0.97,0.98,0,0.02,393.54,4.95,2560129.43,3.93
2419,"wikinews",772,127,159,613,-2.23,-1.41,5.92,1.19,0.91,0.91,0,0.01,298.37,4.1,1706085.56,3.08
2420,"wikinews",1077,193,162,915,-1.81,-0.73,5.78,0.72,0.86,0.78,0.01,0.07,393.9,2.08,2839860.67,1.08
2421,"wikinews",2478,514,159,2319,-2.72,-1.87,7.07,1.64,0.93,0.91,0,0.01,532.73,6.49,3500202.74,5.46
2422,"wikinews",1526,279,183,1342,-2.55,-1.96,7.03,1.61,0.98,1,0,0,454.35,7.1,3313156.29,6.05
2423,"wikinews",1413,266,141,1272,-1.93,-1.38,4.39,1.15,0.85,0.81,0.01,0.02,231.16,3.96,1613551.89,2.92
2424,"wikinews",1369,248,144,1225,-3.14,-2.33,8.68,1.85,0.98,0.98,0,0.02,713.84,10.28,4672010.67,9.24
2425,"wikinews",1853,318,169,1684,-2.45,-1.74,6.12,1.46,0.89,0.87,0.01,0.05,361.99,5.72,2303827.09,4.68
2426,"wikinews",1209,217,146,1062,-2.28,-1.7,5.1,1.24,0.94,0.93,0,0.02,282.59,5.47,1893947.03,4.33
2427,"wikinews",1770,354,107,1663,-2.49,-1.75,5.8,1.46,0.96,0.94,0,0.01,338.09,5.75,1750404.69,4.68
2428,"wikinews",3150,589,165,2985,-2.26,-1.59,5.23,1.32,0.88,0.88,0,0.07,253.2,4.9,1388454.72,3.78
2429,"wikinews",1824,343,157,1667,-2.63,-1.83,6.6,1.52,0.95,0.93,0,0.01,447.67,6.23,2763864.92,5.18
2430,"wikinews",1443,261,170,1273,-2.51,-1.79,6.33,1.49,0.98,0.98,0,0.01,489.1,5.99,3475081.53,4.92
2431,"wikinews",884,148,151,733,-2.18,-1.52,5.17,1.31,0.99,0.99,0,0.01,262.83,4.6,2018800.71,3.52
2432,"wikinews",1155,211,140,1015,-2.27,-1.75,5.13,1.23,0.97,0.96,0,0.03,316.53,5.75,2364056.02,4.63
2433,"wikinews",3082,619,154,2928,-2.43,-1.56,6.78,1.38,0.92,0.92,0,0.03,472.12,4.76,3056467.51,3.72
2434,"wikinews",1500,278,173,1326,-2.4,-1.54,5.85,1.2,0.93,0.89,0,0.01,358.19,4.66,2347325.3,3.64
2435,"wikinews",897,187,130,766,-2.35,-1.29,7.7,1.25,0.92,0.9,0,0.01,629.07,3.63,4598888.12,2.63
2436,"wikinews",5761,1293,135,5626,-2.46,-1.74,6.48,1.47,0.8,0.77,0,0.01,418.08,5.7,2772207.64,4.65
2437,"wikinews",1794,339,157,1636,-2.28,-1.5,6.11,1.33,0.98,0.98,0,0.02,401,4.48,2846435.73,3.45
2438,"wikinews",1195,230,158,1037,-3.28,-1.72,12.96,1.66,0.99,0.99,0,0.01,1245.01,5.62,8860180.56,4.61
2439,"wikinews",2300,444,181,2118,-2.31,-1.58,5.76,1.37,0.91,0.92,0,0.03,354,4.85,2174216.94,3.83
2440,"wikinews",1365,230,153,1212,-2.66,-1.92,6.38,1.41,0.91,0.91,0,0.02,551.93,6.78,3688174.08,5.58
2441,"wikinews",1853,331,197,1656,-2.76,-1.98,7.25,1.53,0.97,0.97,0,0.03,595.97,7.24,3901650.03,6.15
2442,"wikinews",1189,192,179,1009,-2.33,-1.61,5.41,1.33,0.98,0.98,0,0.01,252.16,5,1296796.59,3.99
2443,"wikinews",1430,267,172,1258,-1.88,-1,5.9,0.99,0.96,0.95,0,0.02,397.42,2.72,2849008.4,1.72
2444,"wikinews",1344,221,189,1155,-1.95,-1.17,5.06,1.07,0.92,0.93,0,0.04,281.64,3.22,1876199.03,2.17
2445,"wikinews",920,142,162,757,-2.09,-1.33,5.06,1.09,0.93,0.9,0,0.03,355.18,3.76,2621416.58,2.73
2446,"wikinews",1123,187,165,958,-2.21,-1.34,5.5,1.12,0.94,0.95,0,0.05,343.69,3.82,2244716.12,2.74
2447,"wikinews",1047,171,172,875,-2.24,-1.45,5.32,1.31,0.97,0.97,0,0.02,232.69,4.26,1255580.5,3.22
2448,"wikinews",844,146,164,680,-2.38,-1.46,7.31,1.29,0.97,0.97,0,0.01,551.42,4.3,3840598.56,3.25
2449,"wikinews",1179,182,163,1016,-2.69,-2.1,6.01,1.77,0.98,0.98,0,0.02,450.74,8.21,2924353.37,7.2
2450,"wikinews",1212,221,154,1058,-2.16,-1.38,5.33,1.23,0.97,0.98,0,0.02,301.87,3.97,1821556.76,2.96
2451,"wikinews",782,118,188,594,-2.14,-1.56,4.67,1.22,0.98,0.98,0,0.01,284.62,4.79,1912701.58,3.69
2452,"wikinews",1831,347,175,1656,-2.59,-1.61,7.96,1.29,0.91,0.91,0,0.03,644.43,5,4512058.49,3.93
2453,"wikinews",2828,542,163,2665,-2.21,-1.37,5.52,1.23,0.93,0.92,0,0.02,299.38,3.94,1577685.14,2.91
2454,"wikinews",2150,494,141,2009,-1.82,-0.98,4.8,0.97,0.68,0.6,0.03,0.08,216.43,2.66,1368039.26,1.67
2455,"wikinews",963,156,149,814,-2.2,-1.26,5.83,1.07,0.96,0.96,0,0.02,410.18,3.53,2290286.81,2.43
2456,"wikinews",1162,182,171,991,-2.36,-1.77,5.72,1.36,0.98,0.98,0,0.01,387.99,5.87,2584294.02,4.74
2457,"wikinews",2603,490,157,2446,-2.93,-2.04,7.91,1.67,0.96,0.96,0,0.01,751.45,7.65,5117853.3,6.63
2458,"wikinews",2201,439,136,2065,-2.34,-1.51,6.3,1.2,0.92,0.94,0,0.06,396.39,4.53,2597392.13,3.4
2459,"wikinews",1625,293,164,1461,-2.4,-1.62,5.63,1.35,0.93,0.94,0,0.06,406.74,5.05,2880811.99,4.03
2460,"wikinews",1075,176,187,888,-2.53,-1.88,6.3,1.47,0.96,0.96,0,0.04,421.73,6.59,2960420.62,5.52
2461,"wikinews",2168,413,186,1981,-2.23,-1.5,5.95,1.32,0.95,0.96,0,0.04,387.94,4.48,2755065.09,3.46
2462,"wikinews",974,188,144,830,-2.58,-1.76,6.85,1.49,0.98,0.98,0,0.01,408.07,5.84,2279551.05,4.81
2463,"wikinews",1278,275,132,1146,-2.73,-1.98,7.8,1.74,0.88,0.87,0,0.03,558.33,7.24,3849818.47,6.22
2464,"wikinews",2193,466,147,2046,-2.47,-1.58,7.05,1.44,0.96,0.96,0,0.03,524.99,4.86,3620885.81,3.85
2465,"wikinews",1348,243,163,1185,-2.3,-1.36,5.95,1.23,0.96,0.94,0,0.01,354.61,3.9,2284044.59,2.86
2466,"wikinews",1406,239,186,1219,-2.43,-1.83,5.4,1.42,0.96,0.97,0,0.01,261.18,6.23,1620161.3,5.15
2467,"wikinews",770,132,173,597,-1.98,-0.98,6.31,0.9,0.93,0.94,0,0.06,387.97,2.66,2987952.55,1.65
2468,"wikinews",839,141,146,693,-2.97,-2.11,8.91,1.74,0.95,0.99,0,0.01,891.84,8.25,6766204.27,7.2
2469,"wikinews",1547,282,167,1380,-2.52,-1.65,6.63,1.38,0.94,0.93,0,0.01,458.61,5.21,2975923.71,4.13
2470,"wikinews",1086,202,159,927,-2.16,-1.56,4.8,1.46,0.95,0.94,0,0.03,171.66,4.76,696648.41,3.75
2471,"wikinews",2278,468,156,2122,-2.12,-1.17,6.54,1.15,0.92,0.93,0,0.01,379.08,3.22,2508756.47,2.22
2472,"wikinews",1516,276,165,1351,-2.22,-1.49,5.02,1.24,0.96,0.96,0,0.04,230.85,4.44,1258052.82,3.39
2473,"wikinews",1208,216,163,1045,-2.42,-1.77,5.95,1.52,0.97,0.96,0,0.02,403.65,5.87,2879462.08,4.83
2474,"wikinews",2209,424,183,2026,-2.39,-1.63,5.79,1.28,0.93,0.95,0,0.02,399.09,5.13,2835886.49,4.03
2475,"wikinews",2556,484,179,2377,-2.35,-1.48,6.81,1.25,0.93,0.96,0,0.04,433.99,4.37,3023532.01,3.31
2476,"wikinews",1429,256,175,1254,-2.18,-1.46,5.64,1.19,0.97,0.97,0,0.02,351.71,4.31,2325549.08,3.21
2477,"wikinews",1416,263,142,1273,-2.6,-1.54,7.01,1.29,0.98,0.99,0,0.01,517.19,4.66,3134852.59,3.61
2478,"wikinews",1486,234,196,1290,-2.73,-1.92,7.89,1.76,0.97,0.96,0,0.01,570.3,6.86,4251212.36,5.79
2479,"wikinews",1191,217,154,1037,-3.12,-2.13,8.91,1.67,0.99,0.99,0,0,901.19,8.41,6097261.43,7.29
2480,"wikinews",2820,532,198,2622,-2.21,-1.4,5.72,1.25,0.93,0.92,0,0.02,326.89,4.06,2076352.42,3.02
2481,"wikinews",1187,195,169,1018,-2.5,-1.87,5.24,1.37,0.94,0.93,0,0.01,289.39,6.49,1519341.7,5.19
2482,"wikinews",1296,225,170,1125,-2.24,-1.33,6.68,1.19,0.98,0.98,0,0.02,473.36,3.78,3465281.53,2.74
2483,"wikinews",3445,699,156,3289,-2.31,-1.38,6.39,1.26,0.86,0.84,0,0.01,412.94,3.97,2807853.68,2.95
2484,"wikinews",997,182,183,813,-2.36,-1.6,6.41,1.46,0.98,0.99,0,0.01,292.98,4.97,1749643.84,3.97
2485,"wikinews",1357,245,137,1220,-2.31,-1.47,6.76,1.2,0.94,0.93,0,0.01,447.35,4.35,3440142.94,3.33
2486,"wikinews",1217,237,141,1076,-2.33,-1.59,6.1,1.36,0.95,0.94,0,0.01,421.17,4.9,2968504.24,3.86
2487,"wikinews",2996,654,140,2856,-1.94,-1.05,5.11,1.02,0.86,0.85,0,0.02,267.86,2.86,1761596.15,1.86
2488,"wikinews",1840,338,143,1697,-2.35,-1.65,5.9,1.4,0.94,0.93,0,0.05,397.31,5.21,2424554.32,4.18
2489,"wikinews",1332,233,168,1164,-2.62,-1.91,6.81,1.48,0.97,0.98,0,0.02,532.37,6.75,3873780.5,5.64
2490,"wikinews",922,160,169,753,-2.4,-1.83,4.95,1.29,0.99,0.99,0,0.01,320.9,6.23,2043182.98,4.97
2491,"wikinews",1086,189,157,929,-2.43,-1.88,6.12,1.41,0.96,0.96,0,0.01,372.92,6.55,2331737.23,5.4
2492,"wikinews",1438,291,176,1262,-2.25,-1.42,6.26,1.19,0.93,0.95,0,0.05,411.12,4.14,3125789.24,3.11
2493,"wikinews",3336,667,140,3195,-2.47,-1.6,6.57,1.43,0.94,0.93,0,0.03,462.44,4.95,3111998.43,3.92
2494,"wikinews",823,151,178,644,-2.27,-1.27,6.61,1.25,0.98,0.99,0,0.01,375.31,3.56,2644496.44,2.56
2495,"wikinews",891,169,144,746,-2.25,-1.28,5.8,1.12,0.99,1,0,0,366.04,3.6,2004500.31,2.54
2496,"wikinews",2491,510,167,2324,-2.27,-1.27,7.23,1.23,0.93,0.94,0,0.04,527.29,3.56,3963398.73,2.56
2497,"wikinews",1813,339,183,1630,-2.61,-1.62,7.73,1.31,0.94,0.93,0,0.02,557.69,5.05,3905977.51,4.02
2498,"wikinews",1010,169,171,839,-2.18,-1.41,5.99,1.24,0.97,0.97,0,0.01,394.27,4.1,2850671.17,3.04
2499,"wikinews",1655,358,140,1515,-2.23,-1.49,5.6,1.38,0.94,0.92,0,0.01,284.79,4.44,1247396.42,3.44
2500,"wikinews",1210,208,170,1040,-2.24,-1.59,5.16,1.35,0.95,0.95,0,0.02,274.74,4.9,1616798.82,3.81
2501,"wikinews",2103,395,150,1952,-2.07,-1.28,5.18,1.15,0.9,0.88,0,0.02,291.54,3.6,1744028.82,2.6
2502,"wikinews",1389,243,174,1215,-2.23,-1.63,4.57,1.24,0.97,0.97,0,0.02,242.99,5.1,1385880.72,4.05
2503,"wikinews",3044,586,152,2892,-2.27,-1.34,6.35,1.23,0.8,0.76,0.01,0.03,411.25,3.82,2645224.33,2.8
2504,"wikinews",920,164,174,746,-2.4,-1.57,6.04,1.42,0.99,1,0,0,383.57,4.8,2656770.1,3.79
2505,"wikinews",1779,310,186,1593,-2.49,-1.87,5.82,1.54,0.97,0.97,0,0,325.66,6.46,1950510.84,5.42
2506,"wikinews",3378,653,158,3220,-2.6,-1.82,6.8,1.5,0.9,0.89,0,0.01,463.61,6.17,2786319.91,5.13
2507,"wikinews",1938,359,167,1771,-2.06,-1.13,5.58,1.1,0.94,0.94,0,0.01,315.4,3.1,2329038.26,2.09
2508,"wikinews",2426,485,162,2264,-2.3,-1.37,6.29,1.15,0.93,0.93,0,0.05,393.75,3.94,2667133.93,2.86
2509,"wikinews",831,149,147,684,-2.33,-1.82,5.41,1.44,0.96,0.96,0,0.02,346.09,6.17,2500717.69,5.05
2510,"wikinews",1462,290,182,1279,-2.56,-1.9,6.52,1.41,0.83,0.81,0.01,0.05,490.53,6.66,3330568.6,5.57
2511,"wikinews",2421,456,147,2274,-2.47,-1.74,6.33,1.48,0.93,0.93,0,0.06,488.09,5.67,3579947.11,4.64
2512,"wikinews",4088,816,149,3939,-2.41,-1.6,6.52,1.35,0.92,0.92,0,0.01,428.26,4.95,2900795.15,3.88
2513,"wikinews",1367,257,139,1227,-2.56,-1.86,5.79,1.4,0.96,0.94,0,0.02,448.79,6.42,3261180.21,5.35
2514,"wikinews",4761,939,166,4595,-2.1,-1.34,5.67,1.16,0.86,0.83,0.01,0.03,380.14,3.82,2668775.66,2.78
2515,"wikinews",2776,536,186,2590,-2.7,-2.09,6.29,1.55,0.95,0.96,0,0.03,485.96,8.12,3400634.76,6.97
2516,"wikinews",1631,311,183,1448,-2.73,-2.19,6.26,1.55,0.97,0.97,0,0.03,420.46,8.94,2885751.99,7.74
2517,"wikinews",1683,308,182,1501,-2.02,-1.21,5.42,1.11,0.87,0.84,0,0.01,318.99,3.37,1945945.3,2.37
2518,"wikinews",1224,241,148,1076,-2.51,-1.88,6.32,1.59,0.94,0.95,0,0.05,382.62,6.55,2514839.91,5.51
2519,"wikinews",886,170,139,747,-2.27,-1.85,5.09,1.46,0.95,0.95,0,0.01,280.4,6.32,1522729.69,5.19
2520,"wikinews",990,191,162,827,-2.68,-1.57,8.7,1.53,0.97,0.97,0,0.02,792.69,4.81,5556390.39,3.8
2521,"wikinews",915,164,156,759,-2.33,-1.32,6.17,1.26,0.97,0.97,0,0.02,379.39,3.72,2041614.29,2.71
2522,"wikinews",7612,1494,155,7457,-2.3,-1.51,5.7,1.26,0.84,0.84,0,0.06,368.03,4.53,2392244.64,3.47
2523,"wikinews",1315,236,174,1141,-2.89,-2.15,7.06,1.63,0.98,0.99,0,0.01,639.73,8.58,4118762.23,7.45
2524,"wikinews",3962,754,138,3824,-2.69,-1.92,7.06,1.53,0.93,0.92,0,0.05,525.83,6.82,3634964.5,5.73
2525,"wikinews",3928,802,166,3762,-2.76,-1.94,7.02,1.57,0.9,0.9,0,0.03,538.63,6.92,3440742.25,5.83
2526,"wikinews",1846,352,156,1689,-2.16,-1.26,6.66,1.19,0.91,0.89,0,0.02,437.05,3.53,3171709.66,2.52
2527,"wikinews",1792,334,153,1639,-1.71,-1,4.35,0.98,0.96,0.96,0,0.02,241.29,2.72,1829646.69,1.72
2528,"wikinews",2536,470,158,2378,-2.46,-1.67,6.96,1.4,0.89,0.86,0,0.01,420.39,5.34,2777561.6,4.3
2529,"wikinews",3575,693,158,3416,-2.34,-1.5,6.44,1.32,0.93,0.94,0,0.02,387.19,4.48,2569944.63,3.46
2530,"wikinews",1084,194,160,924,-2.44,-1.51,6.92,1.28,0.98,0.97,0,0.01,537.88,4.53,3334041.83,3.48
2531,"wikinews",3621,699,156,3464,-2.59,-1.71,7.04,1.44,0.95,0.93,0,0.02,536.63,5.53,3644102.34,4.47
2532,"wikinews",1227,221,149,1078,-2.78,-1.8,8.1,1.46,0.95,0.96,0,0.04,635.01,6.05,4381179.78,5
2533,"wikinews",1295,286,135,1159,-2.12,-1.04,6.66,1.01,0.84,0.86,0.01,0.08,433.95,2.83,3270849.62,1.83
2534,"wikinews",2101,399,154,1947,-2.27,-1.43,5.91,1.29,0.88,0.88,0.01,0.08,353.12,4.18,2167666.68,3.16
2535,"wikinews",2534,486,174,2359,-2.33,-1.44,6.43,1.34,0.89,0.87,0,0.03,363.11,4.22,2287099.27,3.21
2536,"wikinews",1920,367,155,1765,-2.71,-1.83,7.53,1.6,0.87,0.86,0,0.02,619.81,6.23,4297259.43,5.21
2537,"wikinews",2507,446,175,2332,-2.2,-1.49,4.73,1.19,0.93,0.92,0,0.04,191.27,4.44,750935.62,3.39
2538,"wikinews",2195,406,161,2034,-2.73,-2.09,6.36,1.59,0.93,0.92,0,0.01,497.71,8.09,3384434.05,6.97
2539,"wikinews",1333,229,168,1165,-2.64,-1.88,6.25,1.55,0.94,0.95,0,0.02,445.71,6.55,2659993.46,5.41
2540,"wikinews",779,136,154,625,-2.48,-1.74,6.23,1.34,0.99,1,0,0,500.88,5.67,3747726.99,4.55
2541,"wikinews",1734,308,160,1573,-2.35,-1.71,5.39,1.5,0.93,0.94,0,0.03,244.25,5.52,1405846.46,4.5
2542,"wikinews",1965,380,157,1808,-1.99,-1.27,5.72,1.13,0.94,0.92,0,0.02,267.54,3.54,1663778.92,2.52
2543,"wikinews",1252,234,159,1092,-2.44,-1.67,7.45,1.5,0.96,0.95,0,0.01,517.5,5.31,4016818.63,4.3
2544,"wikinews",1388,275,145,1243,-2.26,-1.41,6.05,1.29,0.94,0.94,0,0.01,407.48,4.1,3064953.3,3.06
2545,"wikinews",2761,547,155,2606,-2.39,-1.49,6.82,1.32,0.94,0.93,0,0.01,517,4.44,3608828.15,3.42
2546,"wikinews",1587,327,132,1454,-2.56,-1.66,7.68,1.47,0.96,0.97,0,0.01,524.59,5.26,3348370.3,4.24
2547,"wikinews",1100,208,157,943,-2.21,-1.27,6.99,1.12,0.94,0.94,0,0.06,481.21,3.54,3548064.45,2.47
2548,"wikinews",3749,726,118,3631,-2.47,-1.56,7.34,1.42,0.84,0.81,0.01,0.01,502.75,4.73,3361933.32,3.72
2549,"wikinews",1604,287,161,1443,-2.15,-1.4,5.54,1.1,0.92,0.94,0,0.05,416.85,4.06,2681893.79,2.97
2550,"wikinews",1683,313,164,1519,-2.16,-1.43,5.18,1.2,0.95,0.96,0,0.01,316.71,4.18,1886128.44,3.1
2551,"wikinews",1006,155,215,791,-2.55,-1.47,8.24,1.17,0.97,0.97,0,0.03,735.18,4.35,5320395.69,3.33
2552,"wikinews",1730,338,158,1572,-2.56,-1.76,6.48,1.48,0.95,0.92,0,0.01,418.59,5.84,2585482.56,4.8
2553,"wikinews",2369,464,165,2203,-2.4,-1.53,6.75,1.33,0.9,0.87,0,0.02,440.48,4.62,3239808.16,3.59
2554,"wikinews",725,116,159,566,-2.47,-1.84,4.59,1.34,0.98,0.98,0,0.02,219.68,6.3,777335.14,5.11
2555,"wikinews",1521,244,187,1334,-2.68,-1.82,7,1.53,0.99,0.99,0,0.01,472.56,6.17,3003782.51,5.16
2556,"wikinews",3451,698,149,3302,-2.34,-1.58,6.27,1.34,0.94,0.93,0,0.04,437.78,4.85,3074129.46,3.82
2557,"wikinews",723,126,147,576,-2,-1.63,4.53,1.35,0.94,0.92,0,0.04,222.98,5.11,1133490.31,4.04
2558,"wikinews",1745,344,155,1590,-2.08,-1.29,5.53,1.18,0.85,0.84,0,0.02,315.56,3.64,2096662.32,2.61
2559,"wikinews",3337,664,153,3184,-2.7,-1.78,7.38,1.55,0.94,0.93,0,0.01,533.58,5.96,3378236.78,4.93
2560,"wikinews",1631,287,159,1472,-2.36,-1.6,6.66,1.25,0.96,0.96,0,0.01,385.18,4.95,2572982.95,3.88
2561,"wikinews",1804,331,152,1652,-2.35,-1.66,6.22,1.19,0.96,0.96,0,0.01,441.13,5.26,3066245.43,4.05
2562,"wikinews",1278,220,168,1110,-2.08,-1.56,4.77,1.27,0.96,0.97,0,0.03,302.92,4.76,2264040.73,3.69
2563,"wikinews",722,141,147,574,-2.24,-1.3,7.24,1.22,0.97,0.98,0,0.02,513.08,3.67,3383479.75,2.67
2564,"wikinews",2260,429,164,2096,-1.86,-1.08,4.98,1,0.95,0.95,0,0.03,203.47,2.94,1200862.43,1.92
2565,"wikinews",864,171,148,716,-2.33,-1.42,7.31,1.4,0.97,0.97,0,0.02,441.93,4.14,3093353.78,3.14
2566,"wikinews",794,139,137,657,-2.66,-1.44,8.92,1.26,0.97,0.98,0,0.02,735.74,4.22,5293297.7,3.17
2567,"wikinews",966,162,168,798,-2.76,-1.83,7.05,1.46,0.98,0.98,0,0.02,645.33,6.2,4792822.94,5.17
2568,"wikinews",940,174,139,801,-1.87,-0.94,4.86,0.93,0.94,0.92,0,0.02,220.35,2.55,1034779.63,1.55
2569,"wikinews",665,123,165,500,-2.46,-1.72,5.82,1.34,0.98,0.97,0,0.01,492.71,5.58,3333860.72,4.55
2570,"wikinews",2157,425,167,1990,-2.07,-1.15,5.43,1.05,0.91,0.92,0,0.02,279.64,3.16,1634395.06,2.15
2571,"wikinews",1219,209,152,1067,-2.24,-1.29,6.05,1.19,0.95,0.96,0,0.02,316.53,3.63,2082031.08,2.61
2572,"wikinews",1824,334,117,1707,-2.97,-2.28,7.5,1.69,0.87,0.86,0,0.01,605.48,9.78,4259710.76,8.65
2573,"wikinews",1883,362,169,1713,-2.09,-1.31,5.48,1.21,0.95,0.96,0,0.04,260.24,3.69,1784678.96,2.67
2574,"wikinews",1500,253,189,1311,-2.12,-1.43,5.14,1.14,0.97,0.97,0,0.02,356.14,4.18,2726193.93,3.09
2575,"wikinews",1557,288,134,1422,-2.84,-2.09,8.49,1.73,0.98,0.98,0,0.01,668.41,8.12,4659987.07,7.07
2576,"wikinews",762,166,129,633,-1.94,-1.25,4.68,1.18,0.99,0.99,0,0.01,241.53,3.5,1454232.33,2.49
2577,"wikinews",1927,387,186,1741,-2.25,-1.45,5.37,1.33,0.94,0.96,0,0.01,260.62,4.26,1184096.23,3.24
2578,"wikinews",1101,213,136,964,-2.62,-1.66,8.39,1.41,0.98,0.98,0,0.01,630.7,5.26,4342854.4,4.2
2579,"wikinews",1479,272,167,1312,-2.29,-1.48,5.91,1.31,0.9,0.9,0,0.05,373.52,4.39,2532569.38,3.31
2580,"wikinews",1029,184,141,888,-2.13,-1.29,5.84,1.19,0.96,0.95,0,0.03,391.51,3.63,2839594.26,2.58
2581,"wikinews",1103,189,128,975,-2.55,-1.26,9.51,1.14,0.98,0.99,0,0.01,792.59,3.53,6244471.66,2.51
2582,"wikinews",1331,235,159,1172,-3.39,-2.61,8.55,1.86,0.97,0.97,0,0.01,856.98,13.6,5868140.36,12.43
2583,"wikinews",1165,201,160,1004,-2.76,-1.99,7.12,1.6,0.99,0.99,0,0.01,552.4,7.32,3607988.18,6.2
2584,"wikinews",2133,422,166,1967,-2.42,-1.62,6.84,1.4,0.91,0.91,0,0.05,539.73,5.03,3997358.01,4
2585,"wikinews",1646,305,147,1499,-2.36,-1.75,5.46,1.44,0.96,0.94,0,0.01,321.97,5.75,1872202.21,4.74
2586,"wikinews",1150,216,134,1016,-2.58,-1.63,7.05,1.44,0.97,0.98,0,0.02,426.02,5.1,2723162.05,4.07
2587,"wikinews",1018,159,183,835,-2.05,-1.57,3.76,1.33,0.95,0.97,0,0.03,89.59,4.81,158378.74,3.77
2588,"wikinews",1243,220,160,1083,-2.79,-1.7,8.33,1.43,0.94,0.91,0,0.01,696,5.5,4679793.26,4.44
2589,"wikinews",1028,177,150,878,-2.63,-1.69,6.57,1.45,0.97,0.97,0,0.03,541.83,5.42,3709175.79,4.39
2590,"wikinews",2688,499,158,2529,-2.41,-1.82,5.32,1.31,0.92,0.9,0,0.01,280.51,6.17,1689425.95,5.08
2591,"wikinews",868,138,167,701,-2.48,-1.77,5.78,1.52,0.99,0.99,0,0.01,347.72,5.87,2030914.68,4.81
2592,"wikinews",1264,219,161,1103,-2.28,-1.45,6.06,1.27,0.9,0.89,0,0.01,383.59,4.26,2838297.46,3.19
2593,"wikinews",1015,185,144,871,-2.52,-1.51,6.66,1.35,0.96,0.95,0,0.02,522.32,4.53,4026466.51,3.51
2594,"wikinews",1650,325,149,1501,-2.28,-1.46,6.54,1.22,0.92,0.92,0,0.06,453.33,4.31,3215632.03,3.22
2595,"wikinews",729,125,146,583,-2.14,-1.43,4.87,1.19,0.89,0.89,0,0.02,255.68,4.18,1156607.86,3.11
2596,"wikinews",910,175,120,790,-2.06,-1.1,6.26,1.06,0.92,0.96,0,0.04,393.2,3,2913756.41,2
2597,"wikinews",1007,184,145,862,-1.83,-1.04,4.12,0.99,0.99,1,0,0,188.5,2.83,1258217,1.81
2598,"wikinews",1594,318,133,1460,-2.38,-1.54,7.74,1.35,0.97,0.96,0,0.01,673.77,4.64,5158061.77,3.62
2599,"wikinews",1149,249,169,980,-2.05,-1.38,4.66,1.25,0.96,0.98,0,0.02,235.3,3.97,1632584.98,2.94
2600,"wikinews",2079,380,172,1907,-2.23,-1.29,6.27,1.14,0.8,0.8,0.01,0.03,405.72,3.63,2861480.2,2.58
2601,"wikinews",1525,276,135,1389,-2.25,-1.57,5.67,1.37,0.95,0.94,0,0.02,399.26,4.81,2897535.95,3.78
2602,"wikinews",2612,492,163,2448,-2.65,-1.99,6.15,1.56,0.9,0.89,0,0.03,433.65,7.32,2740382.88,6.2
2603,"wikinews",1456,262,157,1298,-3.12,-2.34,8.65,1.95,0.94,0.95,0,0.01,691.89,10.44,4593171.64,9.42
2604,"wikinews",1769,328,156,1613,-2.25,-1.44,5.49,1.22,0.96,0.95,0,0.01,363.73,4.24,2629374.17,3.17
2605,"wikinews",798,136,138,660,-2.11,-1.4,5.02,1.03,0.98,1,0,0,282.17,4.06,1659328.76,3.02
2606,"wikinews",1644,297,174,1470,-2.14,-1.41,5.03,1.08,0.89,0.87,0,0.02,286.77,4.1,1895814.74,2.99
2607,"wikinews",1301,233,127,1174,-2.39,-1.33,6.88,1.14,0.95,0.93,0,0.01,508.95,3.78,3274994.36,2.74
2608,"wikinews",1748,307,166,1582,-2.15,-1.69,4.24,1.21,0.93,0.92,0,0.02,155.14,5.42,501060.28,4.28
2609,"wikinews",2418,506,177,2241,-2.61,-1.68,7.26,1.52,0.94,0.94,0,0.04,533.94,5.39,3739905.89,4.36
2610,"wikinews",3344,625,163,3181,-2.93,-2.17,7.34,1.65,0.93,0.94,0,0.03,632.37,8.76,3942089.57,7.55
2611,"wikinews",1762,339,143,1619,-2.13,-1.29,5.6,1.21,0.92,0.91,0,0.01,377.15,3.63,2534506.25,2.62
2612,"wikinews",3876,767,170,3706,-2.92,-2.08,7.76,1.69,0.9,0.89,0,0.04,638.93,8,4113382.35,6.94
2613,"wikinews",1127,239,135,992,-2.2,-1.32,6.63,1.23,0.94,0.93,0,0.02,510.7,3.74,3614385.68,2.73
2614,"wikinews",1277,254,139,1137,-2.33,-1.67,5.86,1.36,0.98,0.97,0,0.01,380.61,5.34,2520210.33,4.25
2615,"wikinews",974,196,135,839,-2.97,-2.14,9.03,1.67,0.98,0.98,0,0.01,684.29,8.54,5111472.92,7.48
2616,"wikinews",5657,1102,166,5491,-2.68,-1.94,7.04,1.68,0.87,0.86,0.01,0.08,504.36,6.96,3366411.3,5.94
2617,"wikinews",1834,413,117,1717,-2.31,-1.43,7.38,1.32,0.9,0.89,0,0.01,479.22,4.18,3363686.44,3.16
2618,"wikinews",786,116,202,584,-2.11,-1.63,4.03,1.35,0.91,0.91,0,0.04,148.74,5.11,895791.82,4.03
2619,"wikinews",7077,1475,158,6919,-2.7,-1.86,7.2,1.47,0.87,0.86,0,0.05,545.52,6.42,3778121.65,5.29
2620,"wikinews",1256,242,158,1097,-2.64,-1.81,7.76,1.36,0.97,0.96,0,0.02,771.62,6.11,6011914.39,4.98
2621,"wikinews",1317,262,137,1180,-2.45,-1.67,6.28,1.42,0.93,0.93,0,0.03,419.28,5.32,2770314.28,4.29
2622,"wikinews",882,179,120,762,-2.06,-1.17,5.85,1.06,0.98,0.98,0,0.01,329.83,3.22,2398568.4,2.22
2623,"wikinews",1581,321,176,1405,-2.48,-1.24,8.17,1.19,0.9,0.89,0,0.02,645.59,3.46,4525226.29,2.45
2624,"wikinews",1121,226,131,990,-2.32,-1.65,5.66,1.26,0.93,0.94,0,0.06,338.28,5.21,1938969.29,4.16
2625,"wikinews",1326,259,150,1176,-2.13,-1.46,5.6,1.27,0.96,0.97,0,0.01,330.73,4.31,2346460.62,3.29
2626,"wikinews",2037,402,119,1918,-2.51,-1.6,6.82,1.31,0.96,0.97,0,0.01,449.07,4.93,2964339.95,3.87
2627,"wikinews",3301,657,181,3120,-2.52,-1.68,7.24,1.41,0.9,0.89,0,0.04,567.69,5.37,3936541.09,4.36
2628,"wikinews",4122,745,187,3935,-3.16,-2.49,7.07,1.69,0.92,0.9,0,0.03,629.63,12.06,3775790.31,10.9
2629,"wikinews",2179,393,170,2009,-2.63,-2,5.46,1.35,0.94,0.92,0,0.03,387.5,7.39,2430195.31,6.16
2630,"wikinews",1720,315,153,1567,-2.54,-1.7,6.94,1.42,0.93,0.93,0,0.01,539.79,5.47,3855458.76,4.39
2631,"wikinews",1553,234,193,1359,-2.95,-2.18,6.97,1.49,0.94,0.94,0,0.03,604.63,8.9,3840923,7.68
2632,"wikinews",888,143,138,750,-2.26,-1.57,4.89,1.21,0.99,1,0,0,217.28,4.81,1289329.92,3.6
2633,"wikinews",972,209,133,838,-2.66,-1.67,8.21,1.36,0.96,0.96,0,0.02,703.71,5.31,4679344.75,4.28
2634,"wikinews",1120,285,161,959,-1.61,-0.48,5.2,0.48,0.83,0.96,0.03,0.04,233.03,1.62,1487368.87,0.62
2635,"wikinews",9155,1917,183,8971,-2.77,-1.93,7.1,1.48,0.82,0.8,0,0.01,562.3,6.89,3806756.47,5.75
2636,"wikinews",3118,605,168,2950,-2.31,-1.6,5.73,1.38,0.92,0.91,0,0.03,369.24,4.95,2634046.44,3.93
2637,"wikinews",1187,214,150,1036,-2.24,-1.54,4.75,1.19,0.94,0.95,0,0.02,288.8,4.66,1785078.67,3.52
2638,"wikinews",4682,977,160,4522,-2.18,-1.38,5.32,1.2,0.86,0.83,0,0.02,306.63,3.97,1807475.43,2.92
2639,"wikinews",1192,209,173,1018,-2.39,-1.48,6.76,1.35,0.91,0.9,0,0.04,501.57,4.39,3203948.37,3.38
2640,"wikinews",1970,353,180,1789,-2.69,-2,6.31,1.5,0.86,0.84,0.01,0.07,488.17,7.39,2875542.32,6.2
2641,"wikinews",953,183,137,815,-2.25,-1.26,6.76,1.21,0.96,0.95,0,0.01,399.49,3.53,2715115.78,2.53
2642,"wikinews",2052,385,143,1909,-2.29,-1.4,6.31,1.28,0.93,0.93,0,0.01,371.89,4.06,2374355.54,3.05
2643,"wikinews",2278,413,175,2103,-2.4,-1.74,4.8,1.32,0.93,0.93,0,0.01,250.87,5.7,1162046.68,4.61
2644,"wikinews",1715,299,156,1559,-2.14,-1.17,5.49,1.09,0.96,0.95,0,0.01,313.25,3.22,1804840.21,2.21
2645,"wikinews",934,155,149,785,-2.32,-1.26,6.89,1.2,0.99,0.99,0,0.01,499.58,3.53,3789759.45,2.52
2646,"wikinews",955,183,164,790,-2.6,-1.85,7.37,1.58,0.83,0.86,0.01,0.04,571.26,6.36,4268332.67,5.27
2647,"wikinews",2264,418,121,2143,-2.5,-1.81,5.96,1.41,0.95,0.93,0,0.03,414.32,6.11,2804728.11,5.04
2648,"wikinews",729,141,138,591,-2.88,-1.89,8.44,1.64,0.98,0.99,0,0.01,406.29,6.62,2295420.34,5.51
2649,"wikinews",1632,304,182,1450,-2.87,-2.09,7.98,1.74,0.97,0.97,0,0.01,625.74,8.12,4258935.49,7.09
2650,"wikinews",6577,1195,172,6405,-2.55,-1.82,6.2,1.44,0.87,0.85,0,0.01,450.98,6.17,3101856.8,5.09
2651,"wikinews",3349,649,169,3179,-2.26,-1.5,5.85,1.27,0.82,0.83,0.01,0.05,417.92,4.48,2855439.41,3.42
2652,"wikinews",1924,358,145,1779,-2.26,-1.56,4.78,1.31,0.89,0.87,0,0.05,245.9,4.78,1573078.74,3.75
2653,"wikinews",1214,225,153,1061,-2.41,-1.7,6.21,1.28,0.95,0.94,0,0.01,383.99,5.47,2764992.3,4.39
2654,"wikinews",1270,196,183,1087,-3.22,-2.64,8.11,1.9,0.98,0.98,0,0.01,811.5,13.94,5384711.77,12.71
2655,"wikinews",1988,386,159,1829,-2.64,-1.8,7.2,1.39,0.96,0.95,0,0.01,591.51,6.05,4200995.99,4.95
2656,"wikinews",1607,298,164,1442,-2.52,-1.52,7.17,1.33,0.94,0.94,0,0.01,524.14,4.57,3735617.27,3.52
2657,"wikinews",1334,245,128,1206,-2.72,-2.09,5.81,1.47,0.93,0.92,0,0.01,433.1,8.08,2848419.82,6.93
2658,"wikinews",2349,532,132,2217,-2.48,-1.4,8.61,1.36,0.93,0.93,0,0.04,723.61,4.08,5610991.7,3.08
2659,"wikinews",867,169,138,729,-3.02,-2.09,8.74,1.62,0.95,0.97,0,0.03,715.01,8.08,4936809.95,7
2660,"wikinews",1092,178,180,912,-2.51,-1.53,6.69,1.35,0.97,0.98,0,0.02,388.94,4.62,2271030.96,3.59
2661,"wikinews",897,156,131,765,-1.72,-1.02,4.33,0.97,0.94,0.93,0,0.01,265.6,2.78,1860065.52,1.77
2662,"wikinews",1722,309,174,1548,-2.22,-1.62,5.68,1.29,0.96,0.94,0,0.03,299.36,5.05,2157293.33,3.94
2663,"wikinews",1262,239,159,1102,-2.15,-1.33,5.13,1.24,0.95,0.95,0,0.03,283.09,3.78,1627498.42,2.73
2664,"wikinews",1973,360,141,1832,-2.38,-1.73,5.68,1.39,0.92,0.93,0,0.04,374.06,5.64,2686542.75,4.52
2665,"wikinews",921,149,171,750,-2.43,-1.93,5.17,1.44,0.96,0.96,0,0.01,277.7,6.89,1213372.48,5.69
2666,"wikinews",1276,213,186,1090,-1.93,-0.87,5.16,0.83,0.85,0.8,0.01,0.02,258.34,2.39,1219732.5,1.38
2667,"wikinews",910,155,176,734,-2.05,-1.15,5.84,1.1,0.99,0.99,0,0,379.43,3.16,2757310.2,2.15
2668,"wikinews",4488,727,218,4270,-2.53,-1.78,6.66,1.44,0.83,0.8,0.01,0.05,477.42,5.93,3284375.16,4.85
2669,"wikinews",1117,185,160,957,-2.09,-1.24,5.31,1.1,0.98,1,0,0,298.91,3.46,1701279.1,2.41
2670,"wikinews",1336,249,99,1237,-2.21,-1.23,6.53,1.15,0.98,0.98,0,0.01,483.75,3.42,3683880.21,2.4
2671,"wikinews",1993,356,154,1839,-2.71,-1.89,7.29,1.59,0.93,0.92,0,0.01,493.49,6.62,3141793.56,5.58
2672,"wikinews",2057,411,136,1921,-2.73,-1.91,6.69,1.49,0.94,0.94,0,0.01,531.24,6.75,3550272.85,5.73
2673,"wikinews",2537,470,183,2354,-2.62,-1.9,6.42,1.61,0.92,0.92,0,0.05,448.49,6.69,3041798.81,5.68
2674,"wikinews",993,179,150,843,-2.66,-1.75,8.03,1.48,0.97,0.95,0,0.02,671.49,5.75,4949591.12,4.64
2675,"wikinews",2156,401,156,2000,-2.57,-1.84,6.28,1.42,0.92,0.92,0,0.02,472.81,6.3,3193055.14,5.25
2676,"wikinews",1217,202,191,1025,-2.51,-1.76,5.92,1.48,0.92,0.91,0,0.02,348.52,5.82,1877736.44,4.71
2677,"wikinews",1396,242,164,1232,-2.45,-1.6,6.07,1.43,0.85,0.81,0.01,0.05,346.26,4.93,2210827.84,3.9
2678,"wikinews",2204,394,162,2042,-2.33,-1.68,5.37,1.23,0.91,0.91,0,0.01,361.07,5.4,2427571.58,4.25
2679,"wikinews",2381,422,164,2217,-2.61,-1.81,6.1,1.4,0.95,0.95,0,0.02,429.44,6.11,2713425.91,5.04
2680,"wikinews",3421,628,178,3243,-2.51,-1.83,6.23,1.48,0.9,0.9,0,0.03,373.32,6.2,2529804.55,5.13
2681,"wikinews",1475,265,142,1333,-2.1,-1.33,4.8,1.18,0.97,0.99,0,0.01,221.29,3.78,1300588.79,2.76
2682,"wikinews",1151,238,130,1020,-2.56,-1.22,8.45,1.21,0.91,0.91,0,0.01,606.62,3.38,4340045.79,2.38
2683,"wikinews",1348,268,153,1195,-2.1,-1.45,5.49,1.24,0.92,0.94,0,0.03,384.61,4.26,2883365.15,3.24
2684,"wikinews",952,168,140,811,-2.56,-1.85,5.8,1.36,0.96,0.96,0,0.01,422.45,6.36,2317100.18,5.2
2685,"wikinews",3849,748,150,3699,-2.62,-1.78,6.75,1.54,0.89,0.86,0,0.01,475.11,5.9,3087642.91,4.87
2686,"wikinews",723,122,153,570,-2.54,-1.4,8.52,1.16,0.97,1,0,0,755.69,4.04,5351578.92,2.96
2687,"wikinews",1152,197,159,993,-2.4,-1.42,8.99,1.28,0.98,0.99,0,0.01,600.1,4.14,4727503.12,3.12
2688,"wikinews",2334,436,174,2160,-2.06,-1.41,4.49,1.2,0.87,0.86,0,0.05,195.57,4.1,1065805.79,3.03
2689,"wikinews",2149,412,142,2007,-2.65,-1.98,6.45,1.63,0.96,0.96,0,0.01,474.6,7.28,2907849.9,6.19
2690,"wikinews",2161,410,166,1995,-2.65,-1.81,7.15,1.52,0.92,0.92,0,0.04,510,6.08,3469112.03,4.96
2691,"wikinews",2251,410,179,2072,-2.5,-1.72,6.4,1.41,0.86,0.86,0,0.01,473.08,5.58,3066770.45,4.48
2692,"wikinews",2887,645,166,2721,-3.12,-2.03,9.87,1.69,0.95,0.95,0,0.04,907.77,7.61,6611591.58,6.59
2693,"wikinews",1441,263,167,1274,-2.05,-1.38,4.38,1.04,0.94,0.94,0,0.03,199.62,3.97,1247971.76,2.85
2694,"wikinews",875,151,160,715,-2.59,-1.76,7.83,1.56,0.97,0.95,0,0.01,627.92,5.81,4100809.07,4.8
2695,"wikinews",1471,314,133,1337,-3.05,-2.32,9.18,1.94,0.93,0.91,0,0.01,834.94,10.18,5852035.08,9.14
2696,"wikinews",3342,649,144,3198,-2.42,-1.62,5.78,1.43,0.85,0.84,0,0.02,335.71,5.05,1920621.27,4.04
2697,"wikinews",785,135,165,620,-2.82,-1.95,7.39,1.76,1,1,0,0,633.58,7.03,4369664.55,5.97
2698,"wikinews",1477,306,155,1322,-2.41,-1.47,6.61,1.41,0.91,0.91,0,0.04,399.77,4.35,2777199.42,3.34
2699,"wikinews",2389,490,147,2242,-2.3,-1.52,6.3,1.33,0.95,0.96,0,0.02,387.57,4.57,2523474.23,3.53
2700,"wikinews",912,169,126,786,-2.52,-1.87,6.02,1.4,0.92,0.91,0,0.05,519.13,6.49,3699790.18,5.35
2701,"wikinews",678,121,145,533,-2.26,-1.58,5.91,1.3,0.98,1,0,0,291.42,4.85,1849099.77,3.77
2702,"wikinews",1176,206,162,1014,-2.43,-1.62,6.27,1.35,0.99,0.99,0,0.01,415.98,5.06,2982482.56,3.97
2703,"wikinews",4898,914,155,4742,-2.76,-2.02,6.47,1.48,0.91,0.9,0,0.02,480.25,7.58,2879492.92,6.44
2704,"wikinews",3727,858,125,3601,-2.53,-1.65,7.69,1.57,0.86,0.84,0,0.02,563.62,5.24,3752318.61,4.23
2705,"wikinews",727,133,163,564,-2.35,-1.55,7.07,1.35,0.96,0.97,0,0.03,552.97,4.71,3844863.52,3.65
2706,"wikinews",918,163,155,763,-2.29,-1.42,6.15,1.18,0.98,1,0,0,482.3,4.14,3698341.86,3.1
2707,"wikinews",841,145,123,718,-2.12,-1.36,4.52,1.19,0.86,0.81,0.01,0.07,167.73,3.9,808657.79,2.87
2708,"wikinews",2490,483,161,2329,-2.19,-1.33,5.23,1.16,0.85,0.83,0.01,0.01,283.26,3.78,1834699.79,2.69
2709,"wikinews",1152,195,162,990,-2.55,-2.12,5.8,1.44,0.96,0.98,0,0.02,438.49,8.33,2925271.05,7.08
2710,"wikinews",1370,257,145,1225,-1.96,-1.09,5.93,1.05,0.95,0.94,0,0.01,342.73,2.97,2465071.4,1.96
2711,"wikinews",1407,251,147,1260,-2.95,-2.02,7.95,1.59,0.98,0.97,0,0.02,758.49,7.54,5841099.67,6.47
2712,"wikinews",4591,909,176,4415,-2.37,-1.68,5.99,1.4,0.88,0.86,0,0.03,405.47,5.37,2839246.11,4.28
2713,"wikinews",1823,348,132,1691,-2.22,-1.52,5.84,1.2,0.9,0.88,0,0.03,392.72,4.58,3025734.24,3.46
2714,"wikinews",2968,600,156,2812,-2.58,-1.83,6.27,1.53,0.92,0.91,0,0.04,411.2,6.23,2803990.78,5.18
2715,"wikinews",953,181,131,822,-2.22,-1.2,6.49,1.11,0.96,0.99,0,0.01,518.41,3.32,3817332.68,2.3
2716,"wikinews",3348,736,111,3236,-2.42,-1.36,7.45,1.3,0.83,0.8,0.01,0.03,489.93,3.88,3467048.48,2.87
2717,"wikinews",3001,594,152,2849,-2.38,-1.54,5.85,1.23,0.91,0.91,0,0.01,343.81,4.64,2184315.12,3.53
2718,"wikinews",1560,282,176,1384,-2.57,-1.9,6.25,1.61,0.92,0.9,0,0.05,420.75,6.72,2880838.85,5.69
2719,"wikinews",969,185,185,784,-2.54,-1.73,7.23,1.4,0.96,0.97,0,0.01,524.57,5.64,3566492.99,4.55
2720,"wikinews",6374,1245,188,6186,-2.28,-1.66,4.9,1.16,0.8,0.79,0.01,0.08,299.19,5.26,1950202.37,4.05
2721,"wikinews",2127,431,140,1987,-2.65,-1.79,6.81,1.52,0.95,0.95,0,0.01,504.33,5.99,3423012.98,4.94
2722,"wikinews",4192,869,139,4053,-2.51,-1.7,6.26,1.45,0.92,0.9,0,0.03,410.92,5.47,2568504.14,4.44
2723,"wikinews",1166,212,136,1030,-2.1,-1.25,6.06,1.07,0.94,0.92,0,0.04,417.8,3.5,2884792.51,2.45
2724,"wikinews",1197,206,148,1049,-1.93,-0.88,5.29,0.86,0.86,0.84,0,0.03,235.91,2.42,1286981.39,1.42
2725,"wikinews",1978,377,181,1797,-2.51,-1.56,6.5,1.44,0.96,0.97,0,0.01,430.43,4.76,2703082.37,3.75
2726,"wikinews",1325,259,138,1187,-2.13,-1.24,6.45,1.16,0.96,0.95,0,0.02,405.22,3.46,3118772.84,2.45
2727,"wikinews",1597,309,169,1428,-2.98,-2.16,9.33,2.03,0.98,0.98,0,0.02,721.07,8.67,4884844.17,7.66
2728,"wikinews",1336,228,166,1169,-2.11,-1.5,4.85,1.3,0.96,0.96,0,0.01,226.48,4.46,1241956.42,3.4
2729,"wikinews",3397,699,169,3228,-2.05,-1.29,5.21,1.12,0.9,0.88,0,0.06,222.21,3.63,1190785.19,2.57
2730,"wikinews",1420,277,140,1280,-1.96,-1.31,4.96,1.2,0.94,0.9,0,0.03,294.21,3.71,2195509.27,2.69
2731,"wikinews",846,144,139,706,-2.06,-1.41,4.61,1.18,0.97,0.96,0,0.01,251.59,4.1,1424215.01,3.08
2732,"wikinews",1034,192,142,892,-2.28,-1.44,6.6,1.24,0.93,0.91,0,0.03,421.14,4.22,3174419.69,3.16
2733,"wikinews",1259,259,111,1148,-1.98,-0.83,6.66,0.82,0.72,0.69,0.02,0.06,442.23,2.29,3261215.36,1.29
2734,"wikinews",1441,279,148,1293,-2.09,-1.17,5.89,1.08,0.94,0.92,0,0.01,318.77,3.22,1855343.58,2.22
2735,"wikinews",1285,223,160,1125,-2.32,-1.52,7.03,1.15,0.91,0.88,0,0.01,428.19,4.57,2656483.32,3.53
2736,"wikinews",3912,814,174,3738,-2.53,-1.78,6.61,1.46,0.92,0.92,0,0.02,474.79,5.93,3013948.16,4.86
2737,"wikinews",1573,299,156,1417,-2.19,-1.15,6.71,1.09,0.96,0.96,0,0.01,450.82,3.16,2851250.33,2.14
2738,"wikinews",1753,304,158,1595,-2.44,-1.92,5.3,1.44,0.92,0.89,0,0.05,342.57,6.82,1992549.24,5.65
2739,"wikinews",1002,186,166,836,-3.25,-2.42,8.4,1.5,0.96,1,0,0,684.23,11.3,4741569.5,10.11
2740,"wikinews",4541,915,179,4362,-2.61,-1.77,7.57,1.56,0.88,0.86,0,0.04,580.45,5.87,4057043.33,4.85
2741,"wikinews",1630,308,168,1461,-2.23,-1.52,5.3,1.24,0.96,0.97,0,0.03,316.14,4.57,2146703.49,3.53
2742,"wikinews",1230,204,177,1053,-2.35,-1.69,5.63,1.44,0.91,0.88,0,0.01,386.27,5.42,2878883.13,4.41
2743,"wikinews",1686,340,152,1534,-2.46,-1.69,7.25,1.59,0.96,0.95,0,0.01,457.03,5.44,3251924.59,4.44
2744,"wikinews",989,195,130,859,-2.18,-1.35,6.1,1.22,0.88,0.9,0.01,0.1,357.54,3.86,1801368.09,2.86
2745,"wikinews",1737,359,135,1602,-2.22,-1.27,6.36,1.24,0.94,0.92,0,0.01,368.87,3.56,2296716.56,2.56
2746,"wikinews",1165,201,166,999,-2.33,-1.26,6.96,1.04,0.91,0.87,0,0.02,544.87,3.53,4002156.36,2.47
2747,"wikinews",987,163,172,814,-2.38,-1.72,5.22,1.36,0.97,0.97,0,0.03,265.64,5.58,1274094.44,4.5
2748,"wikinews",1971,326,182,1789,-2.51,-1.9,5.55,1.46,0.97,0.96,0,0.01,386.45,6.69,2558648.54,5.56
2749,"wikinews",810,163,148,662,-1.55,-0.65,3.94,0.64,0.88,0.84,0.01,0.05,128.34,1.92,702765.97,0.92
2750,"wikinews",825,126,165,660,-2.24,-1.76,4.7,1.5,0.95,0.96,0,0.02,204.35,5.78,743657.23,4.71
2751,"wikinews",1958,393,158,1800,-2.45,-1.49,6.87,1.3,0.94,0.93,0,0.04,483.1,4.44,3451105.76,3.4
2752,"wikinews",1059,170,202,857,-2.32,-1.55,7.31,1.43,0.9,0.93,0.01,0.07,552.57,4.72,4166841.62,3.67
2753,"wikinews",1140,224,163,976,-2.67,-1.98,6.62,1.59,0.96,0.96,0,0.01,475.35,7.24,2909008.45,6.1
2754,"wikinews",1764,323,149,1614,-2.42,-1.56,5.95,1.41,0.91,0.86,0,0.02,337.24,4.76,2053482.85,3.76
2755,"wikinews",727,125,137,590,-2.13,-1.19,6.46,1.13,0.96,1,0,0,387.96,3.29,3120283.84,2.28
2756,"wikinews",1063,182,150,913,-2.24,-1.44,5.59,1.2,0.97,0.97,0,0.02,253.72,4.2,1148920.69,3.19
2757,"wikinews",980,159,133,846,-2.78,-1.67,8.27,1.47,0.96,0.96,0,0.02,703.46,5.31,4650247.13,4.28
2758,"wikinews",1835,341,171,1663,-2.24,-1.58,6.1,1.21,0.94,0.94,0,0.02,409.95,4.85,3248622.75,3.71
2759,"wikinews",982,160,147,835,-2.97,-1.83,8.9,1.7,0.94,0.93,0,0.02,646.92,6.24,4073446.14,5.23
2760,"wikinews",1404,246,166,1238,-2.56,-1.78,7.29,1.46,0.96,0.95,0,0.01,531.31,5.96,3853552.95,4.84
2761,"wikinews",1693,315,173,1520,-2.29,-1.43,5.82,1.24,0.95,0.95,0,0.02,352.4,4.18,2091061.11,3.14
2762,"wikinews",7299,1606,131,7167,-2.7,-1.79,7.35,1.52,0.83,0.81,0,0.02,547.17,5.99,3813593.55,4.96
2763,"wikinews",1043,203,140,903,-2.84,-2.1,5.83,1.49,0.97,0.97,0,0.01,458.24,8.17,2837893.9,6.92
2764,"wikinews",1986,387,147,1838,-2.14,-1.42,4.78,1.17,0.88,0.86,0,0.03,282.83,4.14,1820178.93,3.11
2765,"wikinews",1225,218,173,1051,-2.8,-1.94,7.75,1.69,0.96,0.95,0,0.01,550,7,3287271.48,5.97
2766,"wikinews",871,172,161,709,-1.79,-0.98,4.72,0.97,0.95,0.96,0,0.02,272.39,2.68,1769303.67,1.68
2767,"wikinews",3206,622,146,3060,-2.88,-2.12,7.53,1.66,0.92,0.91,0,0.05,602.16,8.37,3882261.65,7.29
2768,"wikinews",1531,312,102,1429,-2.51,-1.74,6.57,1.33,0.9,0.87,0,0.01,458.98,5.72,2975987.48,4.71
2769,"wikinews",4601,856,193,4407,-2.53,-1.69,7.33,1.4,0.86,0.82,0.01,0.04,511.12,5.44,3624630.64,4.38
2770,"wikinews",2563,506,158,2404,-2.36,-1.5,6.1,1.21,0.93,0.92,0,0.01,368.33,4.49,2654160.17,3.42
2771,"wikinews",1389,257,156,1233,-2.65,-1.89,7.78,1.67,0.97,0.96,0,0.01,612.55,6.62,4432846.8,5.62
2772,"wikinews",2805,538,133,2671,-2.79,-2.04,6.97,1.39,0.95,0.92,0,0.01,489.48,7.69,3130541.6,6.3
2773,"wikinews",1232,204,169,1063,-2.44,-1.93,5.14,1.47,0.97,0.97,0,0.03,279.86,6.89,1620824.19,5.88
2774,"wikinews",3812,695,172,3640,-2.65,-1.91,6.63,1.42,0.91,0.89,0,0.03,483.72,6.75,3199510.76,5.58
2775,"wikinews",3264,676,151,3113,-2.55,-1.76,7.01,1.53,0.91,0.89,0,0.01,492.36,5.81,3322743.68,4.79
2776,"wikinews",1664,338,154,1510,-2.17,-1.22,7.08,1.2,0.92,0.91,0,0.02,403.04,3.38,2491195.87,2.38
2777,"wikinews",6756,1468,158,6598,-2.52,-1.74,6.67,1.38,0.86,0.84,0,0.01,477.84,5.7,3304701.35,4.65
2778,"wikinews",10213,2456,136,10077,-2.56,-1.5,8,1.35,0.75,0.76,0.01,0.07,616.97,4.51,4363657.26,3.48
2779,"wikinews",1602,267,178,1424,-2.65,-1.73,7.93,1.38,0.93,0.91,0,0.01,671.38,5.64,4785681.13,4.62
2780,"wikinews",910,160,160,750,-2.06,-1.12,5.03,1.03,0.94,0.91,0,0.04,251.56,3.08,1492205.44,2.07
2781,"wikinews",1086,197,163,923,-2.48,-1.54,7.79,1.41,0.96,0.95,0,0.03,569.64,4.66,3873028.65,3.6
2782,"wikinews",4747,947,150,4597,-2.2,-1.39,5.59,1.24,0.9,0.89,0,0.04,316.65,4.01,2079337.4,2.99
2783,"wikinews",1309,214,189,1120,-2.55,-1.9,7.08,1.47,0.97,0.96,0,0.01,454.23,6.72,3343483.45,5.69
2784,"wikinews",2314,408,155,2159,-2.59,-1.88,5.76,1.56,0.92,0.91,0,0.02,364.53,6.52,1926736.22,5.49
2785,"wikinews",1154,230,130,1024,-2.62,-1.64,7.34,1.3,0.94,0.93,0,0.01,652.29,5.18,4636168.02,4.18
2786,"wikinews",958,199,114,844,-2.64,-1.75,7.95,1.48,0.97,0.97,0,0.01,578.89,5.75,4224654.87,4.74
2787,"wikinews",1331,263,153,1178,-1.95,-1.03,5.88,1.02,0.9,0.87,0,0.01,218,2.8,1030171.97,1.8
2788,"wikinews",1943,401,141,1801,-2.13,-1.21,6.53,1.18,0.96,0.96,0,0.02,393.84,3.35,2795637.51,2.35
2789,"wikinews",1214,215,151,1063,-2.65,-2,6.58,1.51,0.9,0.89,0,0.02,488.29,7.39,3364032.05,6.24
2790,"wikinews",1349,252,147,1202,-2.34,-1.36,6.24,1.24,0.95,0.94,0,0.01,463.19,3.88,3157474.13,2.86
2791,"wikinews",1534,272,193,1341,-2.79,-2.01,6.6,1.49,0.95,0.97,0,0.03,580.34,7.46,3978224.8,6.4
2792,"wikinews",2558,461,195,2363,-2.35,-1.56,6.3,1.29,0.88,0.87,0,0.05,464.33,4.76,3429642.4,3.71
2793,"wikinews",1123,212,155,968,-2.25,-1.31,5.76,1.23,0.98,0.96,0,0.01,343.85,3.69,2180916.21,2.68
2794,"wikinews",1343,241,157,1185,-2.34,-1.53,6.57,1.25,0.95,0.94,0,0.02,430.53,4.62,3232622.01,3.58
2795,"wikinews",1950,342,156,1794,-2.31,-1.38,6.39,1.1,0.92,0.93,0,0.03,462.69,3.96,3581269.02,2.92
2796,"wikinews",1194,204,176,1018,-2.63,-1.8,7.19,1.33,0.94,0.94,0,0.03,527.7,6.02,3554046.63,4.9
2797,"wikinews",2074,393,151,1923,-2.28,-1.55,5.84,1.37,0.91,0.9,0,0.02,351.49,4.71,2263251.78,3.67
2798,"wikinews",1050,180,177,873,-2.63,-1.54,8.8,1.28,0.94,0.94,0,0.01,737.09,4.64,5477238.12,3.61
2799,"wikinews",1565,317,139,1425,-2.44,-1.51,6.24,1.27,0.88,0.87,0,0.01,444.41,4.53,2618581.17,3.48
2800,"wikinews",2340,579,134,2206,-2.26,-1.27,8.08,1.19,0.83,0.82,0.01,0.04,581.84,3.56,4773347.47,2.55
2801,"wikinews",773,152,123,650,-1.67,-0.89,3.88,0.87,0.96,0.97,0,0.03,156.9,2.44,671025.5,1.43
2802,"wikinews",2019,388,164,1854,-2.29,-1.45,5.73,1.35,0.99,0.99,0,0.01,285.1,4.26,1257882.02,3.25
2803,"wikinews",1892,371,151,1741,-2.1,-1.28,5.64,1.11,0.9,0.86,0,0.04,319.07,3.6,2156043.79,2.56
2804,"wikinews",2783,585,148,2635,-2.1,-1.36,4.83,1.2,0.88,0.86,0,0.01,266.08,3.9,1617834.57,2.87
2805,"wikinews",10806,2504,177,10629,-2.63,-1.71,7.6,1.5,0.78,0.75,0.01,0.05,595.32,5.53,4121444.37,4.51
2806,"wikinews",1312,262,137,1175,-2.22,-1.21,6.96,1.16,0.93,0.98,0.01,0.02,523.95,3.37,3582559.82,2.37
2807,"wikinews",1122,199,178,944,-2.01,-1.18,4.79,1.04,0.93,0.92,0,0.02,205.01,3.25,886020.94,2.2
2808,"wikinews",2132,407,144,1988,-2.23,-1.4,6.3,1.23,0.87,0.88,0,0.05,444.05,4.06,3265919.17,3.02
2809,"wikinews",2606,494,171,2435,-2.43,-1.56,6.62,1.22,0.95,0.95,0,0.03,411.97,4.76,2810283.73,3.65
2810,"wikinews",3856,762,160,3696,-2.51,-1.67,7.03,1.4,0.91,0.89,0,0.02,476.91,5.34,3189792.32,4.25
2811,"wikinews",1857,349,165,1692,-2.19,-1.29,5.66,1.22,0.89,0.89,0,0.02,294.45,3.63,1933544.01,2.63
2812,"wikinews",1540,317,109,1431,-1.94,-1.1,4.93,0.96,0.94,0.97,0,0.03,260.22,3,1783989.7,1.99
2813,"wikinews",2283,434,170,2113,-2.3,-1.54,5.95,1.33,0.92,0.92,0,0.01,470.28,4.69,3384199.98,3.66
2814,"wikinews",2002,413,140,1862,-2.57,-1.53,8.76,1.43,0.99,0.99,0,0,558.59,4.62,3906523.45,3.62
2815,"wikinews",2982,583,153,2829,-2.57,-1.76,7.07,1.39,0.92,0.93,0,0.03,475.98,5.81,3489980.97,4.7
2816,"wikinews",1052,167,170,882,-2.69,-2.04,6.48,1.58,0.98,0.97,0,0.01,486.74,7.69,3291183.49,6.61
2817,"wikinews",1231,229,138,1092,-2.37,-1.49,6.74,1.22,0.96,0.96,0,0.02,389.15,4.44,2567721.02,3.38
2818,"wikinews",1897,330,177,1719,-2.48,-1.6,6.92,1.37,0.95,0.97,0,0.03,556.57,4.96,3917225.65,3.92
2819,"wikinews",1525,272,179,1346,-2.11,-1.35,5.44,1.14,0.89,0.88,0,0.05,355.41,3.84,2189864.67,2.79
2820,"wikinews",1633,285,153,1480,-2.87,-2,8.29,1.67,0.98,0.98,0,0.01,669.66,7.39,4526139.83,6.37
2821,"wikinews",1080,177,137,943,-2.23,-1.38,5.13,1.22,0.96,0.94,0,0.02,253.6,3.97,1419444.16,2.94
2822,"wikinews",992,190,136,856,-2.34,-1.32,6.89,1.16,0.95,0.94,0,0.01,574.97,3.74,4344225.5,2.73
2823,"wikinews",1633,293,174,1459,-2.51,-1.5,7.32,1.29,0.9,0.9,0,0.02,574.32,4.48,4102931.81,3.44
2824,"wikinews",1205,220,162,1043,-2.05,-1.28,5.92,1.22,0.93,0.97,0,0.03,323.38,3.62,2464555.97,2.6
2825,"wikinews",1488,254,205,1283,-2.93,-2.25,7.26,1.8,0.97,0.97,0,0.01,607.9,9.48,3876127.93,8.41
2826,"wikinews",1920,351,144,1776,-2.47,-1.55,6.28,1.25,0.93,0.92,0,0.02,479.06,4.71,3123942.01,3.65
2827,"wikinews",1227,209,168,1059,-2.53,-1.72,6.91,1.56,0.97,0.98,0,0.02,569.6,5.58,4032926.48,4.53
2828,"wikinews",1711,310,152,1559,-3.3,-2.72,7.62,1.76,0.92,0.9,0,0.02,757.25,15.18,5016553.19,13.9
2829,"wikinews",1378,258,149,1229,-2.59,-1.66,7.22,1.28,0.98,0.99,0,0.01,582.49,5.29,4343775.12,4.22
2830,"wikinews",1192,193,192,1000,-2.4,-1.68,6.99,1.44,0.93,0.92,0,0.02,483.58,5.37,3206493.39,4.36
2831,"wikinews",1013,191,134,879,-2.35,-1.55,5.9,1.35,0.99,1,0,0,308.49,4.71,1775523.52,3.68
2832,"wikinews",1576,267,184,1391,-2.68,-2.07,6.88,1.77,0.98,0.98,0,0.01,586.51,7.92,4545209.04,6.87
2833,"wikinews",1574,280,171,1403,-2.83,-1.92,8.76,1.66,0.92,0.91,0,0.02,655.32,6.86,4757620.92,5.79
2834,"wikinews",2850,559,161,2688,-2.36,-1.62,6.25,1.42,0.93,0.96,0,0.04,385.52,5.05,2699410.83,4.04
2835,"wikinews",1660,358,146,1514,-2.61,-1.84,7.12,1.61,0.94,0.94,0,0.01,467.33,6.3,3207891.42,5.28
2836,"wikinews",1002,176,142,860,-1.82,-1.23,3.65,1.05,0.94,0.9,0,0.03,105.14,3.4,365371.17,2.33
2837,"wikinews",1822,394,150,1672,-2.45,-1.75,5.86,1.56,0.9,0.9,0,0.01,362.44,5.75,2210322.35,4.74
2838,"wikinews",806,136,149,657,-2.39,-1.68,4.69,1.29,0.99,0.99,0,0.01,262.51,5.36,1629493.57,4.29
2839,"wikinews",2148,426,167,1981,-2.63,-1.82,6.5,1.54,0.93,0.91,0,0.03,510.3,6.18,3415904.28,5.17
2840,"wikinews",822,136,165,657,-1.97,-0.75,6.42,0.73,0.89,0.92,0.01,0.06,267.8,2.12,1782568.65,1.11
2841,"wikinews",986,176,126,859,-2.5,-1.73,6.21,1.43,0.95,0.93,0,0.02,349.18,5.64,2009903.03,4.63
2842,"wikinews",2668,578,153,2515,-2.23,-1.41,6.03,1.25,0.9,0.88,0,0.02,370.2,4.1,2389293.35,3.08
2843,"wikinews",830,157,134,696,-2.38,-1.58,5.66,1.48,0.98,0.99,0,0.01,337.8,4.85,1999658.98,3.85
2844,"wikinews",1232,260,131,1101,-2.13,-1.45,5.13,1.25,0.91,0.88,0,0.01,314.19,4.26,1974278.05,3.24
2845,"wikinews",1953,410,135,1818,-2.15,-1.26,6.39,1.24,0.84,0.8,0.01,0.01,366.61,3.53,2482498.07,2.53
2846,"wikinews",1059,184,116,943,-2.4,-1.52,6.72,1.4,0.98,0.97,0,0.01,428.72,4.55,2929655.68,3.52
2847,"wikinews",1212,224,136,1076,-2.58,-2.13,6.65,1.59,0.96,0.97,0,0.03,487.68,8.46,3637384.73,7.29
2848,"wikinews",1016,172,137,879,-2.36,-1.52,6.24,1.29,0.98,0.98,0,0.02,406.9,4.6,2701238.7,3.55
2849,"wikinews",1236,234,117,1118,-2.58,-1.42,8.08,1.27,0.96,0.95,0,0.03,566.25,4.12,3819727.58,3.11
2850,"wikinews",1108,224,149,958,-2.69,-1.59,8.11,1.5,0.96,0.95,0,0.02,627.87,4.9,4343337.89,3.89
2851,"wikinews",1677,341,152,1525,-2.5,-1.55,7.42,1.48,0.98,0.98,0,0.02,535.79,4.71,3444345.62,3.7
2852,"wikinews",1686,285,175,1511,-2.79,-2.1,7.09,1.57,0.93,0.93,0,0.02,499.49,8.17,3293155.06,6.98
2853,"wikinews",871,158,151,720,-2.17,-1.55,4.41,1.08,0.95,0.95,0,0.01,206.37,4.71,991045.28,3.58
2854,"wikinews",2922,564,144,2777,-2.34,-1.56,5.88,1.35,0.92,0.92,0,0.06,398.42,4.76,2744785.48,3.73
2855,"wikinews",1176,201,175,1001,-2.43,-1.76,5.72,1.44,0.98,0.99,0,0.01,335.96,5.81,2138132.46,4.75
2856,"wikinews",2019,360,168,1851,-2.73,-1.99,6.64,1.51,0.98,0.97,0,0.01,545.51,7.32,3559295.39,6.18
2857,"wikinews",1782,320,149,1633,-2.22,-1.38,6.19,1.15,0.94,0.94,0,0.02,372.64,3.98,2574097.44,2.9
2858,"wikinews",3188,613,160,3028,-2.53,-1.59,6.72,1.43,0.96,0.95,0,0.02,476.95,4.9,3277411.88,3.89
2859,"wikinews",772,138,164,608,-2.37,-1.32,7.23,1.3,1,1,0,0,456.29,3.72,2329889.81,2.73
2860,"wikinews",1083,195,151,932,-2.22,-1.39,6.48,1.24,0.96,0.95,0,0.01,415.64,4.01,3079254,3
2861,"wikinews",978,170,170,808,-2.6,-1.59,7.82,1.24,0.98,0.97,0,0.01,537.36,4.9,4000481.97,3.81
2862,"wikinews",931,146,158,773,-2.77,-2.16,6.56,1.7,0.98,0.98,0,0.01,492.52,8.68,3161099.68,7.67
2863,"wikinews",1491,283,145,1346,-2.19,-1.65,5.27,1.35,0.99,1,0,0,344.79,5.21,2041514,4.18
2864,"wikinews",1082,215,167,915,-2.55,-1.84,6.48,1.58,0.99,0.99,0,0.01,424.82,6.3,2509687.75,5.28
2865,"wikinews",2473,487,169,2304,-2.19,-1.35,5.67,1.29,0.91,0.89,0,0.04,339.48,3.86,2135858.21,2.85
2866,"wikinews",2644,556,149,2495,-2.29,-1.38,6.69,1.29,0.89,0.89,0,0.06,414.71,3.97,2910413.33,2.96
2867,"wikinews",2879,565,151,2727,-2.19,-1.64,4.83,1.44,0.89,0.86,0,0.05,256.57,5.16,1678671.29,4.11
2868,"wikinews",1696,314,151,1544,-2.32,-1.31,7.13,1.12,0.98,0.97,0,0,478.79,3.69,3075019.48,2.64
2869,"wikinews",2573,495,152,2421,-2.41,-1.36,7.39,1.32,0.94,0.93,0,0.02,541.73,3.9,3909530.63,2.89
2870,"wikinews",3423,678,131,3291,-2.55,-1.76,7.3,1.58,0.92,0.95,0.01,0.05,537.94,5.78,3592220.2,4.77
2871,"wikinews",988,184,154,834,-2.45,-1.3,7.51,1.2,0.96,0.96,0,0.03,521.31,3.67,3675337.83,2.64
2872,"wikinews",2090,391,158,1932,-2.6,-1.84,6.22,1.45,0.96,0.97,0,0.01,438.09,6.3,2805580.89,5.19
2873,"wikinews",1365,249,142,1223,-2.23,-1.53,4.98,1.25,0.97,0.97,0,0.02,253.25,4.62,1670858.6,3.51
2874,"wikinews",3308,642,186,3122,-2.05,-1.42,4.83,1.14,0.85,0.82,0.01,0.05,252.91,4.12,1605928.22,2.99
2875,"wikinews",762,131,151,611,-2.04,-1.36,6.8,1.09,0.96,0.94,0,0.02,271.77,3.9,2016045.72,2.84
2876,"wikinews",1186,219,145,1041,-2.67,-2.06,6.17,1.58,0.99,0.99,0,0.01,425.18,7.85,2591180.96,6.81
2877,"wikinews",1968,384,173,1794,-3,-2.34,7.44,1.85,0.97,0.97,0,0.03,610.36,10.44,4062857.29,9.33
2878,"wikinews",2223,492,137,2086,-2.44,-1.62,6.61,1.46,0.93,0.92,0,0.01,473.31,5.03,3532913.43,4.03
2879,"wikinews",1139,224,124,1015,-1.93,-1.09,5.77,1.04,0.93,0.93,0,0.01,350.79,2.97,2510956.72,1.97
2880,"wikinews",1242,228,154,1088,-2.27,-1.55,5.37,1.33,0.98,0.99,0,0.01,316.11,4.71,2342052.56,3.67
2881,"wikinews",1236,191,213,1023,-2.04,-1.38,3.91,1.1,0.92,0.87,0,0.03,159.2,3.97,853454.06,2.84
2882,"wikinews",4722,920,168,4554,-2.75,-1.79,7.82,1.55,0.92,0.92,0,0.04,637.43,5.99,4431632.16,4.94
2883,"wikinews",2201,423,131,2070,-2.37,-1.45,7.07,1.25,0.87,0.84,0,0.02,482.28,4.26,3508644.26,3.22
2884,"wikinews",1639,359,156,1482,-2.56,-1.38,8.2,1.35,0.9,0.92,0,0.02,634.74,3.97,4334286.92,2.97
2885,"wikinews",1688,302,156,1532,-2.13,-1.37,5.54,1.19,0.95,0.96,0,0.01,353.64,3.92,2270650.41,2.87
2886,"wikinews",13648,2833,174,13473,-2.73,-2.02,6.32,1.42,0.81,0.77,0.01,0.05,458.34,7.54,3000496.08,6.34
2887,"wikinews",2780,520,169,2611,-2.73,-2.1,6.72,1.56,0.89,0.89,0,0.02,462.54,8.17,3060735.41,7.06
2888,"wikinews",1150,209,164,985,-2.27,-1.43,6.88,1.34,0.98,0.98,0,0.01,488.25,4.18,3322548.23,3.16
2889,"wikinews",1199,213,137,1062,-2.53,-1.95,6.57,1.64,0.97,0.96,0,0.02,469.89,7.03,3232780.59,5.94
2890,"wikinews",945,171,150,795,-1.89,-0.95,5.59,0.94,0.99,0.98,0,0.02,337.6,2.59,2397403.51,1.59
2891,"wikinews",3457,676,159,3298,-2.58,-1.81,6.44,1.45,0.92,0.92,0,0.02,412.88,6.08,2622476.33,5.06
2892,"wikinews",1648,307,137,1511,-2.45,-1.68,5.94,1.31,0.97,0.98,0,0.02,465.25,5.37,3271962.62,4.31
2893,"wikinews",1033,182,153,880,-3.22,-2.31,9.95,1.63,1,1,0,0,1066.11,10.07,7904924.05,9
2894,"wikinews",2025,407,145,1880,-2.45,-1.69,7.09,1.37,0.96,0.96,0,0.02,501.11,5.42,3809964.18,4.38
2895,"wikinews",2428,421,198,2229,-2.56,-1.96,6.32,1.53,0.95,0.94,0,0.03,418.75,7.1,2774018.03,6.03
2896,"wikinews",1633,273,160,1473,-2.6,-1.82,6.74,1.43,0.95,0.94,0,0.02,488.13,6.17,3040706.15,5.03
2897,"wikinews",827,162,133,694,-2.71,-1.94,7.24,1.48,0.99,1,0,0,621.72,6.92,4534366.9,5.79
2898,"wikinews",1427,254,160,1266,-2.48,-1.51,7.15,1.29,0.97,0.98,0,0.02,488.46,4.53,3325289.52,3.5
2899,"wikinews",1637,286,161,1476,-2.2,-1.45,5.11,1.21,0.93,0.92,0,0.05,303.42,4.26,1720952.73,3.22
2900,"wikinews",2567,616,145,2422,-2.17,-0.99,7.7,0.98,0.71,0.67,0.02,0.05,480.3,2.69,3628742.06,1.69
2901,"wikinews",1303,248,146,1157,-2.19,-1.15,6.91,1.08,0.91,0.91,0,0.02,528.82,3.16,4003866.6,2.13
2902,"wikinews",877,164,151,726,-2.48,-1.71,6.4,1.43,0.97,0.97,0,0.01,428.92,5.53,3105447.57,4.48
2903,"wikinews",1683,309,156,1527,-2.5,-1.72,6.21,1.33,0.94,0.93,0,0.05,462.63,5.58,3515776.33,4.49
2904,"wikinews",868,140,147,721,-2.98,-2.22,8.01,1.71,0.97,0.98,0,0.03,523.56,9.26,3520796.04,8.09
2905,"wikinews",1171,207,144,1027,-2.65,-1.74,7.13,1.49,0.97,0.96,0,0.01,530.91,5.7,3386771.43,4.64
2906,"wikinews",1656,271,192,1464,-2.82,-2.07,7.49,1.56,0.95,0.93,0,0.02,639.62,7.92,4638431.38,6.9
2907,"wikinews",2604,508,183,2421,-2.94,-1.99,8.01,1.62,0.88,0.93,0,0.05,719.94,7.32,5001142.32,6.27
2908,"wikinews",2285,393,192,2092,-2.54,-1.69,6.41,1.41,0.96,0.96,0,0.02,411.08,5.42,2321680.94,4.35
2909,"wikinews",5275,1050,168,5107,-2.86,-2.04,7.69,1.71,0.93,0.9,0,0.01,627.51,7.73,4233669.65,6.71
2910,"wikinews",1540,301,155,1385,-2.52,-1.58,7.37,1.44,0.98,0.98,0,0.02,533.08,4.85,3404694.96,3.82
2911,"wikinews",4471,856,181,4290,-3.05,-2.39,8.15,1.86,0.94,0.94,0,0.02,692.77,10.91,4535990.34,9.8
2912,"wikinews",6134,1286,149,5985,-2.53,-1.74,6.13,1.34,0.86,0.82,0,0.02,414.68,5.67,2749630.46,4.56
2913,"wikinews",2077,361,170,1907,-2.43,-1.8,5.93,1.48,0.95,0.94,0,0.01,351.47,6.05,2506934.64,4.98
2914,"wikinews",1043,202,141,902,-1.92,-1.08,5.27,1.03,0.91,0.9,0,0.02,301.89,2.96,1556931.57,1.95
2915,"wikinews",5523,1035,167,5356,-2.42,-1.7,5.47,1.28,0.91,0.9,0,0.06,335.77,5.47,1980266.89,4.34
2916,"wikinews",2314,435,186,2128,-2.04,-1.37,4.63,1.21,0.92,0.91,0,0.02,265.83,3.94,1530452.06,2.93
2917,"wikinews",1388,279,150,1238,-2.45,-1.64,6.57,1.43,0.98,0.98,0,0.01,417.22,5.16,2596902.87,4.14
2918,"wikinews",3091,573,174,2917,-2.76,-1.82,7.82,1.61,0.87,0.84,0,0.04,631.09,6.17,4269655.38,5.14
2919,"wikinews",1600,287,179,1421,-2.41,-1.49,7,1.38,0.89,0.88,0,0.04,454.77,4.44,2936980.85,3.44
2920,"wikinews",3157,567,197,2960,-2.39,-1.58,6.17,1.4,0.96,0.97,0,0.02,352.02,4.85,2355063.33,3.82
2921,"wikinews",1168,217,169,999,-2.51,-1.81,6.48,1.37,0.94,0.93,0,0.03,380.88,6.11,2595755.89,4.99
2922,"wikinews",1634,324,171,1463,-2.13,-0.91,6.92,0.9,0.87,0.85,0,0.04,434.73,2.48,3146888.83,1.48
2923,"wikinews",8683,1615,166,8517,-2.38,-1.63,6.07,1.4,0.8,0.76,0.01,0.03,378.38,5.1,2405368.68,4.07
2924,"wikinews",2320,434,160,2160,-2.4,-1.64,5.92,1.35,0.9,0.87,0,0.02,373.55,5.18,2567203.28,4.11
2925,"wikinews",940,151,170,770,-2.33,-1.81,5.04,1.4,0.96,0.96,0,0.02,372.5,6.11,2564593.01,4.98
2926,"wikinews",1330,232,171,1159,-2.35,-1.78,5.26,1.32,0.97,0.97,0,0.02,324.88,5.93,2203657.59,4.77
2927,"wikinews",814,131,154,660,-1.96,-0.92,5.58,0.84,0.95,0.94,0,0.02,387.87,2.51,2707665.73,1.49
2928,"wikinews",1226,224,156,1069,-3,-1.87,8.9,1.58,0.97,0.97,0,0.01,857.24,6.48,5810667.56,5.47
2929,"wikinews",3722,701,151,3571,-2.24,-1.41,6.3,1.31,0.88,0.87,0,0.02,379.74,4.1,2517677.12,3.09
2930,"wikinews",1486,242,187,1298,-2.44,-1.41,6.89,1.26,0.93,0.9,0,0.01,430.92,4.1,2803348.22,3.07
2931,"wikinews",1067,160,181,886,-1.92,-1.18,4.3,1.01,0.9,0.89,0.01,0.11,199.79,3.27,982457.67,2.18
2932,"wikinews",1750,319,149,1600,-2.59,-1.95,5.44,1.55,0.91,0.92,0,0.05,275.23,7.03,1135577.71,5.95
2933,"wikinews",1797,381,132,1664,-2.66,-1.85,7.25,1.59,0.97,0.99,0,0.01,523.88,6.36,3465363.54,5.34
2934,"wikinews",4918,955,173,4744,-2.7,-1.86,7.61,1.54,0.85,0.81,0,0.01,560.09,6.42,3886399.92,5.4
2935,"wikinews",1868,337,166,1701,-2.18,-1.45,5.11,1.2,0.92,0.91,0,0.02,283.8,4.26,1663082.33,3.19
2936,"wikinews",1377,248,182,1195,-2.71,-2.04,7.4,1.52,0.94,0.94,0,0.01,717.95,7.69,5064701.23,6.54
2937,"wikinews",2892,571,173,2719,-2.34,-1.63,5.64,1.32,0.89,0.87,0,0.01,338.72,5.1,2108977.15,4.03
2938,"wikinews",1177,200,152,1025,-2.14,-1.34,5.6,1.18,0.96,0.95,0,0.01,319.22,3.8,2156408.71,2.75
2939,"wikinews",727,146,125,601,-1.99,-1.06,5.5,1.05,0.91,0.94,0,0.01,299.35,2.88,1907985,1.88
2940,"wikinews",2070,402,182,1888,-2.37,-1.44,6.3,1.26,0.89,0.88,0,0.01,458.88,4.24,3270703.51,3.19
2941,"wikinews",1070,187,154,916,-2.14,-1.48,4.59,1.2,0.95,0.92,0,0.02,294.55,4.39,2188788.98,3.34
2942,"wikinews",1607,269,172,1435,-2.52,-1.85,6.1,1.44,0.96,0.94,0,0.02,457.17,6.36,2690214.78,5.27
2943,"wikinews",2240,406,164,2076,-2.29,-1.64,6.15,1.26,0.93,0.92,0,0.03,375.74,5.15,2640275.93,4.02
2944,"wikinews",1196,239,155,1041,-2.34,-1.46,6.72,1.2,0.92,0.9,0,0.01,447.75,4.31,3359897.26,3.26
2945,"wikinews",897,152,185,712,-2.31,-1.64,5.63,1.41,0.95,0.94,0,0.02,330.14,5.13,2066848.9,4.08
2946,"wikinews",1744,326,158,1586,-2.46,-1.62,6.67,1.35,0.98,0.97,0,0.02,490.69,5.08,3502265.86,4.04
2947,"wikinews",984,165,172,812,-1.95,-1.21,5.1,1.05,1,1,0,0,297.01,3.35,1883378.88,2.31
2948,"wikinews",1222,226,150,1072,-2.18,-1.36,6.42,1.18,0.97,0.98,0,0.02,427.32,3.88,2947004.72,2.83
2949,"wikinews",2156,381,172,1984,-2.54,-1.83,6.72,1.39,0.94,0.95,0,0.05,430.12,6.23,2899948.34,5.07
2950,"wikinews",2059,387,141,1918,-2.62,-1.93,6.21,1.49,0.93,0.92,0,0.01,462.29,6.89,3279282.65,5.8
2951,"wikinews",2521,446,169,2352,-2.37,-1.52,6.15,1.29,0.86,0.83,0,0.03,422.19,4.6,2843582.39,3.53
2952,"wikinews",2073,402,156,1917,-2.09,-1.36,5.47,1.21,0.91,0.9,0,0.02,344.62,3.88,2415275.93,2.85
2953,"wikinews",1718,310,170,1548,-2.3,-1.46,6.4,1.33,0.91,0.91,0,0.01,386.64,4.33,2758977.16,3.29
2954,"wikinews",1778,342,130,1647,-2.37,-1.43,6.9,1.34,0.97,0.99,0,0.01,470.54,4.18,2889869.44,3.18
2955,"wikinews",1239,211,163,1076,-2.68,-1.96,6.68,1.41,0.97,0.97,0,0.03,554.76,7.1,3928394.78,5.87
2956,"wikinews",1205,212,143,1062,-2.75,-2,8.28,1.69,0.97,0.96,0,0.01,510.31,7.43,3496388.4,6.39
2957,"wikinews",2116,404,150,1966,-2.2,-1.38,5.61,1.27,0.93,0.92,0,0.02,259.19,3.99,1249135.59,2.96
2958,"wikinews",2032,390,153,1879,-2.19,-1.45,4.88,1.23,0.91,0.9,0,0.04,246.94,4.26,1250098.86,3.21
2959,"wikinews",1301,238,172,1129,-2.53,-1.88,5.47,1.42,0.96,0.99,0,0.01,372.93,6.56,2400869.98,5.45
2960,"wikinews",1191,205,128,1063,-2.39,-1.61,5.33,1.28,0.98,0.99,0,0.01,338.15,5,2403476.44,3.91
2961,"wikinews",1803,388,99,1704,-2.36,-1.62,6.37,1.42,0.87,0.86,0,0.02,438.91,5.03,3028263,4.02
2962,"wikinews",2020,420,153,1867,-2.2,-1.27,5.95,1.22,0.92,0.91,0,0.05,388.77,3.58,2633598.52,2.58
2963,"wikinews",1679,308,145,1534,-2.62,-1.65,8.65,1.44,0.97,0.96,0,0.03,697.78,5.21,5258629.31,4.17
2964,"wikinews",1156,209,176,980,-2.37,-1.63,6,1.34,0.92,0.94,0,0.04,392.1,5.1,2615566.73,4.05
2965,"wikinews",2768,490,157,2611,-2.69,-1.93,7.25,1.54,0.96,0.95,0,0.02,565.34,6.89,3808438.01,5.88
2966,"wikinews",2516,481,184,2332,-2.23,-1.68,4.75,1.26,0.84,0.81,0.01,0.02,294.35,5.37,1933089.46,4.25
2967,"wikinews",1296,255,162,1134,-1.91,-1.18,4.36,1.12,0.94,0.98,0,0.02,157.59,3.25,712305.27,2.24
2968,"wikinews",5330,1138,176,5154,-2.89,-2.05,8.25,1.63,0.92,0.91,0,0.03,678.45,7.77,4901358.37,6.73
2969,"wikinews",1283,226,171,1112,-2.18,-1.2,6.11,1.11,0.96,0.99,0,0.01,379.13,3.32,2590095.34,2.29
2970,"wikinews",1269,212,175,1094,-2.34,-1.86,5.06,1.32,0.95,0.96,0,0.02,311.34,6.4,2088200.72,5.17
2971,"wikinews",2057,387,161,1896,-2.36,-1.55,6.9,1.36,0.94,0.93,0,0.02,516.09,4.71,3454200.64,3.66
2972,"wikinews",1145,180,186,959,-2.52,-1.78,5.49,1.36,0.98,0.98,0,0.01,240.61,5.9,822776.6,4.77
2973,"wikinews",1440,243,207,1233,-2.26,-1.61,5.19,1.39,0.97,0.99,0,0.01,304.71,5,1965610.96,3.97
2974,"wikinews",2742,535,183,2559,-2.07,-1.35,5.03,1.19,0.86,0.84,0,0.03,272.27,3.86,1753268.32,2.83
2975,"wikinews",2800,545,125,2675,-2.15,-1.4,5.54,1.28,0.88,0.87,0,0.05,291.23,4.06,1763203.1,3.04
2976,"wikinews",2116,393,164,1952,-2.36,-1.41,6.24,1.05,0.92,0.92,0,0.05,458.07,4.1,3188138.07,2.9
2977,"wikinews",1529,271,169,1359,-2.07,-1.33,4.91,1.11,0.88,0.85,0,0.03,234.27,3.78,1322195.9,2.72
2978,"wikinews",804,145,135,669,-2.52,-1.62,7.1,1.47,0.95,0.95,0,0.02,567.56,5.05,4244917.02,4.04
2979,"wikinews",1328,223,198,1129,-2.21,-1.57,4.51,1.41,0.94,0.94,0,0.04,222.29,4.81,1332854.23,3.78
2980,"wikinews",2143,422,162,1981,-1.9,-1.41,3.97,1.2,0.93,0.93,0,0.02,203.96,4.1,1401480.99,3.08
2981,"wikinews",2734,550,157,2577,-2.61,-1.79,7.16,1.41,0.88,0.83,0.01,0.04,595.74,5.99,4209927.28,4.88
2982,"wikinews",2108,397,181,1927,-2.2,-1.28,6.37,1.12,0.93,0.96,0,0.04,365.11,3.6,2362995.68,2.56
2983,"wikinews",946,164,150,795,-2.69,-1.42,7.85,1.37,0.98,0.98,0,0.01,550.23,4.13,3391463.5,3.12
2984,"wikinews",1869,343,164,1705,-2.3,-1.63,6.24,1.26,0.94,0.94,0,0.04,305.57,5.1,1753381.4,4.02
2985,"wikinews",1257,242,152,1105,-2.23,-1.42,6.31,1.28,0.9,0.87,0,0.01,442.35,4.12,3238654.05,3.11
2986,"wikinews",924,164,155,769,-3.01,-2.23,8.04,1.67,0.98,0.98,0,0.01,833.32,9.3,6240023.11,8.19
2987,"wikinews",1567,255,170,1397,-2.77,-2.37,6.21,1.55,0.98,0.98,0,0.01,514.05,10.7,3365017.48,9.42
2988,"wikinews",716,119,154,562,-2.4,-1.57,5.53,1.47,0.96,0.97,0,0.01,314.59,4.81,1641089.55,3.77
2989,"wikinews",884,143,172,712,-1.98,-1.21,4.81,1.09,0.88,0.87,0,0.02,273.89,3.35,2130071.11,2.33
2990,"wikinews",3141,656,147,2993,-2.18,-1.47,5.77,1.33,0.9,0.89,0,0.04,336.12,4.35,2477818.44,3.33
2991,"wikinews",2759,589,146,2612,-2.33,-1.24,7.61,1.21,0.86,0.86,0.01,0.08,540.5,3.46,3929763.59,2.45
2992,"wikinews",1234,212,166,1068,-2.24,-1.58,5.02,1.31,0.91,0.89,0,0.02,288.57,4.88,1733661.64,3.74
2993,"wikinews",2214,397,205,2009,-2.07,-1.43,5.34,1.24,0.95,0.95,0,0.01,287.25,4.18,1951559,3.16
2994,"wikinews",642,119,132,510,-2.15,-1.5,4.98,1.41,1,1,0,0,233.15,4.48,995488.07,3.48
2995,"wikinews",1704,323,167,1537,-2.3,-1.43,6.21,1.31,0.94,0.93,0,0.03,387.39,4.18,2357955.6,3.17
2996,"wikinews",2736,564,169,2567,-2.75,-1.96,7.73,1.58,0.91,0.91,0,0.01,670.98,7.1,4844361.46,5.98
2997,"wikinews",910,128,172,738,-2.33,-1.74,5.74,1.46,0.94,0.93,0,0.01,430.1,5.7,2994369.94,4.63
2998,"wikinews",1780,340,153,1627,-2.03,-1.44,4.72,1.26,0.94,0.93,0,0.03,244.16,4.22,1619781.58,3.2
2999,"wikinews",3576,636,156,3419,-2.43,-1.8,5.95,1.51,0.9,0.9,0,0.02,372.35,6.02,2284558,4.95
3000,"wikinews",3752,738,150,3602,-2.56,-1.78,6.48,1.46,0.93,0.93,0,0.03,483.17,5.9,3347186.09,4.83
3001,"wikinews",950,157,169,781,-2.05,-1.27,5.23,1.19,0.96,0.95,0,0,286.76,3.56,1619728.78,2.53
3002,"wikinews",1197,211,184,1013,-2.2,-1.2,6.13,1.12,0.95,0.98,0,0.02,322.16,3.32,1794446.11,2.31
3003,"wikinews",1376,238,173,1202,-2.41,-1.61,6.07,1.28,0.91,0.9,0,0.04,364.79,5,2517473.09,3.93
3004,"wikinews",1126,210,139,987,-2.29,-1.48,5.92,1.28,0.97,0.97,0,0.02,405.8,4.37,2873394.51,3.36
3005,"wikinews",1257,233,144,1113,-2.84,-1.93,7.65,1.69,0.98,0.99,0,0.01,601.33,6.89,3959918.49,5.84
3006,"wikinews",2402,462,142,2260,-2.43,-1.64,6.46,1.32,0.89,0.88,0,0.01,421.48,5.18,2815235.77,4.05
3007,"wikinews",1976,373,146,1830,-2.2,-1.52,6.01,1.33,0.98,0.97,0,0,372.05,4.57,2527132.83,3.51
3008,"wikinews",948,161,164,784,-2.47,-1.79,5.52,1.2,0.98,1,0,0,317.25,5.99,1718304.98,4.83
3009,"wikinews",2244,441,167,2077,-2.16,-1.4,5.73,1.16,0.96,0.96,0,0.02,333.67,4.06,2225147.74,2.97
3010,"wikinews",1363,255,164,1199,-2.03,-1.12,5.5,1.02,0.95,0.95,0,0.02,339.81,3.06,2308745.65,2.05
3011,"wikinews",759,126,123,636,-3.04,-2.4,7.14,1.62,0.99,0.99,0,0.01,781.39,10.96,5267345.52,9.72
3012,"wikinews",3107,589,167,2940,-2.38,-1.47,6.91,1.37,0.92,0.91,0,0.01,479.26,4.35,3371810.97,3.34
3013,"wikinews",1200,203,147,1053,-2.68,-2.1,6.83,1.68,0.94,0.94,0,0.01,536.63,8.17,4004370.11,7.02
3014,"wikinews",1794,329,129,1665,-2.09,-1.38,4.64,1.25,0.95,0.94,0,0.01,211.5,3.97,1022111.01,2.9
3015,"wikinews",1174,205,152,1022,-1.9,-1.11,3.9,1.05,0.95,0.96,0,0.04,143.09,3.03,812377.83,2.02
3016,"wikinews",894,152,165,729,-2.09,-1.5,4.02,1.27,0.94,0.97,0,0.03,141.77,4.46,713253.88,3.42
3017,"wikinews",843,157,139,704,-1.77,-0.93,4.12,0.9,0.97,0.96,0,0.01,139.23,2.53,736060.53,1.53
3018,"wikinews",1443,277,146,1297,-2.2,-1.39,5.84,1.28,0.97,0.98,0,0.01,321.92,4.01,2050415.74,3
3019,"wikinews",1581,287,166,1415,-2.43,-1.58,5.98,1.2,0.94,0.94,0,0.02,396.54,4.85,2752693.21,3.78
3020,"wikinews",2626,508,151,2475,-2.41,-1.44,7.54,1.38,0.89,0.98,0.01,0.02,507.13,4.24,3631615.84,3.23
3021,"wikinews",913,142,147,766,-2.25,-1.79,4.72,1.33,0.97,0.99,0,0.01,259.16,5.99,1569325.97,4.97
3022,"wikinews",3685,702,132,3553,-2.88,-2.17,7.92,1.73,0.91,0.89,0,0.02,622.5,8.8,4451647.25,7.69
3023,"wikinews",4710,1019,131,4579,-2.61,-1.76,7.06,1.47,0.95,0.95,0,0.02,500.15,5.81,3394370.39,4.79
3024,"wikinews",1284,230,171,1113,-2.5,-1.92,5.17,1.38,0.97,0.96,0,0,269.53,6.86,1412703.09,5.78
3025,"wikinews",2998,612,144,2853,-2.4,-1.6,6.66,1.39,0.9,0.89,0,0.02,472.73,4.97,3238868.16,3.94
3026,"wikinews",2286,409,188,2097,-2.46,-1.73,6.35,1.33,0.94,0.93,0,0.03,418.61,5.64,2933641.04,4.55
3027,"wikinews",1068,178,159,909,-2.54,-1.93,5.88,1.41,0.98,0.97,0,0.01,409.75,6.89,2659754.27,5.58
3028,"wikinews",1212,217,115,1097,-2.36,-1.6,6.28,1.41,0.95,0.94,0,0.02,431.51,4.95,2803160.06,3.88
3029,"wikinews",1271,222,150,1121,-2.52,-1.67,6.52,1.25,0.9,0.88,0,0.01,488.38,5.32,3406086.81,4.23
3030,"wikinews",2199,416,167,2032,-2.41,-1.74,6.19,1.38,0.9,0.89,0,0.02,356.61,5.67,2032937.54,4.6
3031,"wikinews",1363,260,177,1185,-2.16,-1.29,6.1,1.19,0.98,1,0,0,434.31,3.64,3465170.49,2.63
3032,"wikinews",1278,210,183,1095,-2.3,-1.33,6.19,1.09,0.99,0.99,0,0.01,377.24,3.78,2432389.68,2.71
3033,"wikinews",1196,203,170,1026,-2.74,-2.07,6.44,1.47,0.98,0.97,0,0,501.43,7.92,3526521.29,6.71
3034,"wikinews",2950,550,171,2779,-2.4,-1.7,5.66,1.44,0.96,0.97,0,0.03,366.83,5.5,2319238.48,4.45
3035,"wikinews",993,158,150,842,-2.07,-1.55,3.83,1.28,0.97,0.99,0,0.01,151.32,4.71,764044.55,3.68
3036,"wikinews",1115,202,164,950,-1.94,-1.1,5.48,1.04,0.98,0.98,0,0.02,266.79,3,1534743.62,1.98
3037,"wikinews",1280,214,195,1085,-2.19,-1.23,5.24,1.12,0.96,0.97,0,0.01,268.5,3.4,1572009.04,2.37
3038,"wikinews",844,147,150,694,-2.37,-1.49,6.44,1.3,0.98,0.99,0,0.01,542.56,4.44,4227325.92,3.35
3039,"wikinews",2230,444,153,2077,-2.72,-1.98,6.3,1.51,0.94,0.92,0,0.01,389.63,7.24,2290176.37,6.16
3040,"wikinews",2621,463,168,2453,-2.74,-2.15,6.83,1.76,0.89,0.87,0,0.02,446.02,8.58,2800119.04,7.53
3041,"wikinews",1168,213,139,1029,-2.7,-1.84,7.1,1.61,0.96,0.97,0,0.03,530.15,6.3,3334511.8,5.29
3042,"wikinews",993,171,170,823,-2.24,-1.52,5.95,1.47,0.95,0.93,0,0.02,405.89,4.57,3085310.59,3.57
3043,"wikinews",14848,3247,186,14662,-2.37,-1.53,6.34,1.34,0.75,0.71,0.01,0.05,415.26,4.62,2710735.7,3.58
3044,"wikinews",3890,732,158,3732,-2.44,-1.58,6.29,1.33,0.9,0.88,0,0.02,408.23,4.88,2714415.61,3.82
3045,"wikinews",1238,222,131,1107,-2.23,-1.56,5.87,1.23,0.98,0.98,0,0.01,337.46,4.78,2202990.64,3.67
3046,"wikinews",2465,503,164,2301,-2.37,-1.48,6.4,1.28,0.89,0.87,0,0.01,409.99,4.39,2668913.58,3.33
3047,"wikinews",1528,259,167,1361,-2.65,-1.92,5.69,1.47,0.93,0.93,0,0.02,364.04,6.82,2140574.82,5.68
3048,"wikinews",756,132,142,614,-2.45,-1.5,7.47,1.31,0.99,0.99,0,0.01,553.17,4.51,4367618.45,3.46
3049,"wikinews",1157,192,146,1011,-2.45,-1.69,6.17,1.51,0.92,0.89,0,0.02,406.71,5.44,2357430.85,4.44
3050,"wikinews",2302,446,174,2128,-2.48,-1.62,6.28,1.42,0.94,0.94,0,0.03,417.35,5.05,2497736.11,4.02
3051,"wikinews",2064,383,152,1912,-2.18,-1.49,4.76,1.3,0.93,0.92,0,0.04,207.78,4.44,1100575.73,3.39
3052,"wikinews",795,129,142,653,-2.23,-1.25,6.33,1.16,0.95,0.94,0,0.01,356.35,3.49,2251848.66,2.46
3053,"wikinews",1242,221,143,1099,-2.43,-1.61,6.25,1.4,0.91,0.89,0,0.02,441.24,5,2876390.6,3.93
3054,"wikinews",816,128,167,649,-2.16,-1.34,5.36,1.16,0.97,0.97,0,0.01,401.51,3.82,2893668.79,2.8
3055,"wikinews",1128,212,149,978,-3.11,-1.83,12.38,1.55,0.97,0.99,0,0.01,870.22,6.2,6595562.92,5.12
3056,"wikinews",1146,195,121,1025,-2.9,-2.28,7.43,1.82,1,1,0,0,646.55,9.78,4019325.37,8.66
3057,"wikinews",2592,505,165,2426,-2.53,-1.73,7.01,1.5,0.97,0.97,0,0.02,502.36,5.64,3635130.6,4.64
3058,"wikinews",1717,375,139,1578,-2.66,-1.72,7.75,1.51,0.93,0.92,0,0.01,631.97,5.58,4161886.32,4.53
3059,"wikinews",1806,377,116,1690,-2.4,-1.62,6.48,1.35,0.9,0.91,0,0.02,503.23,5.05,3431958.36,4.03
3060,"wikinews",1329,231,159,1170,-2.34,-1.3,6.38,1.17,0.96,0.95,0,0.03,380.79,3.67,2127085.73,2.65
3061,"wikinews",1568,290,148,1420,-2.36,-1.65,5.71,1.31,0.94,0.93,0,0.02,353.28,5.24,2135729.76,4.1
3062,"wikinews",1218,233,165,1053,-2.34,-1.57,6.67,1.31,0.96,0.95,0,0.02,540.08,4.81,4049801.66,3.76
3063,"wikinews",1047,192,170,877,-2.36,-1.42,9.12,1.29,0.97,0.97,0,0.01,565.87,4.16,3950123.33,3.14
3064,"wikinews",1336,261,149,1187,-2.12,-1.56,4.26,1.2,0.94,0.95,0,0.02,207.9,4.76,1243713.96,3.61
3065,"wikinews",2425,491,166,2259,-2.31,-1.37,6,1.22,0.9,0.92,0,0.07,368,3.94,2211049.6,2.89
3066,"wikinews",1449,296,159,1290,-1.65,-0.82,4.22,0.81,0.9,0.92,0,0.06,184.87,2.28,1168064.72,1.28
3067,"wikinews",1416,240,192,1223,-2.26,-1.11,8.64,1.09,0.98,0.97,0,0.01,526.78,3.03,4057196.05,2.02
3068,"wikinews",2484,447,184,2300,-2.37,-1.42,6.37,1.2,0.89,0.89,0,0.01,390.88,4.14,2561159.98,3.08
3069,"wikinews",1523,289,142,1381,-2.62,-1.8,6.63,1.53,0.92,0.91,0,0.02,438.23,6.05,2764794.29,4.98
3070,"wikinews",6025,1294,149,5876,-2.17,-1.5,5.59,1.27,0.79,0.79,0.01,0.06,309.15,4.51,1973114.52,3.47
3071,"wikinews",1751,321,135,1616,-2.92,-2.1,7.12,1.56,0.97,0.96,0,0.02,593.05,8.17,4057488.21,7.13
3072,"wikinews",1258,213,171,1087,-2.86,-1.81,8.28,1.36,0.98,0.98,0,0.01,868.69,6.11,6444619.99,5.05
3073,"wikinews",1137,207,155,981,-2.41,-1.58,6.54,1.4,0.91,0.9,0,0.01,474.74,4.85,3554463.36,3.81
3074,"wikinews",1110,193,129,981,-2.75,-1.8,7.31,1.45,0.91,0.89,0,0.02,620.83,6.05,4151393.91,4.98
3075,"wikinews",2249,474,180,2069,-2.01,-1.21,4.75,1.13,0.91,0.91,0,0.03,212.23,3.37,1044860.04,2.36
3076,"wikinews",1062,164,158,904,-2.5,-1.83,6.86,1.4,0.98,0.98,0,0.02,515.43,6.2,3444000.54,5.12
3077,"wikinews",2130,509,135,1995,-2.95,-1.84,9.37,1.75,0.93,0.93,0,0.06,830.12,6.3,5377098.45,5.3
3078,"wikinews",4664,1090,113,4551,-2.08,-1.22,5.63,1.15,0.87,0.85,0,0.06,317.48,3.39,1922658.47,2.37
3079,"wikinews",1424,236,166,1258,-2.46,-1.77,5.9,1.37,0.93,0.9,0,0.03,383.49,5.87,2601742.87,4.82
3080,"wikinews",1107,190,177,930,-2.64,-2.03,6.18,1.41,0.97,0.98,0,0.02,482.8,7.62,3333471.48,6.41
3081,"wikinews",1194,180,164,1030,-2.78,-1.98,7.61,1.52,0.98,0.98,0,0.01,495.95,7.28,3325345.14,6.19
3082,"wikinews",942,165,182,760,-2.36,-1.78,5.52,1.32,0.98,0.98,0,0.01,425.03,5.93,3113126.1,4.87
3083,"wikinews",3710,707,131,3579,-2.81,-2.03,7.37,1.57,0.94,0.92,0,0.03,568.8,7.61,3703678.23,6.54
3084,"wikinews",2027,357,114,1912,-2.36,-1.56,6.27,1.28,0.96,0.95,0,0.01,423.64,4.76,2972979.75,3.73
3085,"wikinews",1311,247,131,1180,-2.07,-1.28,4.92,1.14,0.94,0.93,0,0.02,240.35,3.6,1251977.6,2.57
3086,"wikinews",1505,273,167,1338,-2.2,-1.62,5.2,1.24,0.94,0.92,0,0.06,362.58,5.05,2646921.4,4.01
3087,"wikinews",2525,463,177,2348,-2.32,-1.57,6.28,1.28,0.94,0.93,0,0.04,487,4.81,3781891.23,3.75
3088,"wikinews",1425,252,171,1254,-2.67,-1.9,6.56,1.61,0.95,0.93,0,0.02,500.78,6.68,3366712.38,5.66
3089,"wikinews",2590,465,144,2446,-2.4,-1.7,5.51,1.45,0.92,0.92,0,0.03,372.19,5.47,2540222.26,4.42
3090,"wikinews",2911,563,120,2790,-2.38,-1.62,5.93,1.33,0.91,0.92,0,0.05,422.63,5.05,3026822.41,3.94
3091,"wikinews",2468,468,149,2319,-2.3,-1.64,5.37,1.44,0.91,0.9,0,0.06,293.98,5.16,1759514.27,4.14
3092,"wikinews",1814,369,166,1648,-2.53,-1.51,7.21,1.34,0.98,0.99,0,0.01,546.98,4.53,4024300.11,3.5
3093,"wikinews",1940,358,181,1759,-2.41,-1.64,6,1.42,0.93,0.91,0,0.02,387.39,5.15,2226464.7,4.12
3094,"wikinews",2223,408,153,2070,-2.73,-1.87,7.18,1.54,0.96,0.95,0,0.02,622.84,6.46,4532223.64,5.41
3095,"wikinews",1582,327,163,1418,-2.08,-1.12,6.32,1.1,0.93,0.93,0,0.04,346.14,3.06,2196029.38,2.06
3096,"wikinews",1940,371,171,1769,-2.77,-1.99,6.77,1.68,0.96,0.97,0,0.03,510.48,7.32,3110208.19,6.28
3097,"wikinews",2051,405,146,1905,-2.11,-1.33,5.55,1.15,0.91,0.89,0,0.04,337.54,3.78,2048920.38,2.74
3098,"wikinews",2717,524,159,2557,-2.31,-1.57,5.84,1.35,0.94,0.93,0,0.03,399.38,4.8,2692985.52,3.74
3099,"wikinews",2504,456,150,2353,-2.43,-1.64,6.54,1.47,0.93,0.94,0,0.05,429.91,5.18,2354736.37,4.15
3100,"wikinews",1540,306,146,1394,-2.41,-1.42,7.25,1.32,0.96,0.96,0,0.03,516.51,4.14,3805729.4,3.12
3101,"wikinews",2246,415,150,2096,-2.39,-1.72,5.39,1.38,0.98,0.98,0,0.02,318.62,5.58,1832632.4,4.46
3102,"wikinews",2846,514,142,2704,-2.82,-2,7.25,1.59,0.93,0.94,0,0.01,552.46,7.35,3408993.35,6.31
3103,"wikinews",2074,377,179,1895,-2.52,-1.71,6.28,1.36,0.93,0.91,0,0.01,400.42,5.53,2555367.11,4.46
3104,"wikinews",1960,367,168,1792,-2.63,-1.87,6.51,1.49,0.91,0.91,0,0.05,445.54,6.49,2989312.27,5.41
3105,"wikinews",2387,468,160,2227,-2.61,-2.04,6.08,1.54,0.9,0.88,0,0.02,407.67,7.73,2882620.92,6.65
3106,"wikinews",1959,403,143,1815,-2.21,-1.55,5.18,1.41,0.98,0.98,0,0.01,250.92,4.71,1442713.83,3.7
3107,"wikinews",2933,585,172,2760,-2.12,-1.38,5.58,1.26,0.92,0.92,0,0.05,359.23,3.97,2537639.62,2.95
3108,"wikinews",1334,252,159,1175,-2.31,-1.42,7.51,1.29,0.94,0.93,0,0.03,557.66,4.14,4290554.97,3.11
3109,"wikinews",2252,431,152,2100,-1.99,-1.12,4.96,1.04,0.88,0.84,0,0.03,220.51,3.06,1178140.42,2.05
3110,"wikinews",1925,397,150,1775,-2.15,-1.43,5.66,1.32,0.96,0.96,0,0.02,280.01,4.18,1747260.5,3.17
3111,"wikinews",1807,312,184,1623,-2.36,-1.67,5.15,1.39,0.91,0.89,0,0.01,294.97,5.34,1824370.38,4.27
3112,"wikinews",2419,455,159,2260,-2.5,-1.75,5.92,1.35,0.93,0.91,0,0.04,445.26,5.75,3021749.23,4.59
3113,"wikinews",1131,190,154,976,-2.26,-1.62,4.93,1.24,0.89,0.86,0,0.02,229.75,5.07,1101180.52,4
3114,"wikinews",2825,525,156,2669,-2.44,-1.71,6.24,1.45,0.91,0.9,0,0.02,450.57,5.53,3081148.75,4.49
3115,"wikinews",1963,361,141,1822,-2.37,-1.68,6.21,1.55,0.92,0.91,0,0.03,352.57,5.37,1954529.73,4.36
3116,"wikinews",1720,314,196,1524,-2.26,-1.4,5.78,1.19,0.93,0.94,0,0.03,352.45,4.06,2161554.4,3.02
3117,"wikinews",1359,252,148,1211,-2.12,-1.38,5.29,1.16,0.93,0.92,0,0.02,290.04,3.97,1731864.44,2.92
3118,"wikinews",1880,344,162,1718,-2.56,-1.9,6.44,1.53,0.9,0.87,0,0.02,455.69,6.66,2872430.45,5.54
3119,"wikinews",1157,212,155,1002,-2.29,-1.82,4.93,1.27,0.93,0.94,0,0.02,268.17,6.14,1618739.86,4.82
3120,"wikinews",1148,206,149,999,-2.43,-1.61,6.51,1.19,0.96,0.97,0,0.03,537.83,5,4070146.27,3.96
3121,"wikinews",1184,190,193,991,-2.04,-1.1,5.7,0.95,0.93,0.92,0,0.02,343.31,3.02,1935373.41,1.94
3122,"wikinews",1470,281,168,1302,-2.33,-1.57,6.63,1.3,0.93,0.94,0,0.04,388.26,4.81,2878853.97,3.77
3123,"wikinews",1973,371,144,1829,-2.5,-1.77,6.32,1.36,0.94,0.92,0,0.05,451.27,5.87,3001504.32,4.78
3124,"wikinews",1508,243,177,1331,-2.59,-1.73,7,1.38,0.96,0.96,0,0.02,420.36,5.64,3000834.3,4.58
3125,"wikinews",2954,572,139,2815,-2.34,-1.4,7.12,1.21,0.94,0.93,0,0.02,516.84,4.06,3621059.36,3.01
3126,"wikinews",1586,301,171,1414,-2.54,-1.51,7.74,1.31,0.95,0.95,0,0.02,594.4,4.53,4143553.1,3.47
3127,"wikinews",1637,279,181,1455,-2.33,-1.54,5.29,1.25,0.92,0.89,0,0.02,327.65,4.66,1839784.53,3.59
3128,"wikinews",846,136,150,696,-2.48,-1.8,6,1.54,0.98,0.98,0,0.01,274.08,6.02,1340789.44,4.94
3129,"wikinews",1376,240,149,1227,-2.12,-1.37,5.25,1.21,0.96,0.97,0,0.03,288.92,3.94,2163634.82,2.9
3130,"wikinews",1802,316,157,1645,-2.28,-1.61,5.59,1.31,0.91,0.9,0,0.04,344.3,5,1836436.51,3.94
3131,"wikinews",2530,487,187,2342,-2.52,-1.82,6.55,1.52,0.97,0.98,0,0.02,480.69,6.17,3469888.83,5.15
3132,"wikinews",1544,271,162,1382,-2.4,-1.82,5.09,1.3,0.96,0.97,0,0.01,349.03,6.17,2563869.73,5.05
3133,"wikinews",960,152,193,767,-2.91,-2.2,7.22,1.4,1,1,0,0,626.48,9.07,4322094.44,7.7
3134,"wikinews",1124,186,149,975,-2.46,-1.81,6.31,1.41,0.96,0.96,0,0.01,454.18,6.08,3313097.02,5.04
3135,"wikinews",1525,262,160,1364,-2.38,-1.68,5.56,1.27,0.97,0.97,0,0.02,352.7,5.4,2384993.17,4.29
3136,"wikinews",1356,254,143,1213,-2.92,-2.1,8.44,1.52,0.95,0.94,0,0.04,724.75,8.16,5424941.57,6.97
3137,"wikinews",1073,184,146,927,-2.37,-1.42,5.42,1.27,0.99,0.99,0,0.01,314.09,4.16,1958590.03,3.14
3138,"wikinews",773,147,120,653,-2.36,-1.58,7.18,1.4,0.97,0.97,0,0.01,550.83,4.85,4232122.99,3.82
3139,"wikinews",1574,282,175,1399,-2.37,-1.63,5.63,1.26,0.97,0.97,0,0.02,364.92,5.13,2356003.15,4.09
3140,"wikinews",1857,339,152,1705,-2.4,-1.51,6.04,1.24,0.94,0.94,0,0.03,404.72,4.53,2879283.43,3.5
3141,"wikinews",2546,517,127,2419,-2.53,-1.76,6.45,1.41,0.94,0.92,0,0.02,503.61,5.81,3467295.83,4.75
3142,"wikinews",1838,329,169,1669,-2.66,-1.95,7.19,1.44,0.94,0.94,0,0.02,459.47,7.03,2933485.59,5.88
3143,"wikinews",2236,411,168,2068,-2.27,-1.58,5.43,1.34,0.89,0.86,0,0.02,373.62,4.85,2616709.41,3.84
3144,"wikinews",2424,453,157,2267,-2.54,-1.73,6.63,1.46,0.92,0.9,0,0.03,445.1,5.64,2744746.98,4.57
3145,"wikinews",1610,323,156,1454,-2.19,-1.48,5.6,1.38,0.98,0.98,0,0.01,246.95,4.39,1274971.65,3.37
3146,"wikinews",1266,283,155,1110,-2.79,-2.02,7.04,1.54,0.97,0.97,0,0.03,478.14,7.54,2946491.52,6.41
3147,"wikinews",1492,270,164,1328,-2.07,-1.31,5.09,1.17,0.95,0.96,0,0.04,243.71,3.7,1203801.19,2.69
3148,"wikinews",5255,1057,164,5091,-2.73,-1.89,7.15,1.45,0.93,0.94,0,0.02,561.21,6.62,3858973.1,5.54
3149,"wikinews",1840,341,171,1669,-2.66,-1.84,7.17,1.47,0.97,0.98,0,0.02,561.23,6.3,3974190.01,5.18
3150,"wikinews",957,178,161,796,-3.19,-2.41,8.62,1.75,0.97,0.96,0,0.03,842.93,11.14,5942051.81,10
3151,"wikinews",927,151,160,767,-2.5,-1.71,6.68,1.32,0.97,0.97,0,0.01,441.77,5.53,3038149.95,4.5
3152,"wikinews",774,145,162,612,-2.24,-1.57,5.3,1.4,1,1,0,0,232.18,4.81,1473763.98,3.76
3153,"wikinews",1595,294,174,1421,-2.35,-1.32,6.89,1.21,0.96,0.97,0,0.02,492.4,3.74,3586398.81,2.73
3154,"wikinews",1768,339,126,1642,-2.88,-2.04,7.83,1.46,0.94,0.92,0,0.01,637.71,7.69,4567879.71,6.46
3155,"wikinews",1335,246,143,1192,-2.52,-1.62,5.98,1.4,0.95,0.94,0,0.01,403.04,5.08,2751203.62,4.03
3156,"wikinews",937,154,162,775,-2.2,-1.48,4.86,0.97,0.93,0.93,0,0.07,306.19,4.42,2087492.41,3.21
3157,"wikinews",1791,308,181,1610,-2.61,-1.69,7.1,1.42,0.94,0.93,0,0.01,530.5,5.42,3794621.92,4.38
3158,"wikinews",1054,173,146,908,-2.45,-1.9,6.22,1.44,0.98,0.97,0,0.01,474.03,6.69,3475328.15,5.48
3159,"wikinews",1958,387,150,1808,-2.78,-2.16,6.25,1.59,0.95,0.94,0,0.01,444.31,8.67,2758516.81,7.54
3160,"wikinews",1374,232,169,1204,-2.39,-1.67,5.09,1.36,0.99,1,0,0,264.64,5.34,1292909.86,4.25
3161,"wikinews",1467,278,132,1334,-2.69,-2.09,6.12,1.45,0.97,0.97,0,0.01,474.83,8.12,2869738.8,6.75
3162,"wikinews",1769,306,186,1583,-2.51,-1.42,7.96,1.33,0.91,0.89,0,0.02,581.57,4.12,4060786.19,3.11
3163,"wikinews",1529,266,146,1383,-2.52,-2.04,5.29,1.41,0.97,0.98,0,0.02,364.23,7.65,2651109.71,6.43
3164,"wikinews",1443,278,159,1284,-2.61,-1.9,6.36,1.57,0.91,0.93,0,0.05,440.65,6.66,2914599.1,5.62
3165,"wikinews",1359,241,145,1214,-2.38,-1.69,5.43,1.32,0.91,0.91,0,0.01,321.59,5.42,2194879.58,4.28
3166,"wikinews",1599,318,148,1451,-2.58,-1.82,7.3,1.38,0.92,0.92,0,0.01,547.73,6.17,3868070.99,5.14
3167,"wikinews",2122,387,169,1953,-2.24,-1.4,6.19,1.29,0.94,0.93,0,0.04,416.14,4.06,2826706.91,3.02
3168,"wikinews",991,184,155,835,-2.36,-1.54,6.87,1.29,0.93,0.93,0,0.03,516.43,4.64,3772301.43,3.62
3169,"wikinews",1515,311,113,1401,-2.15,-1.54,4.71,1.39,0.9,0.89,0,0.01,195.24,4.66,1047781.58,3.64
3170,"wikinews",3294,631,141,3153,-2.82,-1.88,8,1.6,0.96,0.95,0,0.01,650.8,6.55,4550006.62,5.51
3171,"wikinews",964,171,131,833,-2.08,-1.31,4.98,1.11,0.92,0.9,0,0.02,248.3,3.71,1467763.3,2.68
3172,"wikinews",2216,474,160,2056,-2.11,-1.43,5.13,1.33,0.93,0.93,0,0.03,273.29,4.18,1761394.04,3.17
3173,"wikinews",2305,430,135,2170,-2.53,-1.69,6.93,1.51,0.92,0.9,0,0.01,520.1,5.42,3591354.8,4.4
3174,"wikinews",1727,311,179,1548,-2.24,-1.55,5.25,1.32,0.94,0.94,0,0.03,228.74,4.71,1236344.15,3.66
3175,"wikinews",1492,268,142,1350,-2.1,-1.25,5.1,1.19,0.92,0.93,0,0.07,274.99,3.5,1507821.25,2.49
3176,"wikinews",1770,356,140,1630,-2.67,-1.84,7.04,1.46,0.97,0.96,0,0.01,593.41,6.3,4039995.66,5.13
3177,"wikinews",1182,229,115,1067,-2.03,-1.28,5.27,1.17,0.98,0.97,0,0.03,264.29,3.6,1479361.7,2.57
3178,"wikinews",7353,1572,129,7223,-2.59,-1.75,7.14,1.54,0.81,0.77,0,0.02,501.08,5.75,3353784.08,4.73
3179,"wikinews",1953,328,185,1768,-2.46,-1.55,6.49,1.37,0.96,0.94,0,0.01,480.83,4.71,3075849.07,3.64
3180,"wikinews",2067,429,164,1903,-2.64,-1.96,6.32,1.42,0.94,0.95,0,0.04,409.29,7.1,2753723.54,5.96
3181,"wikinews",2113,360,188,1925,-2.51,-1.94,5.46,1.6,0.94,0.93,0,0.02,325.62,6.96,1680624.69,5.88
3182,"wikinews",2384,438,151,2233,-2.51,-1.8,5.87,1.33,0.86,0.83,0,0.01,383.09,6.02,2473954.77,4.89
3183,"wikinews",1680,336,109,1571,-2.54,-1.74,6.38,1.4,0.96,0.95,0,0.02,461.73,5.67,3032297.43,4.64
3184,"wikinews",2571,478,137,2434,-2.62,-1.86,6.9,1.5,0.96,0.96,0,0.01,478.83,6.39,3134087.33,5.32
3185,"wikinews",1465,277,147,1318,-2.03,-1.25,5.44,1.1,0.94,0.95,0,0.04,326.76,3.49,2519868.14,2.47
3186,"wikinews",1010,184,91,918,-3.09,-2,10.4,1.63,0.97,0.97,0,0,956.73,7.39,6229941.23,6.39
3187,"wikinews",968,183,169,799,-2.06,-1.42,5.58,1.28,0.95,0.96,0,0.04,304.22,4.14,2073120.99,3.09
3188,"wikinews",985,164,170,815,-2.58,-1.92,6.29,1.54,0.95,0.94,0,0.01,465.2,6.8,3233186.76,5.67
3189,"wikinews",1155,205,140,1015,-2.56,-1.95,6.13,1.5,0.96,0.95,0,0.04,437.84,7.03,2727478.75,5.87
3190,"wikinews",2458,488,156,2302,-2.71,-1.88,6.78,1.49,0.92,0.9,0,0.02,460.01,6.55,2618195.82,5.39
3191,"wikinews",1895,351,182,1713,-2.5,-1.75,5.98,1.47,0.92,0.92,0,0.05,377.45,5.75,2161825.03,4.71
3192,"wikinews",1348,228,165,1183,-2.54,-2.05,6.16,1.65,0.97,0.96,0,0.01,357.37,7.77,1957541.03,6.7
3193,"wikinews",1389,235,134,1255,-2.38,-1.75,5.58,1.45,0.92,0.9,0,0.01,389.45,5.75,2736602.61,4.72
3194,"wikinews",2046,400,150,1895,-2.24,-1.44,5.96,1.28,0.94,0.94,0,0.03,416.41,4.2,3043600.97,3.17
3195,"wikinews",3666,791,139,3526,-2.5,-1.65,6.69,1.52,0.9,0.89,0,0.03,488.6,5.21,3350499.62,4.2
3196,"wikinews",1019,169,185,834,-2.49,-1.78,5.81,1.36,0.98,0.99,0,0.01,408.95,5.93,2427170.44,4.85
3197,"wikinews",1558,287,139,1419,-2.65,-1.94,6.92,1.6,0.96,0.95,0,0.02,501.56,6.96,3332355.97,5.92
3198,"wikinews",1512,267,175,1337,-2.53,-1.66,6.67,1.38,0.91,0.9,0,0.02,483.14,5.26,3251948.61,4.2
3199,"wikinews",1583,276,147,1436,-2.73,-2.05,7.33,1.65,0.93,0.91,0,0.03,522.1,7.76,3042603.72,6.65
3200,"wikinews",3078,583,156,2922,-2.5,-1.73,5.98,1.4,0.94,0.95,0,0.02,410.86,5.64,2661022.79,4.61
3201,"wikinews",3298,661,156,3142,-2.67,-1.99,6.78,1.6,0.92,0.93,0,0.04,497.77,7.32,3417765.28,6.2
3202,"wikinews",2687,549,115,2571,-2.4,-1.5,7.27,1.31,0.94,0.91,0,0.01,523.4,4.48,3853550.09,3.46
3203,"wikinews",2654,480,171,2483,-2.58,-1.91,6.62,1.58,0.92,0.92,0,0.03,407.72,6.76,2704606.4,5.71
3204,"wikinews",4088,760,171,3917,-2.41,-1.67,5.64,1.32,0.91,0.9,0,0.03,338.14,5.31,2027250.96,4.18
3205,"wikinews",698,130,130,567,-1.93,-1.01,5.55,0.97,0.98,0.98,0,0.01,388.75,2.75,2528672.61,1.74
3206,"wikinews",2711,537,162,2549,-2.69,-1.85,7.69,1.55,0.89,0.89,0,0.02,597.42,6.36,4117725.26,5.27
3207,"wikinews",1232,224,167,1065,-2.31,-1.47,6.36,1.35,0.98,1,0,0,382.75,4.35,2259197.8,3.32
3208,"wikinews",997,165,155,842,-2.7,-1.83,7.16,1.55,0.97,0.96,0,0.01,591.03,6.23,4131778.97,5.15
3209,"wikinews",1068,188,166,902,-2.47,-1.78,6.07,1.44,0.94,0.95,0,0.04,423.39,5.96,2602414.64,4.88
3210,"wikinews",1699,308,164,1535,-2.85,-1.94,7.37,1.52,0.9,0.87,0,0.05,602.19,6.96,4223132.31,5.92
3211,"wikinews",1498,274,156,1341,-2.02,-1.27,4.91,1.09,0.88,0.87,0,0.05,272.98,3.56,1581585.11,2.53
3212,"wikinews",1436,249,198,1237,-2.33,-1.39,6.14,1.18,0.93,0.95,0,0.05,469.75,4.01,3522259.64,2.97
3213,"wikinews",1338,247,157,1181,-2.78,-2.08,6.7,1.56,0.97,0.98,0,0.02,540.24,8,3981862.61,6.88
3214,"wikinews",1124,215,135,989,-2.19,-1.58,5.66,1.4,0.95,0.95,0,0.03,315.23,4.85,2113683.31,3.85
3215,"wikinews",2395,483,153,2242,-2.63,-1.92,6.84,1.56,0.93,0.92,0,0.01,487.6,6.82,3443835.78,5.81
3216,"wikinews",2045,430,144,1901,-2.43,-1.58,6.63,1.31,0.97,0.97,0,0.01,411.02,4.83,2808098.02,3.79
3217,"wikinews",2112,421,134,1978,-2.86,-2.02,8.09,1.65,0.97,0.96,0,0.01,678.55,7.54,4848480.58,6.52
3218,"wikinews",2866,588,153,2713,-2.34,-1.69,5.2,1.36,0.93,0.93,0,0.02,288.97,5.42,1754021.89,4.37
3219,"wikinews",3084,580,142,2942,-2.59,-1.96,6.14,1.58,0.85,0.83,0,0.03,400.41,7.1,2601327.53,6.01
3220,"wikinews",5620,1094,162,5458,-2.45,-1.7,5.69,1.39,0.87,0.85,0,0.05,363.75,5.47,2123057.39,4.4
3221,"wikinews",1133,202,143,990,-2.44,-1.87,6.42,1.52,0.99,1,0,0.01,270.43,6.48,1593486.74,5.45
3222,"wikinews",2256,454,169,2086,-2.4,-1.66,5.75,1.25,0.92,0.92,0,0.03,385.99,5.26,2369286.74,4.06
3223,"wikinews",2276,470,160,2116,-2.86,-1.99,7.28,1.71,0.98,0.97,0,0.01,520.91,7.32,2997869.87,6.29
3224,"wikinews",2066,390,151,1915,-2.43,-1.67,6.08,1.44,0.93,0.92,0,0.01,445.73,5.31,2692016.44,4.27
3225,"wikinews",1000,179,157,843,-2.78,-2.3,6.41,1.8,0.96,0.97,0,0.03,522.69,9.97,3604782.01,8.88
3226,"wikinews",1726,307,150,1576,-2.86,-2.13,7.54,1.62,0.94,0.98,0,0.02,606.14,8.41,3963493.89,7.3
3227,"wikinews",1195,220,162,1033,-2.45,-1.6,6.71,1.34,0.95,0.93,0,0.01,522.88,4.97,3672832.73,3.92
3228,"wikinews",1768,323,139,1629,-2.39,-1.81,4.85,1.53,0.98,0.99,0,0.01,196.29,6.11,799528.05,5.02
3229,"wikinews",2798,520,161,2637,-2.27,-1.4,5.82,1.25,0.92,0.92,0,0.04,392.62,4.04,2487151.44,3.01
3230,"wikinews",1591,287,182,1408,-2.22,-1.41,6.08,1.28,0.92,0.91,0,0.01,405.3,4.1,2466130.37,3.09
3231,"wikinews",1398,251,175,1223,-2.31,-1.34,6.51,1.24,0.92,0.92,0,0.06,331.96,3.82,1939302.42,2.8
3232,"wikinews",1534,312,159,1375,-2.41,-1.91,5.36,1.51,0.94,0.93,0,0.02,321.16,6.76,2048452.75,5.67
3233,"wikinews",1243,262,126,1117,-2.03,-1.08,5.79,1.06,0.95,0.94,0,0.01,378.8,2.93,2844905.23,1.93
3234,"wikinews",1849,319,180,1669,-2.86,-2.13,6.65,1.57,0.92,0.91,0,0.01,489.63,8.41,2678595.12,7.29
3235,"wikinews",1079,199,165,913,-2.26,-1.51,5.6,1.23,0.95,0.94,0,0.01,329.2,4.53,2506659.63,3.41
3236,"wikinews",2420,427,177,2243,-2.34,-1.47,6.04,1.22,0.93,0.93,0,0.01,368.89,4.35,2250057.31,3.3
3237,"wikinews",879,156,129,750,-2.28,-1.14,6.88,1.01,0.95,0.93,0,0.02,571.98,3.13,3845114.39,2.09
3238,"wikinews",999,157,156,843,-2.69,-2.1,7.15,1.65,0.98,0.99,0,0.01,490.26,8.17,3464391.41,6.96
3239,"wikinews",1485,278,153,1332,-2.33,-1.62,6.34,1.31,0.97,0.96,0,0.01,449.81,5.05,3182363.79,3.97
3240,"wikinews",2902,519,196,2706,-2.7,-1.8,7.33,1.41,0.93,0.91,0,0.01,589.23,6.05,4255898.38,4.93
3241,"wikinews",1302,256,153,1148,-2.3,-1.73,4.74,1.24,0.95,0.96,0,0.04,293.91,5.64,1812702.66,4.44
3242,"wikinews",2042,389,155,1886,-2.36,-1.47,6.84,1.25,0.95,0.96,0,0.02,429.02,4.35,3090679.21,3.33
3243,"wikinews",1972,366,160,1812,-2.52,-1.66,5.98,1.33,0.98,0.98,0,0.02,362.52,5.26,2263161.53,4.21
3244,"wikinews",1181,220,186,995,-2.19,-1.34,6.48,1.29,0.93,0.92,0,0.03,488.28,3.8,3351157.1,2.8
3245,"wikinews",1638,277,153,1484,-2.37,-1.61,5.69,1.41,0.96,0.95,0,0.03,358.09,5,2484400.53,3.95
3246,"wikinews",2774,555,156,2617,-2.31,-1.63,5,1.31,0.91,0.89,0,0.03,273.25,5.1,1571320.63,3.98
3247,"wikinews",1409,273,145,1264,-2.49,-1.45,8.42,1.16,0.97,0.97,0,0.02,673.66,4.26,5113102.92,3.18
3248,"wikinews",1073,183,132,941,-2.68,-1.95,6.88,1.59,0.92,0.93,0,0.06,534.3,7.03,4067787.53,5.87
3249,"wikinews",2289,429,152,2136,-2.61,-1.89,6.82,1.45,0.96,0.96,0,0.01,537.9,6.62,3794615.97,5.5
3250,"wikinews",1789,323,150,1639,-2.54,-1.62,6.77,1.34,0.95,0.96,0,0.02,502.43,5.05,3763499.56,3.97
3251,"wikinews",8624,1650,159,8465,-2.71,-1.92,7.77,1.66,0.87,0.86,0,0.01,609,6.78,4308459.75,5.75
3252,"wikinews",1410,246,174,1236,-2.8,-2.16,6.31,1.37,0.95,0.94,0,0.01,552.76,8.72,3922227.08,7.34
3253,"wikinews",2031,330,190,1841,-2.66,-1.72,7.32,1.54,0.96,0.95,0,0.02,527.29,5.56,3406407.69,4.5
3254,"wikinews",1345,239,167,1177,-2.05,-1.3,4.64,1.03,0.92,0.91,0,0.02,230.44,3.67,1281655.11,2.59
3255,"wikinews",1525,233,193,1332,-2.52,-1.96,5.95,1.42,0.98,0.98,0,0.02,349.21,7.1,2310276.1,5.91
3256,"wikinews",4262,884,149,4113,-2.33,-1.48,6.8,1.29,0.89,0.91,0,0.06,458.6,4.37,3239211.35,3.34
3257,"wikinews",1588,287,161,1427,-2.33,-1.47,6.37,1.39,0.94,0.92,0,0.01,398.3,4.35,2802233.73,3.33
3258,"wikinews",1836,341,140,1696,-2.51,-1.64,6.15,1.36,0.93,0.93,0,0.03,399.68,5.16,2606007.39,4.09
3259,"wikinews",1909,340,170,1739,-2.98,-1.92,8.98,1.57,0.97,0.97,0,0.02,847.31,6.82,6006625.25,5.74
3260,"wikinews",1620,316,139,1481,-2.27,-1.4,6.14,1.23,0.91,0.91,0,0.01,373.44,4.04,2448471.36,3
3261,"wikinews",1848,329,155,1692,-2.29,-1.62,5.44,1.28,0.94,0.93,0,0.02,349.09,5.05,2336562.42,3.91
3262,"wikinews",1087,193,162,925,-2.25,-1.53,5.48,1.36,0.97,0.98,0,0.02,299.66,4.62,1652865.99,3.62
3263,"wikinews",1843,320,134,1709,-2.36,-1.54,6.01,1.3,0.96,0.95,0,0.01,391.34,4.64,2604070.65,3.58
3264,"wikinews",1077,167,178,898,-2.21,-1.5,5.24,1.26,0.96,0.97,0,0.03,235.19,4.48,1176581.3,3.44
3265,"wikinews",2457,436,197,2260,-2.24,-1.67,4.5,1.24,0.91,0.89,0,0.03,197.59,5.34,1206683.45,4.2
3266,"wikinews",1072,180,159,913,-2.73,-2.04,7.77,1.49,0.96,0.97,0,0.02,567.18,7.73,4345845.73,6.63
3267,"wikinews",1965,418,159,1806,-2.07,-1.27,5.5,1.24,0.94,0.94,0,0.03,297.88,3.56,2081043.73,2.56
3268,"wikinews",1166,177,198,968,-2.12,-1.6,3.9,1.23,0.95,0.94,0,0.01,175.74,4.95,1179704.46,3.7
3269,"wikinews",1652,344,158,1494,-2.12,-1.4,5.09,1.28,0.95,0.94,0,0.03,241.46,4.04,1445463.8,3.02
3270,"wikinews",1495,261,166,1329,-2.41,-1.54,6.29,1.37,0.95,0.96,0,0.04,442.52,4.66,2951608.54,3.63
3271,"wikinews",1281,252,151,1130,-2.07,-1.12,6.65,1.1,0.95,0.94,0,0.03,478.18,3.06,3562826.41,2.06
3272,"wikinews",1027,168,160,867,-2.08,-1.34,5.2,1.09,0.95,0.97,0,0.03,305.56,3.8,2103627.32,2.71
3273,"wikinews",1849,342,157,1691,-2.29,-1.32,6.28,1.23,0.97,0.95,0,0.01,404.3,3.74,2269494.05,2.74
3274,"wikinews",1921,317,190,1731,-2.8,-2.15,6.52,1.6,0.97,0.97,0,0,460.9,8.58,2664412.18,7.24
3275,"wikinews",1158,214,113,1045,-2.32,-1.66,5.76,1.27,0.97,0.97,0,0.01,334.19,5.28,2578360.97,4.24
3276,"wikinews",2822,556,139,2683,-2.31,-1.58,5.9,1.21,0.87,0.86,0,0.01,356.93,4.83,2467799.87,3.65
3277,"wikinews",1855,353,156,1698,-2.38,-1.75,5.48,1.42,0.94,0.92,0,0.04,326.16,5.75,2188758.12,4.66
3278,"wikinews",2308,391,200,2108,-2.43,-1.61,5.97,1.21,0.92,0.91,0,0.04,386.13,5,3027192.43,3.92
3279,"wikinews",1227,213,160,1067,-2.24,-1.49,5.57,1.22,0.95,0.93,0,0.01,338.13,4.44,2127957.99,3.36
3280,"wikinews",2234,394,158,2076,-2.09,-1.45,5.08,1.12,0.9,0.86,0,0.01,274.84,4.26,1716872.14,3.17
3281,"wikinews",1398,267,126,1272,-2.42,-1.57,6.74,1.44,0.93,0.91,0,0.02,399.63,4.81,2725716.8,3.8
3282,"wikinews",1743,354,147,1596,-2.38,-1.63,5.92,1.38,0.95,0.94,0,0.03,385.86,5.13,2639840.08,4.1
3283,"wikinews",1705,324,127,1578,-2.25,-1.32,6.71,1.23,0.88,0.84,0.01,0.03,366.55,3.74,2342189.16,2.73
3284,"wikinews",1845,357,146,1699,-2.34,-1.63,5.13,1.34,0.96,0.95,0,0.01,269.8,5.1,1603795.84,3.97
3285,"wikinews",5616,1087,148,5468,-2.21,-1.25,6.5,1.2,0.82,0.8,0,0.01,448.38,3.49,3142733.73,2.48
3286,"wikinews",1564,274,152,1412,-2.52,-1.67,6.75,1.33,0.98,0.97,0,0,468.91,5.32,3451561.67,4.21
3287,"wikinews",3868,710,162,3706,-2.05,-1.36,4.93,1.2,0.87,0.87,0.01,0.09,267.26,3.9,1845132.33,2.84
3288,"wikinews",1987,359,144,1842,-2.05,-1.21,5.33,1.19,0.89,0.84,0.01,0.02,299.72,3.35,1924587.29,2.35
3289,"wikinews",4472,823,181,4291,-2.52,-1.63,6.87,1.37,0.89,0.87,0,0.01,520.81,5.1,3643337.06,4.05
3290,"wikinews",1872,352,172,1700,-2.01,-1.24,5.35,1.15,0.92,0.91,0,0.06,338.06,3.46,2256515.97,2.45
3291,"wikinews",1213,204,178,1035,-1.94,-1.32,4.46,1.12,0.94,0.98,0,0.02,226.6,3.72,1294555.28,2.71
3292,"wikinews",2701,512,202,2499,-2.13,-1.48,4.58,1.27,0.91,0.93,0,0.05,228.69,4.42,1295238.34,3.4
3293,"wikinews",1736,327,150,1586,-2.52,-1.79,5.39,1.23,0.97,0.97,0,0.01,401.96,5.99,2710387.75,4.77
3294,"wikinews",1251,201,195,1056,-2.43,-1.76,5.71,1.41,0.99,1,0,0,371.87,5.81,2429236.86,4.73
3295,"wikinews",2013,365,156,1856,-2.42,-1.65,6.07,1.41,0.96,0.96,0,0.01,407.62,5.21,2662660.27,4.15
3296,"wikinews",1204,194,182,1021,-2.53,-1.62,6.27,1.42,0.98,0.98,0,0.02,418.63,5.06,2364791.75,4.03
3297,"wikinews",944,155,168,776,-2.57,-1.68,6.93,1.55,0.98,0.98,0,0.01,487.28,5.37,3195992.71,4.33
3298,"wikinews",2861,559,180,2680,-2.4,-1.85,4.98,1.42,0.92,0.89,0,0.02,260.9,6.36,1410817.49,5.22
3299,"wikinews",1257,248,129,1128,-2.35,-1.65,5.87,1.35,0.93,0.91,0,0.01,392.83,5.21,2667926.55,4.17
3300,"wikinews",1787,370,146,1641,-2.35,-1.5,6.81,1.45,0.95,0.95,0,0.01,483.85,4.51,3526172.67,3.51
3301,"wikinews",2443,456,169,2274,-2.78,-1.85,8.11,1.65,0.92,0.91,0,0.02,687.26,6.36,4951126.8,5.34
3302,"wikinews",1836,307,180,1656,-2.42,-1.65,6.33,1.38,0.9,0.87,0.01,0.06,379.32,5.21,2388701.28,4.16
3303,"wikinews",2314,523,92,2221,-2.63,-1.65,7.6,1.43,0.93,0.92,0,0.02,568.95,5.21,3864113.72,4.18
3304,"wikinews",2567,519,128,2438,-1.95,-1.29,4.69,1.2,0.9,0.87,0,0.03,209.48,3.63,1217756.59,2.62
3305,"wikinews",1095,193,177,918,-2.36,-1.64,6.35,1.28,0.95,0.95,0,0.02,433.5,5.16,3223042.01,4.12
3306,"wikinews",4064,795,183,3880,-2.47,-1.92,5.91,1.54,0.91,0.91,0,0.01,381.23,6.82,2614166.26,5.74
3307,"wikinews",1557,273,161,1396,-2.35,-1.71,5.39,1.51,0.97,0.98,0,0.01,245.07,5.53,1004426.72,4.51
3308,"wikinews",1658,304,186,1472,-1.95,-1,5.23,0.98,0.94,0.93,0,0.04,269.51,2.7,1650435.65,1.71
3309,"wikinews",2264,429,181,2083,-2.5,-1.67,6.33,1.51,0.91,0.9,0,0.02,407.69,5.31,2574888.64,4.3
3310,"wikinews",2866,550,175,2691,-2.23,-1.44,5.85,1.31,0.92,0.9,0,0.01,356.23,4.2,2317405.06,3.16
3311,"wikinews",1392,262,133,1258,-2.33,-1.54,6.04,1.3,0.96,0.95,0,0.01,375.79,4.66,2639383.46,3.59
3312,"wikinews",1383,239,167,1216,-2.49,-2.04,5.49,1.63,0.94,0.94,0,0.01,338.43,7.69,2104689.15,6.58
3313,"wikinews",1767,288,172,1595,-2.5,-1.84,5.87,1.28,0.98,0.98,0,0.02,411.99,6.26,2927987.57,5.06
3314,"wikinews",1579,312,107,1471,-2.31,-1.66,5.29,1.35,0.96,0.94,0,0.02,346.04,5.28,2231141.41,4.21
3315,"book",793,145,126,666,-3.98,-2.99,11.32,2.47,0.99,0.98,0,0.01,1368.63,19.89,8394367.67,18.78
3316,"book",1057,210,140,917,-3.41,-2.49,10.29,1.77,0.97,0.97,0,0.01,1272.52,12,9592141.32,10.9
3317,"book",1371,260,131,1240,-3.77,-2.88,10.84,2.21,0.96,0.96,0,0.01,1248.88,17.81,8736405.26,16.68
3318,"book",1452,281,158,1294,-3.51,-2.85,9.12,2.12,0.97,0.95,0,0.01,1000.85,17.29,6667556.34,16.13
3319,"book",759,146,134,625,-3.64,-2.88,9.51,2.31,0.99,1,0,0,965.56,17.81,5462284.82,16.77
3320,"book",923,160,152,770,-3.78,-2.82,11.6,2.05,0.99,0.99,0,0.01,1302.53,16.7,9371301.63,15.38
3321,"book",840,169,122,717,-3.62,-3.04,8.47,1.95,0.97,0.96,0,0.02,806,20.91,5150279.74,19.72
3322,"book",939,159,166,773,-3.51,-2.68,9.81,2.1,1,1,0,0,953.35,14.59,6281875.16,13.32
3323,"book",773,132,191,581,-3.7,-3.38,9.51,2.27,0.99,0.98,0,0.01,897.54,29.42,5458946.08,28.19
3324,"book",1100,206,142,958,-3.55,-2.94,9.16,1.83,0.98,0.97,0,0.02,966.5,18.94,6621705.74,17.56
3325,"book",904,178,157,747,-3.76,-3,10.96,2.38,0.99,1,0,0,1148.2,20.09,7524590.72,18.96
3326,"book",2056,409,165,1891,-3.46,-2.38,10.73,1.93,0.91,0.89,0,0,997.56,10.8,6867416.41,9.73
3327,"book",1269,256,143,1126,-3.24,-2.49,7.71,1.66,0.99,0.99,0,0.01,749.45,12,4695543.12,10.77
3328,"book",877,175,144,732,-3.27,-2.92,7.58,1.81,0.98,1,0,0,623.94,18.54,4218980.33,17.45
3329,"book",862,166,135,727,-3.28,-2.39,8.99,1.84,0.99,1,0,0,961.89,10.91,6537169.98,9.88
3330,"book",953,182,149,804,-3.82,-3.31,10.95,2.25,0.99,1,0,0,1050.76,27.39,7241819.64,26.25
3331,"book",909,170,136,773,-4.02,-3.28,11.46,2.16,0.96,0.95,0,0.02,1504.65,26.44,10627426.03,25.01
3332,"book",1512,315,152,1360,-3.42,-2.73,8.56,2.07,0.96,0.95,0,0.01,843.99,15.33,5920005.21,14.07
3333,"book",793,145,126,666,-3.98,-2.99,11.32,2.47,0.99,0.98,0,0.01,1368.63,19.89,8394367.67,18.78
3334,"book",951,183,123,828,-3.34,-2.27,9.45,1.85,0.99,0.99,0,0.01,1020.57,9.68,7056371.05,8.49
3335,"book",1112,241,144,968,-2.97,-2.25,8.48,1.71,0.96,0.96,0,0.02,655.6,9.49,4516552.16,8.4
3336,"book",1086,193,150,936,-3.53,-2.78,10.4,2.09,0.96,0.94,0,0.02,1066.72,16.12,6976459.7,14.92
3337,"book",760,142,146,614,-3.77,-3.04,9.77,1.91,0.99,1,0,0,1070.4,20.8,7001860.41,19.52
3338,"book",1253,244,170,1083,-3.85,-2.97,10.56,2.02,0.97,0.95,0,0.01,1392.9,19.5,10052320.99,18.11
3339,"book",810,134,156,654,-4.26,-3.42,12.45,2.63,0.98,0.99,0,0.01,1899.18,30.74,12455938.46,29.61
3340,"book",1375,272,131,1244,-3.72,-2.89,9.22,1.94,0.98,0.98,0,0.01,1045.85,17.99,7057409.75,16.67
3341,"book",717,123,166,551,-4.1,-3.43,10.67,2.15,0.99,0.99,0,0.01,1502.69,30.88,10804661,29.56
3342,"book",1014,193,159,855,-3.7,-2.71,9.83,1.87,0.98,0.97,0,0,1281.71,15.03,8321338.21,13.76
3343,"book",913,165,170,743,-3.84,-2.84,10.15,2.05,0.99,0.99,0,0.01,1284.61,17.12,8178465.84,15.82
3344,"book",837,151,147,690,-3.01,-2.41,6.55,1.59,0.99,1,0,0,555.26,11.13,3575254.93,9.75
3345,"book",1239,243,127,1112,-3.51,-2.96,8.16,1.82,0.97,0.97,0,0.01,848.4,19.3,5468412.85,18.05
3346,"book",795,144,154,641,-3.98,-3.14,11.82,2.33,1,1,0,0,1363.65,23.22,9351928.07,22.09
3347,"book",1292,233,145,1147,-3.34,-2.47,10.22,2.11,0.97,0.96,0,0.01,956.32,11.82,6961796.4,10.77
3348,"book",1498,299,143,1355,-3.54,-2.51,10.37,1.94,0.93,0.92,0,0.01,1260.94,12.3,8862198.56,11.13
3349,"book",716,131,128,588,-3.74,-2.69,10.64,2.1,0.98,0.99,0,0.01,1313.94,14.73,9580747.5,13.45
3350,"book",1122,262,121,1001,-3.64,-2.87,9.33,1.93,0.89,0.9,0,0.07,989.82,17.64,6735423.78,16.45
3351,"book",785,142,147,638,-3.46,-2.61,9.57,1.99,0.99,0.99,0,0.01,1007.58,13.62,7082053.75,12.25
3352,"book",1010,190,143,867,-2.33,-1.52,5.45,1.22,0.98,0.98,0,0.01,334.64,4.55,1755232.74,3.5
3353,"book",841,143,149,692,-3,-2.33,7.22,1.49,0.97,0.96,0,0.01,566.03,10.28,3421511.88,9.02
3354,"book",1352,251,160,1192,-2.48,-1.85,5.76,1.44,0.93,0.93,0,0.04,394.54,6.36,2777321.15,5.17
3355,"book",871,154,136,734,-2.76,-1.84,7.66,1.49,0.98,0.98,0,0.02,610.48,6.28,4145657.9,5.18
3356,"book",714,122,149,565,-2.28,-1.32,5.21,1.16,0.99,0.99,0,0.01,206.22,3.74,953902.45,2.71
3357,"book",906,176,166,740,-2.35,-1.46,5.66,1.3,0.97,0.97,0,0.02,363.47,4.33,2369171.11,3.29
3358,"book",659,130,123,536,-2.4,-1.76,5.27,1.35,0.98,0.99,0,0.01,285.14,5.78,1674253.15,4.75
3359,"book",721,132,116,605,-2.45,-1.66,5.82,1.31,0.96,0.97,0,0.03,296.35,5.26,1700647.26,4.14
3360,"book",827,156,137,690,-2.46,-1.68,6.61,1.46,0.98,0.99,0,0.01,423.87,5.39,3169981.74,4.38
3361,"book",738,149,123,615,-1.9,-1,5.38,0.96,0.96,0.96,0,0.02,298.71,2.72,1510329.1,1.7
3362,"book",707,131,130,577,-2.64,-1.97,6.07,1.48,0.99,0.98,0,0.01,356.84,7.17,1698599.22,6.08
3363,"book",706,130,140,566,-3.2,-2.54,8.22,1.72,0.99,1,0,0,813.57,12.68,5641641.24,11.28
3364,"book",793,142,142,651,-2.55,-2.01,5.25,1.45,0.91,0.91,0,0.04,329.09,7.46,1625708.04,6.23
3365,"book",751,129,133,618,-2.58,-1.87,6.45,1.34,0.93,0.98,0.01,0.02,525.35,6.49,3575057.39,5.33
3366,"book",783,144,134,648,-2.29,-1.48,5.25,1.33,0.98,0.98,0,0.02,316,4.37,1977066.94,3.36
3367,"book",686,132,139,547,-2.33,-1.78,4.75,1.51,0.98,0.98,0,0.01,198.66,5.93,887717.81,4.8
3368,"book",748,128,143,605,-2.64,-1.79,5.53,1.31,0.96,0.96,0,0.01,411.58,5.99,2836660.31,4.75
3369,"book",739,127,146,593,-2.65,-1.84,6.39,1.37,0.99,0.99,0,0.01,447.73,6.3,2326230.76,4.96
3370,"book",847,166,131,716,-2.27,-1.52,6.09,1.27,0.95,0.94,0,0.02,352.71,4.58,2075681.64,3.53
3371,"book",805,149,127,678,-2.49,-1.93,5.08,1.45,0.97,0.96,0,0.01,322.11,6.89,1809706.23,5.87
3372,"book",727,128,139,588,-2.44,-1.67,5.08,1.38,0.98,0.98,0,0.03,177.59,5.32,292079.01,4.3
3373,"book",723,120,143,580,-2.65,-2.15,5.82,1.68,0.97,0.98,0,0.02,436.72,8.59,2846959.77,7.46
3374,"book",783,144,137,646,-2.55,-1.88,5.74,1.52,0.97,0.96,0,0.01,326.19,6.6,1721750.4,5.52
3375,"book",843,154,144,699,-2.81,-2.1,6.22,1.69,0.97,0.97,0,0.02,395.43,8.2,1836444.68,7.11
3376,"book",821,169,118,702,-2.79,-1.77,8.72,1.49,0.97,0.98,0,0.02,628.11,5.87,4480819.56,4.85
3377,"book",895,157,151,744,-2.41,-1.78,5.86,1.41,0.95,0.96,0,0.01,432.86,5.93,2737035.58,4.77
3378,"book",780,128,159,621,-2.83,-1.92,7.12,1.36,0.98,0.98,0,0.01,643.7,6.82,4866308.65,5.75
3379,"book",717,133,145,571,-2.69,-1.97,6.99,1.75,0.97,0.97,0,0.03,478,7.17,3065592.1,6.09
3380,"book",831,144,154,677,-2.7,-2.12,6.04,1.39,0.99,1,0,0,496.21,8.33,3152206.56,6.99
3381,"book",829,151,156,673,-2.66,-1.71,8.14,1.43,0.98,0.98,0,0.01,628.84,5.53,4846423.86,4.51
3382,"book",876,149,159,716,-2.59,-1.68,6.22,1.38,0.96,0.96,0,0.03,473.62,5.37,2882709.39,4.25
3383,"book",775,142,138,637,-2.84,-1.79,9.26,1.54,0.98,0.98,0,0.01,790.95,6,6045570.79,4.98
3384,"book",803,140,131,671,-2.71,-2.1,5.48,1.37,0.96,0.96,0,0.02,375.49,8.17,2314267.47,6.83
3385,"book",729,129,131,598,-2.65,-1.7,8.03,1.46,0.98,1,0,0,564.8,5.47,3255753.82,4.43
3386,"book",788,138,146,642,-2.79,-2.17,7.13,1.85,0.98,0.98,0,0.01,615.43,8.76,4028323.26,7.69
3387,"book",949,179,149,800,-2.47,-1.73,5.58,1.41,0.95,0.97,0,0.02,337.85,5.64,1879129.38,4.56
3388,"book",714,135,125,589,-2.63,-2.06,5.86,1.39,0.95,0.94,0,0.01,478.35,7.85,2718534.91,6.59
3389,"book",694,133,120,574,-2.46,-1.66,5.59,1.2,0.98,0.98,0,0.01,359.56,5.26,1902598.91,3.91
3390,"book",704,133,138,565,-2.45,-1.65,6.18,1.23,0.93,0.91,0,0.01,418.71,5.21,3176967.75,4.09
3391,"book",958,165,151,807,-2.57,-1.85,6.11,1.42,0.94,0.91,0,0.01,328.28,6.36,1553622.82,5.23
3392,"book",1347,276,153,1194,-2.38,-1.69,6.58,1.39,0.94,0.93,0,0.01,459.37,5.42,3314279.49,4.31
3393,"book",859,137,160,699,-3.52,-2.29,10.18,1.92,0.99,1,0,0,1059.22,9.87,7186114.96,8.68
3394,"book",1158,232,144,1014,-2.89,-2.12,6.99,1.65,0.96,0.97,0,0.03,448.48,8.29,2412681.37,7.26
3395,"book",774,156,144,630,-2.9,-1.98,8.48,1.77,0.98,0.97,0,0.02,667.51,7.32,4487847.63,6.29
3396,"book",764,134,163,600,-2.35,-1.99,4.57,1.5,0.94,0.92,0,0.03,179.73,7.32,442785.41,6.23
3397,"book",824,140,149,675,-2.58,-1.72,6.83,1.46,1,1,0,0,546.27,5.56,3991126.98,4.55
3398,"book",807,145,132,674,-3.34,-2.49,7.82,2.04,0.98,0.97,0,0.01,777.15,12.06,4749261.26,11.04
3399,"book",734,125,155,578,-3.04,-2.27,7.71,1.84,0.97,0.96,0,0.01,638.94,9.68,4347300.49,8.67
3400,"book",860,141,171,689,-2.81,-2.16,7.33,1.78,0.97,0.97,0,0.01,523.81,8.67,2980972.48,7.52
3401,"book",1647,342,139,1508,-3.24,-2.29,8.31,2.03,0.89,0.89,0,0.01,678.47,9.87,3839060.84,8.86
3402,"book",883,146,173,710,-3.2,-2.17,9.87,1.65,1,1,0,0,1079.29,8.76,8097887.69,7.76
3403,"book",835,134,159,676,-3.24,-2.38,9.4,1.77,1,1,0,0,793.2,10.84,5141827.39,9.77
3404,"book",765,131,171,594,-3.13,-1.75,11.25,1.4,0.99,1,0,0,1191.28,5.75,8850096.32,4.7
3405,"book",759,121,140,619,-3.41,-3.06,7.09,1.96,0.92,0.92,0,0.02,681.98,21.33,4054908.25,19.81
3406,"book",870,171,117,753,-2.72,-1.65,8.47,1.6,0.97,0.97,0,0.03,662.82,5.21,4634861.72,4.21
3407,"book",1332,191,186,1145,-2.73,-2.26,5.41,1.66,1,1,0,0,375.33,9.58,2437798.97,8.43
3408,"book",1435,206,194,1241,-2.88,-2.36,5.7,1.6,0.94,0.93,0,0.03,394.07,10.54,2550692.82,9.5
3409,"book",1860,272,191,1669,-2.54,-1.84,6.34,1.44,0.96,0.96,0,0.02,474.1,6.33,3273883.01,5.23
3410,"book",925,131,183,741,-2.54,-1.52,6.8,1.42,0.95,0.95,0,0.05,523.63,4.57,3930416.51,3.57
3411,"book",1437,213,174,1263,-2.88,-2.39,7.13,1.87,0.96,0.95,0,0.02,500.52,10.91,3164249.99,9.68
3412,"book",1628,230,185,1443,-2.87,-2.16,6.79,1.74,0.97,0.96,0,0.02,585.43,8.68,3945398.84,7.61
3413,"book",867,151,142,725,-3.38,-2.52,8.23,1.75,0.98,0.98,0,0.01,865.23,12.43,5203178.87,11.24
3414,"book",763,127,163,600,-3.4,-2.6,7.92,1.91,0.97,0.97,0,0.03,806.39,13.46,5225219.89,12.23
3415,"book",777,143,136,641,-2.55,-1.78,5.66,1.58,0.92,1,0.01,0,377.64,5.93,2441571.13,4.92
3416,"book",991,184,144,847,-2.88,-1.91,8.29,1.65,0.96,0.96,0,0.01,576.09,6.76,3828644.04,5.74
3417,"book",789,131,168,621,-3.02,-2.18,7.36,1.62,0.99,1,0,0,616.14,8.85,3334568.21,7.46
3418,"book",794,143,138,656,-2.84,-1.98,6.76,1.23,0.98,0.98,0,0.02,681.42,7.24,4803105.13,5.88
3419,"book",1027,180,160,867,-2.86,-1.89,7.07,1.41,0.93,0.92,0,0.02,606.16,6.62,3525285.93,5.45
3420,"book",768,144,128,640,-2.87,-1.92,7.36,1.42,0.97,0.98,0,0.02,604.6,6.87,3487981.43,5.71
3421,"book",791,159,125,666,-3.23,-2.4,7.82,1.69,0.97,0.96,0,0.03,772.39,11.02,5104892.26,9.68
3422,"book",1366,276,137,1229,-2.48,-1.53,6.63,1.31,0.98,0.97,0,0.02,450.82,4.62,2503616.79,3.54
3423,"book",963,175,149,814,-3.01,-2.31,6.82,1.55,0.97,0.97,0,0.02,503.69,10.07,2989987.37,8.47
3424,"book",747,132,130,616,-3.15,-2.34,8.09,1.68,0.98,0.98,0,0.01,590.59,10.46,4011433.3,9.25
3425,"book",904,164,139,765,-2.72,-2.05,6.24,1.5,0.97,0.98,0,0.02,476.7,7.77,3071474.86,6.62
3426,"book",1003,173,146,856,-2.91,-2.14,9.41,1.84,0.96,1,0,0,916.61,8.5,6806822.19,7.43
3427,"book",789,134,144,645,-2.96,-1.98,8.66,1.82,0.97,0.97,0,0.03,676.88,7.24,4320784.88,6.23
3428,"book",780,122,147,633,-3.35,-2.44,8.99,1.82,0.99,0.99,0,0.01,929.31,11.42,6846528.94,10.31
3429,"book",868,140,166,702,-3.27,-2.74,8.78,2.1,0.97,0.97,0,0.03,860.18,15.65,6710600.23,14.46
3430,"book",844,159,153,691,-2.98,-2.2,7.33,1.63,0.99,1,0,0,633.18,9.03,3670787.36,7.81
3431,"book",786,138,132,654,-2.82,-1.98,6.65,1.66,0.96,0.98,0,0.02,455.7,7.28,2655529.6,6.14
3432,"book",752,136,156,596,-2.49,-1.52,6.32,1.3,0.99,0.99,0,0.01,523.21,4.57,3462367.36,3.54
3433,"book",881,160,144,737,-2.52,-1.61,6.68,1.36,0.98,0.98,0,0.01,572.96,5,4380964.41,3.92
3434,"book",826,158,149,677,-2.68,-2.28,6.14,1.58,0.98,0.98,0,0.02,396.74,9.77,2730353.68,8.22
3435,"book",2057,385,154,1903,-2.57,-1.89,5.88,1.39,0.95,0.95,0,0.03,382.72,6.62,2294690.64,5.39
3436,"book",1414,254,152,1262,-2.92,-2.28,6.8,1.58,0.96,0.96,0,0.01,477.58,9.73,2758625.64,8.56
3437,"book",787,150,137,650,-2.85,-2.02,7.91,1.54,0.99,1,0,0,672.13,7.54,5124041,6.44
3438,"book",814,141,141,673,-3.07,-2.04,9.14,1.56,0.96,0.96,0,0.02,829.95,7.69,5845336.88,6.48
3439,"book",1037,195,141,896,-2.19,-1.16,5.93,1.09,0.93,0.92,0,0.05,355.95,3.19,2156950.98,2.17
3440,"book",750,125,158,592,-2.77,-1.89,7.55,1.65,0.96,1,0,0,569.45,6.62,3906541.9,5.53
3441,"book",767,129,138,629,-3.29,-2.15,9.46,1.72,0.99,1,0,0,1101.54,8.58,8033149.58,7.57
3442,"book",920,194,114,806,-2.49,-1.61,5.92,1.13,0.95,0.95,0,0.02,424.14,5,3066052.91,3.96
3443,"book",869,144,158,711,-3.14,-2.05,8.98,1.81,0.95,0.96,0,0.02,878.15,7.77,6017695.77,6.71
3444,"book",1368,261,148,1220,-2.95,-2.1,6.93,1.54,0.95,0.94,0,0.02,605.78,8.17,3897944.25,6.9
3445,"book",724,136,134,590,-2.62,-1.83,6.8,1.43,0.97,0.96,0,0.03,467.12,6.24,3059652.94,5.05
3446,"book",1007,179,162,845,-2.84,-1.96,7.51,1.67,0.96,0.95,0,0.01,656.61,7.1,4529165.66,6.06
3447,"book",660,125,129,531,-2.4,-1.74,5.3,1.27,0.96,0.98,0,0.02,383.97,5.7,2505462.36,4.47
3448,"book",1201,212,166,1035,-3.02,-2.28,7.88,1.72,0.96,0.96,0,0.02,535.4,9.78,3316213.9,8.63
3449,"book",827,135,156,671,-3.36,-2.49,8.24,2.03,0.98,0.98,0,0.01,847.78,12.06,6286270.83,10.93
3450,"book",787,121,165,622,-3.47,-2.94,7.56,2.06,1,1,0,0,696.05,18.92,3939454.34,17.58
3451,"book",956,176,146,809,-2.86,-1.82,7.6,1.51,0.96,0.96,0,0,720.08,6.17,5263045.71,5.08
3452,"book",1185,205,157,1028,-2.72,-1.87,6.92,1.48,0.97,0.97,0,0.01,476.72,6.49,3313558.25,5.4
3453,"book",761,146,138,623,-2.72,-1.65,6.96,1.19,0.98,0.99,0,0.01,555.84,5.24,3791890.57,4.16
3454,"book",840,149,148,692,-2.87,-2.19,6.65,1.58,0.98,0.97,0,0.01,500.34,8.94,2729567.07,7.72
3455,"book",805,151,149,656,-2.6,-1.96,6.84,1.39,0.98,0.98,0,0.01,526.18,7.1,4120021.51,5.93
3456,"book",859,133,182,677,-2.53,-2,6.03,1.45,0.99,1,0,0,458.82,7.39,3050412.37,6.28
3457,"book",876,161,155,721,-2.54,-1.5,6.97,1.25,0.99,0.99,0,0.01,496.46,4.48,3343461.2,3.33
3458,"book",805,139,143,662,-2.9,-1.88,8.29,1.54,0.97,0.96,0,0.01,678.24,6.55,5035473.13,5.5
3459,"book",917,165,162,755,-3.08,-1.98,9.53,1.56,0.98,0.97,0,0.01,826.51,7.24,5797174.43,6.19
3460,"book",761,145,142,619,-3.13,-1.94,9.4,1.5,0.97,0.97,0,0.02,886.03,6.96,6392687.02,5.76
3461,"book",763,157,129,634,-2.47,-1.69,5.99,1.06,0.89,0.85,0.01,0.06,445.09,5.42,2981678.83,4.3
3462,"book",731,136,137,594,-2.97,-2.16,8.55,1.58,0.97,0.97,0,0.03,867.68,8.68,6510149.75,7.56
3463,"book",938,162,158,780,-2.75,-1.89,7.56,1.54,0.95,0.93,0,0.03,588.43,6.62,3895288.07,5.55
3464,"book",1126,198,143,982,-3.12,-2.51,7.08,1.74,0.97,0.97,0,0.02,582.75,12.3,4232779.82,11.05
3465,"book",1008,188,127,881,-3.18,-2.34,8.13,1.77,0.94,0.94,0,0.04,809.3,10.38,6022875.1,9.22
3466,"book",803,148,140,663,-2.72,-2.15,6.1,1.66,0.98,0.98,0,0.01,474.22,8.59,3424044.08,7.44
3467,"book",751,127,144,607,-2.87,-2.07,7.64,1.65,0.98,1,0,0,625.85,7.92,4546649.22,6.84
3468,"book",855,166,149,706,-2.51,-1.86,5.65,1.19,0.95,0.98,0,0.02,389.44,6.39,2447679.71,5.15
3469,"book",893,171,149,744,-3.32,-2.51,7.56,1.85,0.98,0.98,0,0.02,731.12,12.3,4475636.67,11.13
3470,"book",838,145,148,689,-3.3,-2.46,8.37,2.04,0.99,0.99,0,0.01,887.02,11.7,5893440.27,10.58
3471,"book",849,164,130,719,-2.77,-1.96,6.73,1.59,0.94,0.94,0,0.05,507.01,7.1,3345111.81,6.01
3472,"book",728,136,138,590,-2.87,-2.5,5.58,1.56,0.98,1,0,0,384.08,12.24,2465937.01,10.67
3473,"book",740,140,151,589,-2.99,-1.76,8.75,1.65,0.94,0.93,0,0.01,701.7,5.84,4260483.17,4.8
3474,"book",830,150,133,697,-2.75,-2,6.71,1.58,0.99,1,0,0,485.88,7.42,3094253.25,6.33
3475,"book",834,163,118,716,-2.86,-2.1,7.45,1.37,0.96,0.95,0,0.01,707.7,8.17,5325113.9,6.75
3476,"book",818,166,167,651,-2.45,-1.7,6.09,1.33,0.93,0.95,0,0.02,453.77,5.48,3247106.34,4.33
3477,"book",940,181,138,801,-2.96,-2.01,7.4,1.6,0.95,0.97,0,0.02,626.6,7.46,4235537.93,6.45
3478,"book",742,136,136,606,-3.15,-2.33,7.85,1.53,0.95,0.94,0,0.01,812.05,10.28,5947979.1,9.16
3479,"book",1132,214,144,988,-2.88,-2.28,5.74,1.43,0.93,0.92,0,0.01,514.71,9.78,3783815.36,8.43
3480,"book",787,151,115,672,-3.03,-2.36,7.32,1.69,0.96,0.94,0,0.01,732.99,10.59,5147486.6,9.48
3481,"book",1004,192,136,867,-3.06,-2.16,8.19,1.57,0.94,0.94,0,0.01,793.92,8.72,5857193.84,7.48
3482,"book",1011,211,150,861,-2.82,-2.04,7.42,1.8,0.99,0.99,0,0.01,542.27,7.69,3937544.3,6.68
3483,"book",832,196,119,713,-2.53,-1.42,8.81,1.4,0.92,0.93,0,0.02,652.8,4.12,4813009.62,3.12
3484,"book",1208,213,133,1075,-3.16,-2.36,7.28,1.54,0.94,0.94,0,0.01,598.89,10.59,3670556.03,9.11
3485,"book",750,138,152,598,-2.64,-1.91,6.32,1.46,0.97,0.96,0,0.02,393.71,6.76,1953116.76,5.46
3486,"book",1033,209,131,902,-2.57,-1.97,5.6,1.41,0.93,0.92,0,0.01,408.53,7.17,2613888.26,5.86
3487,"book",791,161,136,655,-2.44,-2.04,3.99,1.51,0.95,0.95,0,0.03,105.64,7.69,97490.77,6.38
3488,"book",1358,276,133,1225,-2.59,-2.09,5.18,1.55,0.87,0.85,0,0.03,316.36,8.09,1931987.74,6.94
3489,"book",782,141,150,632,-2.77,-2.03,5.98,1.44,0.96,0.95,0,0.01,490.6,7.61,2836795.63,6.31
3490,"book",818,136,128,690,-3.03,-1.94,7.75,1.55,0.95,0.97,0,0.03,651.04,6.92,3820311.93,5.75
3491,"book",967,193,150,817,-3.04,-2.18,7.75,1.73,0.96,0.95,0,0.01,743.33,8.85,4751456.82,7.62
3492,"book",871,161,124,747,-2.66,-1.96,6.22,1.57,0.95,0.93,0,0.03,390.5,7.1,2175338.82,6.02
3493,"book",770,140,144,626,-3.15,-2.42,9.26,1.86,0.95,0.98,0,0.02,813.87,11.24,5649335.84,10.07
3494,"book",793,163,124,669,-2.88,-2.04,7.67,1.48,0.94,0.98,0,0.02,515.46,7.69,3067344.65,6.63
3495,"book",769,142,127,642,-2.84,-1.82,8.25,1.37,0.97,0.99,0,0.01,679.31,6.17,4663663.09,5.06
3496,"book",830,168,135,694,-3.26,-1.84,10.48,1.47,0.95,0.95,0,0.05,1047.29,6.27,7512368.18,5.24
3497,"book",1059,231,140,919,-2.75,-2.06,6.19,1.47,0.88,0.86,0,0.02,443.82,7.85,3111328.08,6.59
3498,"book",993,197,124,869,-2.8,-2.01,6.66,1.52,0.98,0.98,0,0.02,545.35,7.46,3489330.38,6.19
3499,"book",843,159,130,712,-3.13,-2.54,5.77,1.55,1,1,0,0,423.96,12.68,1811557.28,11.51
3500,"book",808,146,159,649,-3.34,-2.6,7.5,1.67,0.97,0.96,0,0.01,767.38,13.53,5169177.99,12.3
3501,"book",792,135,148,644,-3.02,-2.55,5.97,1.85,0.97,0.96,0,0.01,352.4,12.81,1536210.87,11.48
3502,"book",925,191,127,798,-2.71,-2.07,6.97,1.56,0.94,0.94,0,0.01,513.71,7.92,3381200,6.78
3503,"book",874,156,177,697,-3.35,-2.72,8.45,1.69,0.95,0.94,0,0.02,915.64,15.26,6118373.79,13.77
3504,"book",1039,210,111,928,-2.68,-1.81,6.11,1.48,0.93,0.91,0,0.01,374.01,6.11,1937573.5,5.1
3505,"book",768,153,125,643,-2.71,-1.99,6.75,1.46,0.97,0.97,0,0.01,530.82,7.32,3550027.17,6.01
3506,"book",1293,241,151,1142,-3.21,-2.14,9.59,1.8,0.91,0.92,0,0.01,875.1,8.5,5863393.32,7.42
3507,"book",1014,221,139,874,-2.35,-1.51,5.88,1.32,0.94,0.97,0,0.03,437.28,4.53,3232103.88,3.52
3508,"book",1024,191,144,879,-2.79,-1.7,7.84,1.55,0.88,0.88,0,0.04,699.68,5.47,4889089.81,4.44
3509,"book",1548,285,148,1400,-2.91,-2.12,7.25,1.65,0.92,0.95,0,0.05,566.67,8.33,3464501.68,7.28
3510,"book",753,143,138,615,-2.85,-2.13,7.02,1.66,0.97,0.97,0,0.01,564.58,8.41,3334546.59,7.35
3511,"book",892,154,134,758,-2.65,-1.87,6.99,1.56,0.89,0.9,0.01,0.08,375.11,6.48,2255558.58,5.47
3512,"book",922,178,110,812,-3,-2.48,5.83,1.88,0.94,0.93,0,0.01,390.14,11.88,1952114.03,10.86
3513,"book",1184,210,134,1050,-2.86,-2.14,5.88,1.5,0.97,0.96,0,0.02,434.07,8.54,1893842.54,7.31
3514,"book",698,134,134,564,-3.19,-2.68,6.89,1.99,0.95,0.94,0,0.01,528.28,14.55,2726370.84,13.3
3515,"book",1048,209,147,900,-3.05,-2.58,7.33,1.84,0.95,0.92,0,0.02,664.67,13.2,4669582.96,11.93
3516,"book",1218,245,180,1038,-2.79,-2.2,5.88,1.77,0.95,0.96,0,0.01,349.6,9.03,1785967.24,8
3517,"book",797,146,155,642,-3.36,-2.61,7.73,1.97,0.98,0.96,0,0.02,698.78,13.64,4726644.79,12.63
3518,"book",986,206,150,836,-2.48,-1.22,6.57,1.15,0.91,0.89,0,0.01,388.8,3.39,2046456.06,2.39
3519,"book",872,178,142,730,-2.97,-2.39,6.01,1.44,0.95,0.96,0,0.04,501.32,10.92,3333523.92,9.47
3520,"book",826,157,140,685,-3.04,-2.33,6.77,1.69,0.98,0.98,0,0.02,532.26,10.28,3708245.19,8.96
3521,"book",804,153,142,662,-2.99,-2.11,7.83,1.21,0.97,0.96,0,0.02,714.52,8.25,5406801.82,6.86
3522,"book",1107,207,125,982,-3.21,-2.55,8.81,1.82,0.97,0.96,0,0.03,724.57,12.81,5176500.45,11.72
3523,"book",978,176,158,819,-3.14,-2.29,8.62,1.76,0.99,1,0,0,791.69,9.88,5104469.96,8.7
3524,"book",776,157,117,659,-2.44,-1.58,5.29,1.25,0.97,0.97,0,0.03,267.86,4.85,1484926.21,3.74
3525,"book",771,138,135,636,-2.97,-1.76,8.31,1.53,0.95,0.93,0,0.02,666.21,5.84,4455764.67,4.82
3526,"book",830,151,149,681,-2.57,-1.77,5.71,1.42,0.95,0.99,0,0.01,321.44,5.87,2011161.63,4.72
3527,"book",1007,251,128,879,-2.09,-1.17,5.87,1.11,0.68,0.55,0.04,0.08,280.63,3.22,1797250.22,2.21
3528,"book",1119,243,116,1003,-2.39,-1.67,5.74,1.45,0.87,0.86,0.01,0.05,346.01,5.31,2259329.74,4.26
3529,"book",814,153,124,689,-2.69,-1.86,6.75,1.49,0.98,0.97,0,0.02,569.45,6.42,3917440.57,5.38
3530,"book",1176,204,161,1015,-2.61,-1.72,6.93,1.5,0.98,0.99,0,0.01,514.9,5.56,3735357.31,4.53
3531,"book",810,156,167,642,-2.81,-1.96,7.59,1.6,0.99,0.98,0,0.01,526.57,7.14,3473805.04,6.12
3532,"book",920,169,157,763,-2.63,-1.36,8.24,1.28,0.91,0.89,0,0.02,608.57,3.9,4225972.54,2.85
3533,"book",831,145,159,672,-2.88,-1.89,8.61,1.71,0.96,0.96,0,0.02,734.09,6.62,5270480.39,5.59
3534,"book",948,163,167,780,-2.69,-1.69,7.96,1.4,0.94,0.97,0,0.03,547.6,5.42,3915221.34,4.36
3535,"book",963,192,143,820,-2.35,-1.39,6.04,1.21,0.96,0.94,0,0.02,340.81,4.01,1870224.92,2.97
3536,"book",779,135,173,606,-3.1,-2.11,8.69,1.57,0.94,0.94,0,0.01,875.75,8.25,6404894.64,7.19
3537,"book",894,152,160,733,-2.86,-1.78,7.65,1.41,0.95,0.96,0,0.03,640.82,5.9,4146392.12,4.75
3538,"book",1199,218,160,1039,-3.03,-2.34,7.57,1.59,0.93,0.9,0,0.01,735.92,10.34,4362847.93,8.88
3539,"book",1111,221,172,939,-2.36,-1.41,6.18,1.28,0.92,0.95,0,0.05,338.81,4.1,2129619.22,3.06
3540,"book",1428,269,169,1259,-2.78,-1.89,8.14,1.75,0.81,0.79,0.01,0.03,573.53,6.62,3609170.15,5.59
3541,"book",1051,183,156,895,-2.47,-1.51,5.85,1.12,0.94,0.93,0,0.02,393.66,4.53,2478879.4,3.37
3542,"book",1038,190,167,871,-2.65,-1.68,6.65,1.38,0.98,0.99,0,0.01,460.22,5.39,3070070.07,4.3
3543,"book",1074,193,173,901,-2.91,-1.95,8.59,1.7,0.97,0.98,0,0.01,803.22,7.03,5824354.24,5.99
3544,"book",840,174,117,722,-2.67,-1.48,8.29,1.46,0.92,0.93,0,0.04,593.31,4.42,4289994.65,3.42
3545,"book",931,168,148,783,-3.6,-2.94,9.21,1.99,0.94,0.93,0,0.01,823.75,18.83,4769378.79,17.52
3546,"book",762,139,132,630,-2.95,-2.37,7.11,1.59,0.99,0.99,0,0.01,619.1,10.7,4472529.59,9.15
3547,"book",708,139,134,574,-2.87,-2.27,6.4,1.64,0.98,0.97,0,0.02,559.62,9.68,4345147.29,8.6
3548,"book",713,132,167,546,-2.76,-1.76,7.21,1.5,0.96,0.97,0,0.01,484.56,5.82,2782349.3,4.77
3549,"book",692,126,138,553,-2.67,-1.85,7.08,1.46,0.98,0.98,0,0.01,553.89,6.4,4123488.62,5.27
3550,"book",807,151,154,653,-2.74,-1.96,7.73,1.5,1,1,0,0,515.43,7.1,3586156.72,6.02
3551,"book",861,162,146,715,-2.82,-1.94,7.54,1.57,0.99,1,0,0,489.51,7,2745480.13,5.92
3552,"book",684,132,131,553,-2.87,-1.94,7.6,1.66,0.99,1,0,0,508.66,6.93,2940050.86,5.85
3553,"book",728,138,130,598,-2.75,-2.17,6.26,1.77,0.99,1,0,0,370.47,8.76,1842374.05,7.66
3554,"book",736,130,137,599,-2.4,-1.44,6.75,1.2,0.99,0.99,0,0.01,570.46,4.22,4388816.37,3.11
3555,"book",702,126,131,571,-2.84,-2.03,6.57,1.55,0.99,0.98,0,0.01,513.89,7.62,3363701.39,6.48
3556,"book",758,139,169,589,-2.3,-1.54,5.52,1.37,0.86,0.86,0,0.03,295.5,4.66,1505606.99,3.58
3557,"book",835,120,181,654,-3.17,-2.73,7.43,1.7,1,1,0,0,655.6,15.36,4959902.53,13.99
3558,"book",784,124,172,612,-2.82,-1.7,8.77,1.55,0.97,1,0,0,858.25,5.49,5953213.37,4.47
3559,"book",961,168,166,794,-2.9,-2.04,7.95,1.51,0.99,0.99,0,0.01,695.92,7.73,4612155.81,6.54
3560,"book",937,135,170,767,-3.43,-2.9,7.91,2.05,0.98,1,0,0,718.71,18.17,3949993.82,17.11
3561,"book",871,139,159,711,-2.92,-2.47,6.69,1.93,0.99,1,0,0,563.33,11.82,3686623.37,10.8
3562,"book",926,149,162,764,-3.62,-2.82,10.16,2.16,0.99,1,0,0,1083.78,16.78,7233972.16,15.72
3563,"book",1023,169,175,848,-3.41,-2.84,9.1,2.08,0.98,0.99,0,0.01,1049.49,17.12,7394104.32,15.99
3564,"book",895,131,168,727,-3.4,-3,7.52,2.18,1,1,0,0,732.42,20.09,4593660.67,19.03
3565,"book",1057,159,184,873,-3.08,-2.01,9.74,1.73,0.98,0.97,0,0,812.94,7.46,5486973.3,6.37
3566,"book",1350,229,176,1173,-3.34,-2.5,9.37,2.02,0.99,0.99,0,0.01,914.98,12.18,6211905.31,11.16
3567,"book",833,125,179,653,-3.38,-2.82,9.16,2.09,0.98,0.98,0,0.01,1003.25,16.78,6659509.65,15.63
3568,"book",1068,174,132,935,-3.41,-2.62,9.02,2.04,0.99,0.99,0,0.01,917.71,13.8,6268376.99,12.7
3569,"book",1015,161,193,822,-3.38,-2.29,10.02,2.09,1,1,0,0,936.04,9.87,5799596.2,8.86
3570,"book",1134,193,152,982,-3.31,-2.75,7.98,2.05,0.99,0.99,0,0.01,748.82,15.64,4761763.9,14.47
3571,"book",862,160,141,720,-2.89,-1.84,8.93,1.66,0.97,0.97,0,0.01,813.19,6.28,5808233.38,5.25
3572,"book",853,122,196,657,-3.13,-2.03,8.73,1.65,0.98,0.97,0,0.02,892.89,7.62,6438557.27,6.58
3573,"book",905,136,176,728,-3.05,-2.36,6.47,1.76,0.99,1,0,0,424.11,10.6,2033554.65,9.54
3574,"book",784,130,163,621,-3.3,-2.58,8.53,1.99,0.99,0.98,0,0.01,740.32,13.24,4665887.87,12.21
3575,"book",844,135,185,659,-3.58,-2.72,10.88,2.21,0.98,0.98,0,0.01,1196.63,15.18,8327666.48,14.07
3576,"book",886,156,175,711,-3.5,-2.58,11.14,2.01,0.99,0.98,0,0,1147.09,13.2,7768074.31,12.17
3577,"book",1189,213,165,1024,-3.25,-2.66,8,1.91,0.99,0.99,0,0.01,796.35,14.3,5505842.78,13.17
3578,"book",863,147,191,671,-3.06,-2.29,10.29,1.57,0.99,1,0,0,745.47,9.87,5255699.03,8.8
3579,"book",866,128,192,674,-3.55,-2.5,10.05,1.87,1,1,0,0,1123.58,12.12,7936761.75,11.04
3580,"book",771,131,156,615,-2.79,-2.14,6.55,1.41,0.99,1,0,0,492.62,8.5,3038247.79,7.34
3581,"book",857,130,167,690,-3.12,-2.33,8.48,1.58,0.97,0.97,0,0.01,822.86,10.24,5470946.95,9.08
3582,"book",880,141,170,709,-3.17,-2.21,8.56,1.79,0.99,1,0,0,843.87,9.12,5426975.81,8
3583,"book",1018,163,140,878,-2.95,-1.87,7.42,1.35,0.94,0.97,0,0.03,581.93,6.49,3512095.16,5.27
3584,"book",865,146,163,702,-3.36,-2.31,9.63,1.77,0.99,1,0,0,843.65,10.09,5451451.44,8.84
3585,"book",1221,206,171,1050,-3.55,-2.6,10.28,2.06,0.98,0.99,0,0.01,1144.4,13.4,7932613.88,12.35
3586,"book",841,135,179,662,-3.49,-2.29,10.07,1.86,1,1,0,0,1103.66,9.87,7199271.26,8.84
3587,"book",848,143,160,688,-3.35,-2.69,9.1,1.97,0.99,1,0,0,815.66,14.73,5477497.28,13.65
3588,"book",865,148,151,714,-3.23,-2.36,9,2.12,0.99,0.99,0,0.01,829.08,10.62,5236568.27,9.62
3589,"book",2065,381,155,1909,-3.2,-2.31,8.82,1.73,0.94,0.94,0,0.02,845.73,10.07,5697540.98,8.88
3590,"book",813,128,165,648,-3.47,-2.99,7.17,2.09,0.99,1,0,0,777.77,19.97,5025335.66,18.87
3591,"book",841,160,173,668,-2.84,-1.92,7.86,1.71,0.98,1,0,0,602.08,6.81,4036140.72,5.81
3592,"book",829,131,179,650,-3.04,-2.49,8.39,1.99,0.96,0.95,0,0.02,815.04,12.06,5446482.78,11.04
3593,"book",932,156,156,776,-3.13,-2.73,8.15,2,1,1,0,0,837.19,15.36,5732900.17,14.24
3594,"book",936,159,170,765,-3.19,-2.26,9.61,1.95,0.96,0.94,0,0.01,949.26,9.58,6800836.53,8.53
3595,"book",830,136,147,683,-2.91,-2.2,7.57,1.73,0.97,0.98,0,0.02,741.55,9.07,5261975.7,7.99
3596,"book",1153,181,169,984,-2.99,-2.46,7.54,1.66,0.98,0.99,0,0.01,750.25,11.7,5913967,10.54
3597,"book",997,153,193,804,-2.99,-1.96,8.66,1.67,0.99,0.99,0,0.01,745.95,7.1,4865126.39,6.08
3598,"book",912,141,159,752,-3.25,-2.26,10.69,1.55,1,1,0,0,1028.79,9.58,7498341.22,8.44
3599,"book",1013,173,154,858,-2.7,-1.53,8.27,1.44,1,1,0,0,649.11,4.62,3802631.98,3.6
3600,"book",933,138,173,760,-3.19,-2.28,8.33,1.82,0.99,1,0,0,671.21,9.84,4362952.99,8.71
3601,"book",1013,185,156,857,-2.92,-2.12,8.75,1.68,0.98,0.98,0,0.02,900.16,8.33,7037360.39,7.17
3602,"book",1194,212,150,1044,-3.44,-2.44,10.46,1.9,0.96,0.94,0,0.01,1191.88,11.48,8396371.46,10.39
3603,"book",994,161,190,804,-3.02,-1.94,7.6,1.47,0.98,0.98,0,0.01,651.83,6.96,4243047.6,5.94
3604,"book",878,154,178,699,-3.49,-2.74,10.99,2.02,0.99,1,0,0,1065.22,15.57,7450688.21,14.53
3605,"book",834,132,162,672,-2.71,-1.81,7.37,1.59,0.99,0.99,0,0.01,545.35,6.08,3697355.71,5.08
3606,"book",1119,177,186,933,-2.63,-1.82,6.77,1.47,0.93,0.92,0,0.02,548.5,6.17,3580727.01,4.91
3607,"book",868,131,153,715,-3.54,-2.47,10.44,2.18,1,1,0,0,1035.64,11.82,6711818.62,10.75
3608,"book",880,138,177,702,-2.71,-1.86,5.93,1.44,0.97,0.96,0,0.02,424.01,6.46,2619352.49,5.42
3609,"book",916,160,148,768,-3.21,-2.37,9.04,1.84,0.98,0.97,0,0.02,895.14,10.64,5772138.66,9.39
3610,"book",950,177,147,803,-3.08,-2.37,9.57,2.04,0.97,0.97,0,0.03,842.97,10.7,6062931.95,9.69
3611,"book",900,138,140,760,-3.26,-2.24,9.18,1.72,0.99,1,0,0,1042.95,9.4,7105026.92,8.33
3612,"book",848,133,181,666,-2.83,-1.94,7.72,1.63,0.96,0.96,0,0.04,454.87,6.96,2504677.96,5.88
3613,"book",831,143,148,683,-2.96,-1.99,7.89,1.75,0.96,0.95,0,0.01,684.17,7.32,3823530.67,6.32
3614,"book",873,141,151,721,-3.31,-2.76,8.42,1.89,0.99,0.99,0,0.01,832.07,15.8,5767696.44,14.5
3615,"book",841,145,158,683,-2.89,-2.24,7.97,1.93,0.99,1,0,0,780.21,9.39,6204995.94,8.38
3616,"book",1076,179,187,889,-3.29,-2.94,7.64,1.97,0.97,0.97,0,0.01,610.09,18.92,3573000.71,17.69
3617,"book",885,140,164,721,-3.36,-2.75,8.72,2.14,0.98,0.97,0,0.03,923.59,15.65,6091697.15,14.26
3618,"book",906,157,148,757,-2.85,-2.29,7.39,1.89,0.99,0.99,0,0.01,611.98,9.87,4004749.41,8.81
3619,"book",866,155,156,710,-3.03,-2.23,8.56,1.86,0.99,0.99,0,0.01,609.21,9.3,3604395.28,8.28
3620,"book",852,127,142,710,-3.45,-2.82,8.84,2.2,1,1,0,0,867.56,16.78,5633662.45,15.75
3621,"book",986,153,177,808,-3.39,-3,7.45,1.89,1,1,0,0,758.65,20.09,5273137.67,18.7
3622,"book",855,145,183,672,-3.43,-2.8,8.95,2.15,0.99,0.99,0,0.01,972.08,16.44,6559618.08,15.32
3623,"book",1074,185,175,898,-3.13,-2.37,8.09,1.75,0.98,0.98,0,0.01,793.92,10.7,5557511.65,9.64
3624,"book",944,143,139,804,-3.63,-2.98,9.94,2.31,0.99,0.99,0,0,1130.85,19.69,7613696.22,18.55
3625,"book",948,156,148,800,-3.11,-1.67,9.05,1.59,0.98,0.97,0,0.02,881.67,5.32,6110862.59,4.31
3626,"book",964,171,150,814,-3.31,-2.37,8.61,1.81,0.97,0.96,0,0.02,803.97,10.7,5273857.84,9.59
3627,"book",1020,151,184,835,-3.28,-2.33,9.87,1.91,0.99,0.99,0,0.01,1024,10.28,7159501.57,9.27
3628,"book",860,138,171,689,-3.03,-2,8.1,1.59,1,1,0,0,805.68,7.36,5735731.1,6.2
3629,"book",835,136,175,660,-2.94,-1.84,7.92,1.64,0.98,1,0,0,657.12,6.26,3779709.77,5.24
3630,"book",935,160,168,767,-3.15,-2.57,7.68,2.17,0.98,1,0,0,592.23,13.1,3258333.84,12.06
3631,"book",862,183,111,751,-3.52,-2.68,11.25,2.43,0.96,0.95,0,0.01,1229,14.59,8354390.27,13.54
3632,"book",929,161,136,793,-3.57,-3.18,8.48,2.26,1,1,0,0,803.32,24.05,5186789.28,22.92
3633,"book",899,220,119,779,-3.41,-2.52,13.18,2.25,0.94,0.94,0,0.01,1114.67,12.44,8164704.17,11.42
3634,"book",1398,357,141,1257,-2.51,-1.18,8.42,1.13,0.81,0.76,0.01,0.07,651.4,3.25,4163833.27,2.22
3635,"book",850,185,109,741,-2.8,-2.01,7.87,1.72,0.98,0.98,0,0.02,685.48,7.46,4581233.74,6.43
3636,"book",872,216,72,799,-2.85,-1.8,9.44,1.75,0.96,0.99,0,0.01,742.23,6.05,4390508.46,5.05
3637,"book",1008,174,126,881,-2.94,-2.51,5.9,1.74,0.99,0.99,0,0,430.1,12.32,2851287.92,11.12
3638,"book",979,242,144,835,-3.33,-2.5,11.34,2.27,0.97,0.98,0,0.01,1094.06,12.12,7725606.39,11.11
3639,"book",852,148,146,706,-3.35,-2.78,8.08,2,1,1,0,0,904.89,16.2,5790973.01,14.92
3640,"book",862,159,153,709,-3.19,-2.09,9.12,1.81,0.95,0.94,0,0.01,855.13,8.08,5985145.76,7.04
3641,"book",946,200,119,827,-2.73,-1.94,7.48,1.56,0.98,0.98,0,0.01,674.63,6.96,4510613.67,5.95
3642,"book",809,156,132,677,-2.86,-2.4,6.31,1.69,0.99,1,0,0,519.15,10.96,3356960.24,9.8
3643,"book",719,128,133,586,-2.99,-2.26,6.76,1.76,1,1,0,0,560.17,9.68,3456247.53,8.53
3644,"book",856,158,143,713,-2.95,-2.02,8.17,1.58,0.95,0.95,0,0.01,769.28,7.54,5688987.73,6.33
3645,"book",1559,319,149,1409,-2.87,-2.2,6.74,1.76,0.92,0.9,0,0.01,465.98,9.03,2607814.58,7.99
3646,"book",872,150,158,714,-2.83,-2.18,6.61,1.47,0.94,0.92,0,0.03,546.22,8.85,4431728.23,7.76
3647,"book",742,141,141,601,-2.89,-2.16,7.4,1.53,0.95,0.94,0,0.02,507.28,8.67,3628295.59,7.37
3648,"book",1064,210,159,905,-2.98,-2.31,7.34,1.66,0.99,0.99,0,0.01,614.85,10.07,4266591.25,8.91
3649,"book",878,173,129,749,-3.02,-2.03,8.05,1.41,0.99,1,0,0,664.76,7.61,5000486.62,6.33
3650,"book",1065,206,155,910,-2.95,-2.35,7.11,1.73,0.98,0.98,0,0.02,610.27,10.48,4496288.52,9.34
3651,"book",750,140,138,612,-3.01,-2.37,6.76,1.47,0.98,0.98,0,0.01,655.54,10.65,4627661.31,9.28
3652,"book",697,124,125,572,-2.42,-1.62,5.05,1.32,0.99,1,0,0,195.15,5.07,900368.13,3.98
3653,"book",843,162,154,689,-2.74,-1.68,8.06,1.32,0.94,0.94,0,0.02,738.1,5.4,5119783.94,4.17
3654,"book",864,173,132,732,-3.19,-2.56,7.6,1.83,0.97,0.97,0,0.01,635.39,12.94,4596792.96,11.8
3655,"book",1138,225,126,1012,-2.87,-2.2,7.23,1.7,0.96,0.95,0,0.01,583.84,9.03,4059721.89,7.73
3656,"book",1183,241,152,1031,-2.77,-1.94,7.88,1.45,0.95,0.95,0,0.01,627.55,6.96,4827466.07,5.77
3657,"book",1228,251,134,1094,-2.76,-2.13,6.45,1.6,0.94,0.95,0,0.04,515.16,8.41,3534723.01,7.18
3658,"book",1983,433,141,1842,-3.03,-2.04,8.73,1.57,0.91,0.9,0,0.04,664.96,7.69,4523752.67,6.55
3659,"book",895,173,136,759,-2.7,-2.12,5.75,1.41,0.95,0.96,0,0.03,452.85,8.33,3191813.03,7.03
3660,"book",878,166,125,753,-3.04,-2.16,7.46,1.38,0.99,1,0,0,646.91,8.64,4450641.67,7.45
3661,"book",830,138,148,682,-3.26,-2.45,9,1.93,0.97,0.98,0,0.02,929.35,11.58,7284953.61,10.52
3662,"book",877,165,153,724,-2.89,-2.07,7.12,1.54,1,1,0,0,654.55,7.92,4154670.56,6.8
3663,"book",789,147,137,652,-2.63,-1.57,7.9,1.35,0.99,1,0,0,630.33,4.81,4225958.96,3.74
3664,"book",889,161,143,746,-2.72,-2.05,6.27,1.47,0.98,0.99,0,0.01,400.45,7.77,2529542.01,6.69
3665,"book",916,167,146,770,-2.92,-2.06,8.41,1.66,0.98,0.98,0,0,649.77,7.85,4423146.09,6.79
3666,"book",729,118,161,568,-2.88,-1.85,7.29,1.26,1,1,0,0,544.79,6.36,3500976.83,4.91
3667,"book",724,135,150,574,-3.05,-2.16,7.72,1.52,0.99,0.99,0,0.01,699.79,8.67,5388352.51,7.46
3668,"book",747,135,150,597,-3.18,-2.56,9.58,1.95,0.94,0.94,0,0.03,770.81,12.94,5395279.68,11.83
3669,"book",1177,223,152,1024,-2.87,-1.99,9.09,1.51,0.94,0.93,0,0.02,598.71,7.32,4209575.2,6.05
3670,"book",772,139,147,625,-2.85,-1.98,6.78,1.5,0.97,0.98,0,0.02,524.87,7.24,3054059.33,6.16
3671,"book",876,163,136,740,-2.93,-2.44,6.69,1.93,0.98,1,0,0,495.9,11.47,3022443.59,10.42
3672,"book",865,149,149,716,-3.02,-2.18,7.22,1.6,0.98,0.98,0,0.02,633.65,8.85,3900102.61,7.59
3673,"book",775,140,141,634,-3.05,-2.24,7.8,1.67,0.95,0.93,0,0.01,718.21,9.5,4689197.22,8.29
3674,"book",685,119,144,540,-2.63,-2.16,5.47,1.23,0.95,0.94,0,0.01,423.69,8.67,2551476.03,7.15
3675,"book",854,155,145,709,-2.92,-2.26,7.44,1.59,0.96,0.95,0,0.01,443.33,9.58,2820396,8.44
3676,"book",879,180,114,765,-2.94,-2.04,8.55,1.38,0.94,0.94,0,0.02,750.8,7.73,5701255.6,6.57
3677,"book",1109,213,140,969,-3.07,-2.35,6.81,1.65,0.96,0.95,0,0.03,466.73,10.49,2429099.43,9.22
3678,"book",798,159,143,654,-2.99,-2.12,8.53,1.58,0.99,1,0,0,692.54,8.33,4992672.18,7.27
3679,"book",800,158,130,670,-2.73,-1.99,7.33,1.48,0.95,0.95,0,0.01,586.22,7.32,4253108.56,6.07
3680,"book",763,130,155,607,-2.78,-2.08,5.88,1.56,1,1,0,0,426.71,7.96,2327317.84,6.95
3681,"book",798,143,136,662,-2.7,-2.13,5.73,1.5,0.96,0.97,0,0.03,401.49,8.41,2320603.91,7.3
3682,"book",720,132,127,593,-3.06,-2.56,7.13,1.86,0.95,0.94,0,0.01,701.34,13,5102119.95,11.54
3683,"book",912,162,142,770,-2.46,-1.83,5.77,1.27,0.98,0.97,0,0.01,512.53,6.21,3390214.11,5.06
3684,"book",711,126,158,553,-2.55,-1.99,5.77,1.54,0.97,0.98,0,0.02,411.52,7.32,2451828.91,6.19
3685,"book",1164,234,147,1017,-2.68,-1.56,6.8,1.37,0.97,0.96,0,0.01,496.64,4.76,3454361.62,3.73
3686,"book",926,167,150,776,-2.84,-2.07,6.91,1.55,0.97,0.97,0,0.03,624.87,7.92,4285110.82,6.71
3687,"book",794,136,158,636,-2.9,-2.09,6.51,1.46,0.95,0.95,0,0.01,482.15,8.14,2901263.61,6.95
3688,"book",1014,190,143,871,-3.12,-2.28,8.73,1.87,0.99,1,0,0,756.84,9.85,4946841.68,8.84
3689,"book",756,135,143,613,-2.69,-1.82,6.59,1.43,0.99,0.99,0,0.01,504.59,6.17,3454815.89,4.98
3690,"book",1065,217,126,938,-2.61,-1.8,6.93,1.53,0.96,0.96,0,0.01,528.07,6.05,3416632.32,5.03
3691,"book",777,144,161,616,-2.74,-2.05,6.33,1.51,0.98,0.99,0,0.01,549.51,7.79,3603292.76,6.61
3692,"book",724,125,146,577,-3.59,-2.74,9.29,1.88,0.98,0.98,0,0.01,988.96,15.49,6726103.09,14.28
3693,"book",683,131,138,545,-2.72,-1.89,5.81,1.44,0.96,0.95,0,0.01,429.71,6.62,3118961.13,5.48
3694,"book",967,207,129,838,-3.12,-2.18,8.23,1.63,0.98,0.97,0,0.01,837.7,8.85,6183121.77,7.73
3695,"book",647,122,138,508,-2.74,-2.14,5.07,1.55,1,1,0,0,277.42,8.51,1185418.05,7.38
3696,"book",792,142,123,669,-2.98,-2.37,6,1.38,0.92,0.9,0,0.02,553.46,10.66,3888254.54,9.11
3697,"book",694,122,143,550,-2.71,-2,6.66,1.46,0.97,0.98,0,0.02,546.31,7.4,3627736.09,6.18
3698,"book",770,130,163,607,-2.85,-2.2,6.13,1.71,1,1,0,0,461.69,8.98,2777766.71,7.83
3699,"book",957,199,134,823,-2.81,-1.88,6.81,1.41,0.96,0.96,0,0.02,502.84,6.55,2948307.55,5.44
3700,"book",787,145,142,645,-2.64,-1.84,5.96,1.46,0.99,0.99,0,0,394.77,6.3,2094144.35,5.24
3701,"book",883,170,148,734,-3.15,-2.55,7.3,1.92,0.99,0.99,0,0.01,628.89,12.88,3619582.4,11.65
3702,"book",783,133,153,630,-3.33,-2.71,8.98,2.2,0.97,0.98,0,0.02,778.08,15.03,5049210.91,13.9
3703,"book",860,165,126,734,-3.06,-2.32,8.99,1.78,0.98,1,0,0,729.61,10.18,4610836.48,8.91
3704,"book",916,184,129,787,-3,-2.28,7.51,1.62,0.93,0.92,0,0.02,569.71,9.82,3767186.75,8.72
3705,"book",808,144,141,667,-3.06,-2.04,9.37,1.62,0.93,0.92,0,0.02,814.13,7.65,5797057.38,6.6
3706,"book",751,129,134,617,-3.4,-2.69,7.07,1.77,0.94,0.97,0,0.03,567.32,14.73,3243562.68,13.37
3707,"book",1116,245,131,985,-2.95,-2.33,7.68,1.73,0.96,0.95,0,0.01,733.28,10.28,5099659.82,9.17
3708,"book",672,132,136,536,-2.93,-2.14,7.64,1.51,0.97,1,0,0,598.84,8.54,3629945.96,7.22
3709,"book",1166,218,145,1021,-2.48,-1.62,6.69,1.32,0.96,0.98,0,0.02,485.35,5.06,3262187.92,3.92
3710,"book",788,136,146,642,-2.82,-2.38,5.77,1.46,0.99,1,0,0,376.43,10.75,2240321.38,9.52
3711,"book",921,149,144,777,-3.63,-2.97,9.07,2.06,0.99,1,0,0,1012.74,19.49,6937647.11,18.3
3712,"book",753,145,141,612,-3.3,-2.06,9.71,1.63,0.93,0.9,0,0.06,985.9,7.85,7042164.65,6.77
3713,"book",789,154,145,644,-3.27,-2.46,8.79,1.81,0.98,1,0,0.01,915.73,11.76,6121670.23,10.54
3714,"book",743,138,155,588,-3.39,-2.5,8.95,1.97,0.99,1,0,0,989.38,12.26,5941681.22,11.18
3715,"book",674,148,112,562,-2.9,-2.02,8.48,1.5,0.89,0.91,0.01,0.09,637.94,7.54,4506846.39,6.36
3716,"book",752,142,133,619,-3.36,-2.28,8.46,1.69,0.96,0.95,0,0.01,901.41,9.73,6056970.01,8.47
3717,"book",839,130,166,673,-1.95,-0.78,6.9,0.73,0.97,1,0,0,367.06,2.18,2773452.91,1.15
3718,"book",772,130,141,630,-3.7,-2.8,9,1.64,0.98,0.97,0,0.01,1108.21,16.52,7622801.03,14.68
3719,"book",853,180,122,731,-3.2,-2.52,8.14,1.83,0.87,0.87,0,0.02,773.15,12.5,4680221.3,11.35
3720,"book",1262,278,128,1134,-3.01,-2.34,6.79,1.68,0.92,0.91,0,0.01,513.74,10.44,3323730.3,9.21
3721,"book",739,133,133,606,-3.22,-2.22,8.12,1.38,0.97,0.96,0,0.01,778.64,9.21,5235874.01,7.99
3722,"book",889,174,121,768,-2.99,-2.13,8,1.9,0.94,0.92,0,0.01,736.69,8.42,5183828.49,7.39
3723,"book",835,134,148,687,-3.52,-2.84,7.1,1.9,0.98,0.97,0,0.01,774.2,17.12,4214231.96,15.7
3724,"book",856,143,155,701,-3.41,-2.62,8.56,1.95,0.91,0.9,0,0.02,987.66,13.74,6262587.44,12.43
3725,"book",1259,215,158,1100,-3.27,-2.26,8.71,1.75,0.96,0.96,0,0.03,869.72,9.58,6331157.38,8.37
3726,"book",761,142,133,628,-2.71,-1.74,7.14,1.46,0.93,0.91,0,0.02,568.91,5.7,3613306.98,4.67
3727,"book",717,136,135,582,-2.77,-2.17,6.83,1.63,0.95,0.94,0,0.01,558.79,8.76,3984612.93,7.72
3728,"book",783,147,132,651,-2.7,-1.89,6.35,1.45,0.98,0.98,0,0.01,432.29,6.62,2631266.48,5.49
3729,"book",896,153,166,730,-2.63,-1.74,6.84,1.53,0.93,0.95,0,0.03,476.75,5.7,2931310.94,4.69
3730,"book",845,148,138,707,-3.01,-1.92,8.88,1.7,0.94,0.97,0,0.03,863.2,6.86,5908570.31,5.85
3731,"book",882,155,155,727,-2.62,-1.71,7.11,1.47,0.97,0.97,0,0.03,536.57,5.53,3238077.2,4.45
3732,"book",842,146,137,705,-2.84,-2.06,6.09,1.18,0.92,0.89,0,0.04,531.7,7.88,3949356.93,6.46
3733,"book",959,174,134,825,-2.97,-1.76,9.65,1.35,0.96,0.95,0,0.03,846.47,5.84,5733334.53,4.58
3734,"book",811,128,172,639,-3.04,-2.58,5.19,1.49,0.99,1,0,0,420.25,13.14,2662842.8,11.52
3735,"book",833,147,176,656,-2.99,-2.15,7.79,1.57,0.95,0.95,0,0.01,764.86,8.58,5944562.53,7.22
3736,"book",765,136,147,618,-2.5,-1.66,6.59,1.54,0.88,0.89,0,0.02,440.05,5.37,2579851.14,4.32
3737,"book",1086,219,121,965,-2.79,-2.07,7.64,1.6,0.91,0.9,0,0.01,668.55,7.92,4715105.57,6.6
3738,"book",749,127,157,592,-3.35,-2.86,8.77,1.6,0.98,0.98,0,0.01,1036.19,17.46,7826748.93,15.76
3739,"book",916,153,153,763,-2.82,-2.04,6.79,1.53,0.95,0.93,0,0.02,472.01,7.69,2892401.36,6.44
3740,"book",913,178,158,755,-2.92,-2.13,7.25,1.74,0.95,0.95,0,0.02,551.42,8.46,3403663.68,7.41
3741,"book",750,134,143,607,-2.7,-2.48,5.17,1.64,0.94,0.91,0,0.04,332.05,11.9,2301081.31,10.69
3742,"book",1153,203,149,1004,-2.78,-2.01,5.97,1.45,0.92,0.9,0,0.03,372.64,7.46,2235826.76,6
3743,"book",792,138,154,638,-2.78,-1.62,7.49,1.36,0.99,1,0,0,535.84,5.06,3133917.89,3.97
3744,"book",898,167,137,760,-2.42,-1.92,4.86,1.22,0.91,0.92,0,0.07,246.97,6.82,1461501.25,5.59
3745,"book",874,153,134,739,-2.5,-1.99,5.43,1.42,0.95,0.95,0,0.02,289.98,7.32,1559785.84,6.18
3746,"book",738,147,127,611,-2.43,-1.43,7.12,1.16,0.82,0.8,0.01,0.03,504.33,4.18,3534151.6,3.11
3747,"book",792,154,130,662,-2.42,-1.6,7.03,1.42,0.8,0.76,0.01,0.04,324.05,4.97,2045779.29,3.94
3748,"book",987,193,155,832,-2.48,-1.74,5.46,1.44,0.86,0.82,0.01,0.03,351.04,5.7,2107807.23,4.65
3749,"book",744,139,144,600,-2.75,-2.34,6.04,1.54,0.87,0.85,0.01,0.03,411.33,10.38,2361429.1,9.24
3750,"book",771,149,120,651,-1.94,-1.14,4.85,1.06,0.8,0.77,0.02,0.13,200.95,3.13,1021742.78,2.09
3751,"book",736,136,126,610,-2.4,-1.78,5.21,1.09,0.92,0.92,0,0.02,433.2,5.96,3135013.58,4.68
3752,"book",707,126,136,570,-2.44,-1.72,5.59,1.38,0.91,0.87,0,0.03,287.49,5.56,1677256.12,4.38
3753,"book",826,138,149,677,-2.78,-2.2,5.58,1.53,0.97,0.96,0,0.01,351.45,8.98,1855964.3,7.68
3754,"book",750,118,169,581,-2.7,-1.89,6.73,1.48,0.99,1,0,0,527.03,6.62,3596345.73,5.45
3755,"book",834,149,155,679,-2.18,-1.53,5.08,1.13,0.95,0.97,0,0.03,283.48,4.62,1745459.76,3.49
3756,"book",691,120,156,535,-3.04,-1.87,9.44,1.69,0.92,0.93,0.01,0.07,873.82,6.5,5780034.23,5.46
3757,"book",705,133,126,579,-2.84,-2.04,6.83,1.83,0.98,1,0,0,491.86,7.69,2985438.78,6.64
3758,"book",778,132,152,626,-3.27,-2.84,8.11,1.85,0.98,0.98,0,0.01,845.65,17.04,5886332.23,15.89
3759,"book",998,188,155,843,-2.87,-2.04,7.3,1.57,0.91,0.92,0,0.04,584.52,7.73,4166024.82,6.58
3760,"book",860,149,158,702,-2.97,-2.24,7,1.52,0.98,0.98,0,0.01,583.8,9.39,3993692.94,8.2
3761,"book",913,170,126,787,-2.68,-1.97,6.32,1.34,0.94,0.94,0,0.01,458.53,7.18,2916424.35,5.88
3762,"book",1036,173,132,904,-2.94,-1.92,8.28,1.62,0.98,0.99,0,0.01,718.16,6.82,4856758.28,5.69
3763,"book",743,133,150,593,-2.65,-1.6,8.09,1.24,0.93,0.93,0,0.01,632.33,4.95,4593765.44,3.78
3764,"book",679,123,133,546,-2.79,-2.08,6.24,1.61,0.98,0.98,0,0.01,371.45,8,2427873.29,6.89
3765,"book",724,120,161,563,-2.7,-1.56,6.57,1.28,0.99,1,0,0,493.16,4.73,2798861.43,3.71
3766,"book",1042,185,151,891,-2.48,-1.84,5.66,1.37,0.92,0.93,0,0.04,352.25,6.3,2260718.69,5.09
3767,"book",1029,208,139,890,-2.84,-2.06,6.94,1.51,0.94,0.94,0,0.01,512.75,7.85,3404037.64,6.55
3768,"book",769,136,140,629,-3.1,-2.33,7.67,1.65,0.98,1,0,0,635.48,10.23,4168039.37,9.04
3769,"book",683,135,138,545,-3.05,-2.09,8.46,1.51,0.99,0.99,0,0.01,763.03,8.08,5471927.35,6.85
3770,"book",859,147,151,708,-2.95,-1.78,7.58,1.49,0.95,0.94,0,0.01,683.11,5.93,4536827.14,4.85
3771,"book",723,130,149,574,-3.24,-2.1,10.46,1.62,0.99,1,0,0,1050.45,8.17,7736275.23,7.12
3772,"book",730,128,130,600,-2.58,-1.74,6.42,1.28,0.97,0.96,0,0.01,373.18,5.72,2939090.6,4.46
3773,"book",971,176,146,825,-2.68,-1.8,7.49,1.62,0.97,0.96,0,0.01,514.63,6.02,3294149.11,4.96
3774,"book",759,142,131,628,-3.36,-2.94,6.95,1.91,1,1,0,0,442.15,18.83,2286584.01,17.46
3775,"book",803,133,146,657,-3.27,-2.29,9.84,1.89,0.99,1,0,0,834.04,9.87,5955658.74,8.83
3776,"book",767,151,152,614,-2.67,-2,5.67,1.45,0.97,0.96,0,0.02,384.49,7.39,2053524.36,6.14
3777,"book",1465,251,150,1315,-3.24,-2.62,7.39,1.69,0.99,0.98,0,0.01,706.2,13.74,4960249.53,12.47
3778,"book",1488,258,135,1353,-3.16,-2.23,8.45,1.74,0.98,0.97,0,0.02,793.8,9.3,5274752.65,8.18
3779,"book",822,143,154,668,-3.25,-2.52,7.16,1.61,0.98,0.98,0,0.02,696.41,12.43,5048945.88,11.16
3780,"book",1261,208,168,1093,-3.24,-2.62,9.67,2.11,0.95,0.98,0,0.02,877.76,13.67,6271105.19,12.63
3781,"book",3079,550,171,2908,-3.25,-2.44,8.34,1.83,0.96,0.96,0,0.03,781.69,11.48,5182626.02,10.36
3782,"book",2118,384,147,1971,-3.31,-2.67,8.71,1.92,0.96,0.96,0,0.01,887.99,14.44,6102866.99,13.14
3783,"book",1054,167,179,875,-3.52,-2.74,9.31,1.97,0.97,0.97,0,0.01,1026.24,15.49,7015466.43,14.35
3784,"book",2074,343,171,1903,-3.36,-2.54,8.21,1.78,0.96,0.95,0,0.01,794.77,12.68,5439423.88,11.53
3785,"book",1381,245,147,1234,-2.86,-2.26,6.3,1.51,0.95,0.94,0,0.01,534.86,9.58,3598342.76,8.16
3786,"book",1060,174,168,892,-2.99,-2.56,6.96,1.68,0.91,0.91,0,0.01,492.41,13,2998606.8,11.7
3787,"book",1043,173,149,894,-3.51,-2.9,9.77,2.23,0.99,1,0,0,1085.32,18.17,7397102.58,17.08
3788,"book",766,123,154,612,-2.8,-2.22,5.39,1.43,0.98,0.98,0,0.01,308.79,9.21,1726882.29,7.7
3789,"book",797,136,152,645,-2.71,-1.96,7.81,1.53,0.98,0.97,0,0.03,520.61,7.06,3793410.22,5.96
3790,"book",1362,234,166,1196,-3.56,-2.88,8.31,1.83,0.97,0.98,0,0.01,968.07,17.9,6252371.42,16.58
3791,"book",1796,321,176,1620,-3.33,-2.53,8.78,1.87,0.97,0.97,0,0.01,843.69,12.55,5717353.95,11.5
3792,"book",1376,222,162,1214,-3.59,-3.18,8.86,2.04,0.98,0.97,0,0.01,974.85,24.17,6472065.36,22.87
3793,"book",1475,245,157,1318,-3.3,-2.42,8.65,1.66,0.95,0.95,0,0.03,918.3,11.25,6126276.61,9.91
3794,"book",943,147,173,770,-3.47,-2.49,9.04,1.79,1,1,0,0,952.8,12.06,6503187.19,10.91
3795,"book",1795,318,176,1619,-3.43,-2.92,7.16,1.9,0.96,0.95,0,0.01,746.03,18.45,4363842.38,16.85
3796,"book",907,148,171,736,-3.38,-2.76,8.67,1.98,1,1,0,0,854.14,15.8,5816604.49,14.3
3797,"book",1524,265,176,1348,-3.43,-2.51,9.62,1.78,0.97,0.97,0,0.01,999.34,12.3,6949194.19,11.25
3798,"book",1433,231,192,1241,-3.45,-2.69,8.8,2.03,0.99,0.99,0,0.01,911.07,14.73,5824171.28,13.61
3799,"book",1228,209,171,1057,-3.44,-2.83,7.33,1.72,0.98,0.98,0,0.01,778.66,16.95,5317270.01,15.64
3800,"book",1120,189,165,955,-3.13,-2.42,6.74,1.78,1,1,0,0,594.57,11.25,3992340.86,9.95
3801,"book",1890,329,165,1725,-3.32,-2.59,7.29,1.74,0.94,0.92,0,0.01,639.1,13.33,3620951.16,11.94
3802,"book",2515,449,168,2347,-3.35,-2.49,8.23,1.73,0.97,0.98,0,0.01,864.2,12.06,6024462.81,10.87
3803,"book",1730,301,160,1570,-3.24,-2.47,7.79,1.78,0.97,0.97,0,0.01,691.79,11.82,4560951.18,10.67
3804,"book",847,132,156,691,-3.54,-2.68,9.92,2.04,0.99,0.99,0,0.01,996.55,14.58,6744971.47,13.28
3805,"book",957,164,149,808,-3.63,-3.14,8.55,2.12,1,1,0,0,963.22,23.02,6652339.18,21.95
3806,"book",1226,211,133,1093,-3.2,-2.54,7.78,1.71,0.98,0.98,0,0.01,754.79,12.68,4813363.89,11.4
3807,"book",1299,226,170,1129,-2.97,-2.19,7.45,1.71,0.95,0.92,0,0.01,630.66,8.94,4196594.94,7.87
3808,"book",2670,503,174,2496,-3.14,-2.35,8.08,1.74,0.92,0.92,0,0.03,718.39,10.49,4991490,9.41
3809,"book",1482,279,147,1335,-2.65,-1.62,7.28,1.29,0.98,0.99,0,0.01,661.12,5.05,4815652.92,3.94
3810,"book",2002,364,169,1833,-3.04,-2.04,8.81,1.67,0.95,0.94,0,0.01,771.15,7.73,5352949.23,6.65
3811,"book",1132,189,172,960,-3.3,-2.69,7.84,1.9,0.98,0.98,0,0.02,783.68,14.73,4951263.81,13.59
3812,"book",825,128,179,646,-3.21,-2.66,8.39,2.01,0.97,0.96,0,0.01,873.37,14.22,6240469.9,13.08
3813,"book",932,165,152,780,-3.26,-2.45,9.37,1.69,0.99,1,0,0,837.77,11.59,5808828.07,10.31
3814,"book",2393,439,159,2234,-3.14,-2.35,8.15,1.76,0.96,0.96,0,0.02,816.46,10.49,5624051.38,9.26
3815,"book",2190,428,150,2040,-3.05,-2.38,7.08,1.56,0.96,0.98,0,0.02,675.04,10.8,4889244.6,9.43
3816,"book",1144,200,170,974,-2.92,-2.54,5.54,1.84,1,1,0,0,335.22,12.75,1762835.85,11.54
3817,"book",1630,297,177,1453,-3,-2.39,6.4,1.65,0.96,0.95,0,0.01,483.61,10.91,2862451.02,9.6
3818,"book",1674,292,147,1527,-3.37,-2.82,7.82,1.87,0.96,0.95,0,0.01,754.95,16.87,5359278.73,15.35
3819,"book",868,157,138,730,-2.81,-2.29,5.28,1.71,0.97,0.97,0,0,326.6,9.87,1907599.83,8.79
3820,"book",1733,315,163,1570,-3.23,-2.5,8.14,1.53,0.96,0.96,0,0.03,860.74,12.18,6474406.3,10.86
3821,"book",733,128,150,583,-2.61,-2.2,6.01,1.76,0.99,1,0,0,364.59,8.98,2011219.64,7.84
3822,"book",1521,258,162,1358,-3.24,-2.22,8.27,1.55,0.95,0.95,0,0.01,846.55,9.16,5458109.43,7.94
3823,"book",2777,489,169,2608,-3.43,-2.87,7.9,1.9,0.95,0.93,0,0.01,872.83,17.64,6193025.86,16.25
3824,"book",1077,189,172,905,-3.02,-2.53,6.44,1.56,0.97,0.99,0,0.01,657.57,12.55,4746947.45,11.17
3825,"book",2629,473,176,2453,-3.07,-2.55,6.94,1.63,0.93,0.9,0,0.01,576.86,12.81,3887581.19,11.6
3826,"book",1408,240,185,1223,-3.17,-2.53,6.76,1.6,0.96,0.98,0,0.02,621.83,12.57,3887439.45,11.22
3827,"book",1574,263,169,1405,-3.19,-2.38,8.43,1.95,0.98,0.98,0,0.01,742.87,10.8,5068599.68,9.77
3828,"book",1602,292,154,1448,-3.23,-2.74,7.35,1.9,0.93,0.93,0,0.01,730.36,15.49,4581445.06,14.07
3829,"book",1149,190,159,990,-3.6,-3,8.13,2.19,0.99,1,0,0,766.12,20.19,5066754.17,19.04
3830,"book",1979,356,161,1818,-3.27,-2.64,7.36,1.85,0.95,0.95,0,0.01,661.21,13.94,4102454.85,12.75
3831,"book",879,144,173,706,-3.05,-2.37,7.16,1.76,0.96,0.96,0,0.01,638.28,10.64,4074380.76,9.45
3832,"book",1743,308,160,1583,-3.12,-2.54,7.44,1.83,0.98,0.98,0,0.01,660.31,12.68,4247130.77,11.51
3833,"book",1135,201,170,965,-3.19,-2.19,9.84,1.74,0.9,0.87,0,0.02,819.12,8.94,5697146.52,7.8
3834,"book",1285,222,183,1102,-3.54,-3.02,8.96,1.89,0.99,1,0,0,1048.01,20.49,7304356.78,19.17
3835,"book",874,144,167,707,-2.56,-1.74,6.55,1.51,0.94,0.94,0,0.02,484.64,5.72,2816380.91,4.58
3836,"book",993,165,143,850,-3.18,-2.39,7.95,1.73,0.98,0.97,0,0.02,789.48,10.91,5193303.69,9.64
3837,"book",1030,178,156,874,-3.37,-3,6.68,1.84,0.96,0.96,0,0.01,542.8,20.19,3196748.17,18.91
3838,"book",1703,311,160,1543,-3.19,-2.44,6.85,1.7,0.97,0.96,0,0.02,591.74,11.47,3438000.87,10.3
3839,"book",959,162,156,803,-3.18,-2.68,6.99,1.78,0.96,0.95,0,0.01,588.27,14.52,3806703.95,13.29
3840,"book",1156,190,192,964,-3.06,-2.38,7.48,1.58,0.98,0.98,0,0.02,633.43,10.8,4633236.2,9.47
3841,"book",1292,226,161,1131,-3.18,-2.58,7.47,1.75,0.92,0.9,0,0.02,571.56,13.26,3682419.4,11.98
3842,"book",1321,225,200,1121,-3.04,-2.44,6.44,1.65,0.96,0.95,0,0.01,544.25,11.47,3366737.99,10.07
3843,"book",2320,452,164,2156,-3.01,-2.33,7.34,1.71,0.93,0.92,0,0.05,672.39,10.28,4733101.2,9.03
3844,"book",763,122,162,601,-3.23,-2.8,7.88,1.86,0.99,1,0,0,717.61,16.44,5368219.43,15.36
3845,"book",1054,196,155,899,-2.97,-2.2,7.13,1.4,0.97,0.96,0,0.01,579.83,9.03,3722953.96,7.62
3846,"book",1071,183,156,915,-3.09,-2.33,7.71,1.84,0.98,0.97,0,0.01,707.33,10.28,4489186.54,9.23
3847,"book",720,137,134,585,-2.67,-1.83,8.83,1.46,0.95,0.93,0,0.01,544.61,6.23,3590110.33,5.08
3848,"book",796,153,132,664,-2.7,-1.7,6.99,1.52,0.98,0.99,0,0.01,561.64,5.47,3394119.66,4.43
3849,"book",894,147,149,745,-2.92,-2.23,6.37,1.59,0.97,1,0,0,477.73,9.3,2346917.02,8.22
3850,"book",765,141,142,623,-2.72,-1.91,7.07,1.6,0.88,0.86,0,0.03,616.76,6.75,4476891.24,5.67
3851,"book",756,132,147,608,-2.9,-1.87,8.17,1.64,0.95,1,0,0,611.26,6.46,4284073.97,5.3
3852,"book",826,150,148,678,-3.34,-2.41,9.51,1.6,0.98,0.98,0,0.01,1056.97,11.14,7771593.5,9.96
3853,"book",815,147,166,649,-3.2,-2.31,8.01,1.75,1,1,0,0,778.74,10.07,4754335.81,8.85
3854,"book",796,144,151,645,-2.76,-1.92,7.42,1.45,0.97,0.96,0,0.02,684.38,6.86,5002567.15,5.54
3855,"book",816,163,123,693,-2.64,-1.72,8.72,1.36,0.96,0.95,0,0.02,656.56,5.58,5090083.51,4.42
3856,"book",813,151,159,654,-2.86,-2.21,7.6,1.77,0.97,0.99,0,0.01,658.92,9.12,4483989.64,7.92
3857,"book",780,145,158,622,-2.74,-1.79,6.32,1.39,0.95,0.96,0,0.01,473.79,5.99,2256309.96,4.88
3858,"book",705,126,126,579,-3.03,-2.34,6.96,1.74,0.96,0.95,0,0.02,526.07,10.38,2962559.18,9.05
3859,"book",739,129,148,590,-3.26,-2.48,9.03,1.81,0.97,0.96,0,0.02,899.46,11.94,7103392.45,10.89
3860,"book",849,150,152,697,-3.2,-2.46,9.48,1.81,0.98,0.98,0,0.02,846.14,11.7,6115123.13,10.5
3861,"book",1035,214,135,900,-2.78,-1.7,8.55,1.52,0.97,0.97,0,0.01,674.53,5.48,4579788.37,4.43
3862,"book",1092,201,165,927,-3.21,-2.12,10.7,1.71,0.97,0.97,0,0.01,869.59,8.33,6250295.01,7.22
3863,"book",778,146,131,647,-3.39,-2.5,9.09,1.96,0.99,1,0,0,831.53,12.12,5619879.02,11.01
3864,"book",905,176,137,768,-2.82,-1.9,9.41,1.6,0.97,0.97,0,0.03,800.44,6.69,5912056.64,5.64
3865,"book",861,176,144,717,-2.4,-1.44,6.69,1.17,0.97,0.97,0,0.02,419.41,4.22,2656838.45,3.16
3866,"book",772,133,156,615,-3.27,-2.16,10.59,1.48,0.99,0.98,0,0.01,931.91,8.67,6968963.72,7.45
3867,"book",1001,192,143,858,-3.15,-2.28,8.72,1.74,0.99,0.99,0,0.01,828.09,9.78,5486146.91,8.68
3868,"book",1023,192,149,874,-2.84,-1.96,8.95,1.64,0.96,0.97,0,0.02,714.84,7.06,4977374.84,5.99
3869,"book",1130,230,146,984,-3.23,-2.2,8.57,1.72,0.99,0.99,0,0.01,811.97,9.03,5587155.46,7.87
3870,"book",777,127,151,626,-3.16,-2.17,10.04,1.83,1,1,0,0,809.46,8.76,5619686.62,7.74
3871,"book",917,171,140,776,-3.07,-2.08,7.61,1.71,0.97,0.97,0,0.01,727.72,8,4861404.12,6.87
3872,"book",1024,196,137,887,-3.18,-2.22,9.56,1.72,0.99,1,0,0,920.29,9.17,6492966.03,8.04
3873,"book",939,189,130,809,-2.94,-1.99,8.91,1.55,0.78,0.8,0.01,0.05,810.01,7.32,6201952.01,6.19
3874,"book",731,127,137,594,-3.09,-2.22,8.38,1.72,1,1,0,0,809.9,9.21,5555362.77,8.17
3875,"book",749,125,141,608,-2.76,-2.04,6.43,1.3,0.95,0.96,0,0.04,469.32,7.69,2954529.25,6.39
3876,"book",773,140,133,640,-3.51,-2.45,12.81,1.9,0.99,1,0,0,961.26,11.59,6690441.22,10.35
3877,"book",1148,230,130,1018,-2.96,-2.08,8.88,1.65,0.98,0.97,0,0.01,866.27,7.96,6281971.13,6.85
3878,"book",818,138,167,651,-3.24,-2.15,9.69,1.87,0.99,1,0,0,1055.97,8.59,7618942.52,7.58
3879,"book",754,142,118,636,-2.85,-2.44,6.47,1.68,0.99,1,0,0,608.61,11.48,4796831.6,10.41
3880,"book",830,155,124,705,-3.47,-2.42,10.25,1.97,0.98,0.98,0,0.01,1253.15,11.25,9048481.27,10.24
3881,"book",889,158,142,746,-3.09,-2.24,8.81,1.65,0.98,0.98,0,0.02,648.29,9.36,3718272.82,8.08
3882,"book",765,145,135,630,-3.29,-2.15,9.4,1.61,0.99,0.99,0,0.01,893.73,8.58,6560991.51,7.32
3883,"book",768,142,144,624,-2.55,-2.01,6.69,1.7,0.88,0.92,0.01,0.04,463.54,7.46,3242097.27,6.4
3884,"book",876,158,158,718,-3.01,-2.16,9.49,1.84,0.9,0.9,0,0.04,846.19,8.68,5883464.66,7.51
3885,"book",860,165,146,713,-3.31,-2.79,8.7,1.96,0.97,0.97,0,0.01,918.29,16.28,6220418.64,15.11
3886,"book",1213,232,151,1062,-2.67,-1.76,7.47,1.35,0.91,0.89,0,0.01,585.43,5.81,4311045.84,4.65
3887,"book",781,130,170,611,-3.22,-2.2,9.87,1.67,0.99,0.99,0,0.01,931.47,9.03,6100154.46,7.97
3888,"book",722,129,133,589,-2.87,-2.11,6.77,1.44,0.98,1,0,0,556.55,8.25,3638100.18,7.09
3889,"book",1000,189,149,851,-2.8,-2.27,6.8,1.55,0.97,0.97,0,0.01,517.01,9.68,3411731.44,8.36
3890,"book",794,156,145,649,-3.07,-2.1,9.42,1.65,0.95,0.95,0,0.03,814.34,8.21,5852286.17,7.01
3891,"book",956,180,140,816,-3.12,-2.08,8.8,1.64,0.99,1,0,0,817.22,8.05,5794984.84,6.93
3892,"book",1021,195,138,882,-3.47,-2.51,10.79,2.05,0.97,0.97,0,0.01,1076.1,12.3,7144788.8,11.22
3893,"book",787,142,139,647,-3.28,-2.24,9.52,1.89,0.99,0.99,0,0.01,811.04,9.4,5994761.88,8.33
3894,"book",742,145,140,602,-2.94,-2.03,7.95,1.64,0.98,0.97,0,0.01,598.74,7.61,3708065.4,6.59
3895,"book",828,156,139,689,-2.96,-1.89,8.94,1.44,0.99,1,0,0,760.82,6.62,5027649.83,5.46
3896,"book",1092,216,131,961,-2.91,-1.96,7.85,1.39,0.97,0.97,0,0.01,693.29,7.1,4615465.27,5.96
3897,"book",945,185,137,808,-3.02,-2.21,8.48,1.8,0.99,0.99,0,0.01,704.19,9.12,4512794.3,7.96
3898,"book",1068,203,158,910,-3.21,-2.52,7.99,1.76,0.98,0.98,0,0,796.22,12.43,5247375.83,11.29
3899,"book",870,165,166,704,-2.57,-1.54,7.63,1.3,0.96,0.96,0,0.01,665.1,4.66,5148303.63,3.61
3900,"book",757,147,127,630,-2.61,-1.93,6.28,1.48,0.96,0.95,0,0.05,499.87,6.89,3427851.32,5.88
3901,"book",932,174,132,799,-2.82,-1.81,7.43,1.2,0.94,0.93,0,0.01,641.15,6.08,4837230.25,4.79
3902,"book",731,127,157,573,-3.38,-2.65,6.89,1.74,0.94,0.94,0,0.02,661,14.15,3295165.99,12.92
3903,"book",1103,224,129,974,-2.7,-1.8,6.92,1.46,0.91,0.96,0.01,0.04,501.47,6.05,3005912.81,4.98
3904,"book",825,153,129,696,-3.02,-2.12,8.34,1.57,0.97,0.97,0,0.03,829.43,8.33,5547238.69,7.21
3905,"book",1147,205,151,995,-2.76,-1.98,6.65,1.53,0.98,0.98,0,0.01,457.44,7.24,2994460.9,6.05
3906,"book",894,166,154,740,-3.02,-2.33,7.27,1.64,0.97,0.96,0,0.02,734.95,10.28,5208614.53,9.03
3907,"book",768,142,156,612,-2.95,-2.16,7.6,1.74,0.97,0.97,0,0.01,698.15,8.73,4922915.75,7.42
3908,"book",723,135,138,585,-3.07,-2.1,9.5,1.72,0.99,1,0,0,775.32,8.17,5269481.51,7.12
3909,"book",1018,203,141,877,-2.97,-2.06,8.08,1.6,1,1,0,0,726.98,7.85,5147822.32,6.77
3910,"book",786,147,147,639,-3.01,-2.31,6.53,1.59,0.99,0.99,0,0.01,657.2,10.07,4454685.34,8.95
3911,"book",808,132,156,652,-3.05,-2.12,9.19,1.72,0.99,1,0,0,902.72,8.32,6870934.97,7.18
3912,"book",720,134,122,598,-3.33,-2.24,9.74,1.69,0.99,0.99,0,0.01,959.63,9.36,6088047.48,8.16
3913,"book",831,147,150,680,-3.28,-2.61,10.53,1.94,0.99,1,0,0,937.17,13.6,7048308.74,12.43
3914,"book",1151,227,134,1016,-3.08,-2.42,8.53,1.7,0.95,0.94,0,0.01,758.45,11.25,5352627.98,10.03
3915,"book",863,170,131,732,-3.21,-2.25,9.78,1.63,0.98,1,0,0.01,819.46,9.48,5434895.18,8.02
3916,"book",993,197,156,837,-2.79,-2.09,7.5,1.49,0.9,0.91,0,0.01,516.25,8.08,4051791.22,6.91
3917,"book",835,153,159,676,-3.35,-2.29,11.67,1.79,0.94,0.89,0,0.05,897.86,9.87,6080948.16,8.62
3918,"book",1142,207,147,995,-2.79,-2.04,7.83,1.72,0.97,0.95,0,0.03,586.19,7.69,3736500.66,6.56
3919,"book",1138,202,139,999,-3.45,-2.68,10.4,1.91,0.96,0.95,0,0.01,997.67,14.52,6935689.71,13.45
3920,"book",876,162,159,717,-3.13,-2.18,8.33,1.79,1,1,0,0,853.71,8.9,5651970.51,7.85
3921,"book",884,161,147,737,-2.87,-1.9,8.1,1.56,0.7,0.68,0.02,0.07,690.92,6.69,4906561.33,5.47
3922,"book",1081,207,128,953,-2.66,-1.75,7.34,1.36,0.97,0.98,0,0.02,557,5.75,3488944.07,4.54
3923,"book",838,154,133,705,-3.06,-2.13,6.88,1.52,0.99,1,0,0,635.6,8.42,4033050.81,7.09
3924,"book",927,165,139,788,-2.89,-1.81,9.64,1.54,0.99,0.99,0,0.01,728.64,6.11,5510672.5,4.99
3925,"book",737,154,120,617,-2.65,-1.71,6.62,1.25,0.95,0.94,0,0.03,481.86,5.53,2866348.96,4.32
3926,"book",759,149,137,622,-2.52,-1.66,6.68,1.34,0.93,0.92,0,0.01,418.26,5.26,2461269.07,4.11
3927,"book",696,124,138,558,-3.17,-2.16,8.61,1.69,0.98,0.97,0,0.01,839.26,8.67,5610321.07,7.5
3928,"book",844,153,161,683,-3.21,-1.91,10.69,1.5,0.93,0.93,0,0.01,1087.45,6.75,8087123.8,5.66
3929,"book",1047,197,163,884,-3.06,-2.21,8.27,1.83,0.99,0.99,0,0.01,735.86,9.12,4093137.3,8.05
3930,"book",746,139,127,618,-2.52,-1.72,6.58,1.42,0.96,0.94,0,0.01,443.63,5.58,2608780.67,4.51
3931,"book",849,166,129,720,-2.86,-1.92,9.57,1.48,0.97,0.96,0,0.01,662.13,6.82,4930891.25,5.61
3932,"book",1047,195,146,901,-3.09,-2.2,7.99,1.52,0.99,1,0,0,672.99,9.03,4418182.53,7.65
3933,"book",948,170,146,802,-2.82,-1.94,9.33,1.54,0.95,0.96,0,0.02,716.55,7,4916784.14,5.79
3934,"book",896,161,161,735,-3.03,-2.19,7.72,1.53,0.99,1,0,0,576.12,8.94,3974765.85,7.59
3935,"book",940,176,159,780,-2.72,-2.02,6.83,1.73,0.98,0.98,0,0.02,562.22,7.58,3211255.21,6.5
3936,"book",981,178,164,817,-3,-2.36,7.82,1.88,0.96,0.95,0,0.03,594.26,10.59,3687318.87,9.54
3937,"book",710,122,145,565,-3.01,-2.2,8.43,1.69,0.98,0.98,0,0.02,738.12,9.03,5165122.43,7.81
3938,"book",816,152,123,692,-2.6,-1.64,7.71,1.38,0.96,1,0,0,569.32,5.18,4229317.8,4.13
3939,"book",841,155,146,694,-3.24,-2.46,7.97,1.64,0.98,0.97,0,0.01,680.36,11.7,4974221.33,10.54
3940,"book",909,162,135,774,-2.74,-2.02,6.27,1.41,0.99,0.99,0,0.01,490.36,7.58,3571117.37,6.33
3941,"book",743,144,144,599,-2.57,-1.79,7.32,1.47,0.93,0.98,0.01,0.03,564.54,5.99,3913114.35,4.96
3942,"book",789,143,144,644,-2.71,-1.52,8.22,1.36,0.94,0.99,0.01,0.01,652.36,4.57,4395458.37,3.53
3943,"book",826,141,129,696,-3.22,-2.19,11.05,1.93,0.99,1,0,0,988.14,8.94,7483100.94,7.9
3944,"book",940,179,155,785,-2.74,-1.87,6.54,1.39,0.97,0.97,0,0.01,530.04,6.49,3819570.53,5.37
3945,"book",889,172,163,725,-2.46,-1.71,7.91,1.19,0.98,0.99,0,0.01,453.01,5.53,3242345.28,4.24
3946,"book",812,148,135,677,-3.31,-2.28,9.84,1.71,0.99,1,0,0,828.33,9.73,5387203.52,8.66
3947,"book",1002,199,136,866,-3.17,-2.35,8.49,1.76,0.97,0.97,0,0.02,833.37,10.49,5891670.41,9.4
3948,"book",989,189,162,826,-3.41,-2.26,10.46,1.69,0.99,0.99,0,0,1046.55,9.58,7038209.65,8.52
3949,"book",1248,253,131,1117,-3.21,-2.56,8.67,1.9,0.96,0.95,0,0.02,747.54,12.94,5140934.27,11.82
3950,"book",858,159,154,704,-2.98,-2.44,8.3,1.74,0.95,0.93,0,0.02,632.9,11.47,4261027.01,10.39
3951,"book",1108,234,125,983,-2.9,-2.13,8.62,1.69,0.99,1,0,0,623.58,8.46,4408955.95,7.34
3952,"book",833,154,115,718,-2.94,-2.38,5.85,1.34,0.93,0.9,0,0.03,507.61,10.82,3463838.68,9.35
3953,"book",783,134,142,640,-2.5,-1.62,6.71,1.34,0.83,0.76,0.02,0.1,507.4,5.09,3996171.95,4.08
3954,"book",811,134,161,650,-2.43,-1.72,5.14,1.26,0.89,0.86,0,0.03,386.38,5.61,2982804.51,4.4
3955,"book",972,162,161,811,-2.46,-1.82,6.2,1.45,0.83,0.79,0.01,0.05,357.45,6.14,2084182.6,5.04
3956,"book",828,142,180,648,-2.72,-2,6.08,1.52,0.97,0.97,0,0.01,455.66,7.39,2912146.35,6.16
3957,"book",846,151,150,696,-2.98,-2.36,7.32,1.47,0.94,0.94,0,0.02,741.44,10.59,5887239.38,8.96
3958,"book",917,161,165,752,-2.38,-1.84,5.05,1.56,0.95,0.94,0,0.02,261.92,6.3,1595339.76,5.27
3959,"book",764,138,146,618,-2.52,-1.89,6,1.56,0.7,0.66,0.03,0.09,434.27,6.62,2894890.23,5.61
3960,"book",774,136,162,612,-2.95,-2.26,5.66,1.53,0.88,0.84,0,0.04,488.14,9.54,3246935.65,8.13
3961,"book",758,137,140,618,-2.83,-2.39,5.71,1.39,0.99,1,0,0,446.78,10.91,2988645.21,9.05
3962,"book",734,120,159,575,-2.84,-2.3,5.57,1.39,0.98,1,0,0,455.7,10.02,3153585.44,8.43
3963,"book",957,164,151,806,-2.51,-1.77,5.69,1.26,0.84,0.76,0.01,0.05,445,5.87,2722141.36,4.78
3964,"book",1121,235,145,976,-2.54,-1.95,5.4,1.36,0.91,0.9,0,0.02,387.12,7.03,2423289.86,5.77
3965,"book",926,156,144,782,-2.91,-2.09,6.69,1.39,0.99,0.99,0,0.01,603.11,8.09,4002335.92,6.66
3966,"book",813,147,168,645,-3.04,-2.58,6.21,1.75,0.87,0.85,0.01,0.03,513.8,13.2,3755742.19,11.94
3967,"book",839,141,147,692,-2.96,-2.31,6.19,1.57,0.97,0.98,0,0.01,519.57,10.07,2814800.15,8.8
3968,"book",802,152,142,660,-3.03,-2.31,7.58,1.7,0.93,0.9,0,0.01,721.72,10.07,5121594.86,8.67
3969,"book",737,132,147,590,-3,-2.14,6.58,1.49,0.93,0.92,0,0.01,623.3,8.54,4529036.8,7.35
3970,"book",666,120,125,540,-2.82,-2.17,6.4,1.39,0.91,0.91,0,0.01,467.86,8.8,3003109.51,7.49
3971,"book",826,149,154,671,-2.39,-1.63,6.75,1.34,0.87,0.94,0.01,0.06,489.46,5.1,3868163.83,3.94
3972,"book",889,149,133,756,-2.88,-1.87,7.89,1.48,1,1,0,0,697.09,6.49,5185895.2,5.41
3973,"book",706,121,163,542,-2.73,-2.11,6.01,1.54,0.86,0.83,0.01,0.04,402.75,8.25,2416725.83,7.13
3974,"book",833,149,147,686,-2.49,-1.91,5.56,1.14,0.87,0.86,0.01,0.07,393.1,6.75,2735334.55,5.37
3975,"book",844,146,174,670,-2.62,-1.69,6.93,1.34,0.75,0.7,0.03,0.1,457.78,5.43,3023306.36,4.32
3976,"book",816,128,148,668,-2.82,-2.16,5.98,1.44,0.94,0.96,0,0.04,461.96,8.72,2716150.74,7.45
3977,"book",910,162,161,749,-2.04,-1.6,3.44,1.23,0.76,0.76,0.02,0.15,117.11,4.98,642107.33,3.76
3978,"book",963,191,127,836,-2.67,-2.17,5.55,1.57,0.93,0.93,0,0.01,351.62,8.76,1576147.83,7.62
3979,"book",866,160,143,723,-2.72,-2.06,5.91,1.46,0.94,0.94,0,0.03,473.34,7.88,3397602.2,6.57
3980,"book",802,140,166,636,-3.03,-2.54,6.9,1.72,0.9,0.92,0,0.05,433.11,12.62,2827141.29,11.34
3981,"book",789,140,157,632,-2.13,-1.41,5.67,1.12,0.77,0.71,0.02,0.05,309.72,4.1,2225851.48,2.99
3982,"book",743,134,146,597,-2.48,-1.84,5.12,1.47,0.73,0.69,0.01,0.03,278.71,6.3,1383267.14,5.23
3983,"book",843,150,169,674,-2.71,-2.12,6.69,1.52,0.96,0.96,0,0.01,573.35,8.3,3616275.83,7.11
3984,"book",811,136,182,628,-2.8,-2.33,5.11,1.5,0.93,0.94,0,0.05,287.5,10.23,1101467.45,8.68
3985,"book",922,169,149,773,-2.45,-1.89,5.43,1.59,0.81,0.78,0.01,0.04,320.81,6.62,1941619.14,5.58
3986,"book",739,134,129,610,-2.81,-2.18,6.61,1.63,0.95,0.97,0,0.03,525.44,8.85,3553960.34,7.71
3987,"book",1183,240,155,1028,-2.3,-1.58,6.03,1.35,0.67,0.6,0.02,0.03,376.43,4.85,2534295.69,3.82
3988,"book",1149,222,159,989,-2.91,-2.36,6.77,1.65,0.81,0.83,0.01,0.02,447.71,10.59,2918937.76,9.38
3989,"book",974,172,145,829,-2.57,-1.72,5.89,1.31,0.82,0.78,0.01,0.02,473.97,5.62,3316085.66,4.41
3990,"book",1097,204,137,960,-2.76,-2.22,5.79,1.72,0.77,0.77,0.01,0.03,442.14,9.21,2745002.35,8.04
3991,"book",673,126,145,528,-2.71,-2.31,5.76,1.68,0.88,0.86,0,0.03,419.07,10.07,2506029.12,8.83
3992,"book",904,159,147,757,-2.92,-2.26,6.83,1.41,0.91,0.87,0.01,0.05,599.12,9.58,4615039.01,8.33
3993,"book",783,138,168,615,-2.64,-2.09,5.86,1.58,0.94,0.94,0,0.02,434.4,8.12,2859206.46,6.92
3994,"book",800,134,140,660,-3.13,-2.67,6.7,1.81,0.98,0.99,0,0.01,578.91,14.44,4017731.78,13.32
3995,"book",720,128,146,574,-2.72,-2.37,5.86,1.55,0.92,0.96,0.01,0.04,536.56,10.72,4247982.91,9.54
3996,"book",780,138,138,642,-2.88,-1.98,8.26,1.66,0.82,0.83,0.01,0.03,655.09,7.24,4986225.55,6.16
3997,"book",775,139,156,619,-2.64,-1.97,5.84,1.42,0.88,0.92,0.01,0.05,401.61,7.17,2259808.77,5.9
3998,"book",883,174,146,737,-2.71,-1.91,6.8,1.56,0.87,0.85,0,0.02,521.06,6.76,3455575.05,5.75
3999,"book",1059,192,177,882,-2.85,-2.26,5.94,1.3,0.88,0.83,0.01,0.03,490.96,9.64,3373703.15,7.98
4000,"book",826,148,160,666,-2.31,-1.84,4.49,1.38,0.85,0.8,0.01,0.07,266.11,6.26,1792756.46,5.11
4001,"book",831,150,149,682,-2.38,-1.58,5.41,1.27,0.86,0.86,0,0.03,384.19,4.88,2585983.1,3.7
4002,"book",805,140,167,638,-2.58,-1.72,6.3,1.38,0.93,0.92,0,0.02,527.08,5.56,3952676.59,4.48
4003,"book",835,148,154,681,-2.31,-1.56,4.82,1.21,0.87,0.86,0,0.02,265.65,4.76,1515370.12,3.56
4004,"book",786,128,132,654,-2.61,-2.04,6.47,1.43,0.85,0.78,0.01,0.03,446.09,7.73,3177509.89,6.43
4005,"book",676,123,137,539,-2.55,-1.81,6.13,1.18,0.96,0.95,0,0.05,458.54,6.11,3110379.37,4.91
4006,"book",824,139,176,648,-3.21,-2.34,8.54,1.85,0.94,0.97,0,0.03,753.93,10.38,5223290.26,9.23
4007,"book",874,154,140,734,-2.6,-1.97,5.98,1.29,0.91,0.89,0,0.04,514.66,7.17,3447122.94,5.79
4008,"book",810,143,135,675,-2.61,-2.18,5.65,1.51,0.89,0.86,0.01,0.03,441.15,8.85,3471713.76,7.47
4009,"book",927,174,168,759,-2.84,-2.17,5.82,1.61,0.97,0.98,0,0.02,453.74,8.76,3097971.78,7.62
4010,"book",883,159,174,708,-2.88,-2.22,7.97,1.54,0.95,0.95,0,0.05,578.21,9.21,4428916.85,8.07
4011,"book",754,146,146,608,-2.47,-1.86,5.45,1.48,0.91,0.92,0,0.07,394.18,6.42,2879802.43,5.36
4012,"book",890,171,152,738,-2.4,-1.64,5.87,1.36,0.96,0.97,0,0.03,413.14,5.16,2961504.38,4.01
4013,"book",711,123,143,568,-2.69,-1.83,7.17,1.52,0.96,0.95,0,0.02,503.21,6.23,3187872.82,5.19
4014,"book",757,122,164,593,-2.74,-2.14,7.53,1.61,0.86,0.84,0,0.02,453.15,8.54,2991656.56,7.29
4015,"book",785,122,181,604,-3.09,-2.42,8.13,2.04,0.94,0.93,0,0.04,616.69,11.25,3493355.37,10.11
4016,"book",765,126,150,615,-2.63,-2.17,6.12,1.77,0.78,0.78,0.01,0.06,263.67,8.82,1097089.25,7.69
4017,"book",718,132,151,567,-2.13,-1.43,4.2,1.2,0.85,0.95,0.02,0.05,137.75,4.18,288320.19,3.07
4018,"book",778,136,142,636,-2.78,-2.1,6.91,1.41,0.88,0.85,0,0.02,670.29,8.17,5342651.91,6.96
4019,"book",886,145,172,714,-2.49,-2.15,4.58,1.5,0.87,0.86,0,0.03,246.56,8.58,1424759.81,7.37
4020,"book",695,120,147,548,-2.64,-2.06,6.24,1.69,0.88,0.86,0.01,0.1,487.48,7.88,3377753.33,6.73
4021,"book",766,135,148,618,-2.54,-2.1,5.09,1.62,0.89,0.88,0,0.02,250.75,8.17,1553733.06,7.05
4022,"book",936,172,141,795,-2.58,-1.94,5.96,1.48,0.93,0.91,0,0.03,409.7,6.96,2622285.58,5.83
4023,"book",666,125,137,529,-2.89,-2.07,7.89,1.52,0.99,1,0,0,746.22,7.92,5258505.06,6.84
4024,"book",781,148,123,658,-3.05,-2.22,8.47,1.71,0.96,0.94,0,0.01,744.66,9.22,5147390.58,8.15
4025,"book",848,158,152,696,-2.85,-1.96,8.67,1.6,0.99,1,0,0,674.05,7.1,4864407.35,6.04
4026,"book",833,157,137,696,-2.54,-1.73,6,1.21,0.97,0.96,0,0.01,501.35,5.64,3568613.03,4.33
4027,"book",723,130,131,591,-2.79,-1.92,7.74,1.42,0.99,0.99,0,0.01,672.9,6.8,4650022.22,5.55
4028,"book",771,153,133,638,-2.87,-2.24,5.98,1.66,0.95,0.96,0,0.04,450.23,9.39,3128391.45,8.37
4029,"book",720,133,129,590,-3.17,-2.48,6.68,1.55,0.99,1,0,0,608.5,11.94,3491122.23,10.29
4030,"book",750,149,128,622,-3.59,-2.63,9.33,1.87,0.99,1,0,0,952.19,13.87,6002718.95,12.52
4031,"book",903,164,138,765,-3.36,-2.63,9.22,2.02,0.97,0.97,0,0.01,1023.13,13.96,7211551.56,12.79
4032,"book",753,134,149,604,-3.52,-2.62,9.17,1.86,0.98,0.98,0,0.02,1139.93,13.74,7637024.44,12.3
4033,"book",812,153,143,669,-3.3,-2.46,7.78,1.85,0.95,0.94,0,0.01,716.03,11.7,4887345.99,10.49
4034,"book",873,173,128,745,-3.24,-2.12,9.88,1.57,0.94,0.93,0,0.01,821.43,8.33,5780281.83,7.2
4035,"book",761,141,153,608,-3.54,-2.74,9.76,2.11,0.99,1,0,0,993.49,15.49,6242430.47,14.43
4036,"book",1060,225,123,936,-3.22,-2.56,7.55,1.81,0.96,0.96,0,0.02,646.6,12.94,3989125.3,11.82
4037,"book",701,128,146,555,-3.58,-2.39,9.38,1.51,0.98,0.98,0,0.01,1155.61,10.92,7719641.49,9.07
4038,"book",812,169,117,695,-3.01,-2.33,6.8,1.63,0.99,1,0,0,525.29,10.28,2750284.15,9.07
4039,"book",940,186,141,799,-2.7,-1.94,6.31,1.38,0.8,0.78,0.01,0.04,455.42,6.96,2387167.17,5.83
4040,"book",842,159,141,701,-3,-2.35,8.08,1.67,0.92,0.91,0,0.03,623.76,10.49,4326518.83,9.29
4041,"book",1176,230,135,1040,-3.01,-2.28,6.9,1.49,0.89,0.88,0,0.05,548.44,9.77,3474879.68,8.75
4042,"book",797,144,128,668,-2.85,-2.12,6.62,1.47,0.89,0.87,0,0.04,496.74,8.38,2991141.5,7.19
4043,"book",746,143,139,607,-2.77,-2.3,6.18,1.75,0.92,0.92,0,0.04,473.31,9.97,3136662.31,8.91
4044,"book",679,128,128,550,-2.7,-1.96,7.2,1.31,0.98,0.99,0,0.01,633.13,7.14,4388987.49,5.98
4045,"book",755,146,130,624,-2.97,-2.58,5.83,1.54,0.98,0.99,0,0.01,420.98,13.2,2357818.05,11.85
4046,"book",801,149,154,647,-3.17,-2.37,8.25,1.61,0.98,1,0,0,879.34,10.7,5961417.01,9.5
4047,"book",741,143,142,599,-3.32,-2.28,9.7,1.79,0.95,0.95,0,0.01,958.6,9.78,7033094.98,8.7
4048,"book",667,133,119,547,-2.84,-1.87,6.08,1.48,0.97,0.97,0,0.03,466.21,6.49,2981696.13,5.32
4049,"book",675,129,154,521,-3.99,-3.39,13,2.18,1,1,0,0,1481.67,29.67,10846112.57,28.33
4050,"book",838,158,130,708,-3.52,-2.64,9.02,2.12,0.99,0.99,0,0.01,900.69,14.08,6045869.61,13
4051,"book",775,152,150,625,-3.24,-2.41,8.78,1.61,0.98,0.98,0,0.01,819.68,11.14,5864030.63,9.78
4052,"book",742,167,115,627,-2.98,-2.16,6.88,1.68,0.99,0.99,0,0.01,553.13,8.67,3533547.94,7.47
4053,"book",729,150,126,603,-2.92,-2.3,7.11,1.48,0.98,0.97,0,0.01,447.31,9.97,3283560.98,8.53
4054,"book",833,158,149,684,-2.74,-1.72,8.35,1.26,0.88,0.86,0,0.02,719.31,5.58,5296869.06,4.36
4055,"book",1398,300,139,1259,-3.46,-2.79,7.79,1.92,0.94,0.91,0,0.01,730.1,16.28,4570753.63,15.14
4056,"book",1065,195,142,922,-3.74,-2.92,10.21,2.07,0.98,0.98,0,0.01,1238.25,18.54,8595929.1,17.35
4057,"book",681,125,140,540,-3.42,-2.54,9.43,1.63,0.99,0.98,0,0.01,1042.43,12.68,7686165.41,11.36
4058,"book",680,129,144,536,-3.61,-2.44,10.86,1.85,0.97,0.96,0,0.02,1287.97,11.47,9004428.69,10.25
4059,"book",819,146,137,682,-3.25,-2.18,9.8,1.83,0.96,0.97,0,0.03,997.04,8.85,6738015.04,7.75
4060,"book",724,133,157,567,-2.69,-2.01,6.59,1.55,0.97,0.97,0,0.02,554.08,7.46,3413187.84,6.25
4061,"book",741,142,119,622,-3.43,-2.36,9.43,1.96,1,1,0,0,1067.51,10.6,7423841.01,9.49
4062,"book",1011,201,139,872,-3.25,-2.56,9.67,1.97,0.96,0.95,0,0.01,887.86,12.94,6106016.98,11.84
4063,"book",707,145,137,570,-3.01,-2.08,9.27,1.49,0.97,1,0,0,996.4,8,8135985.84,6.94
4064,"book",758,129,148,610,-3.15,-2.57,8.4,1.8,0.98,0.98,0,0.02,619.39,13.07,4310512.34,11.81
4065,"book",815,150,139,675,-3.06,-2.08,9.67,1.67,0.99,1,0,0,795.54,8.01,5487471.26,6.92
4066,"book",726,125,140,586,-2.91,-2.29,7.64,1.78,0.95,0.96,0,0.01,631.4,9.87,4130701.21,8.72
4067,"book",1212,243,143,1069,-3.02,-2.15,8.2,1.6,0.92,0.91,0,0.01,813.6,8.58,5711661.5,7.37
4068,"book",828,155,128,700,-3.54,-2.48,10.24,2.01,0.99,1,0,0,1138.4,11.94,7666436.24,10.83
4069,"book",889,191,114,775,-2.47,-1.59,6.65,1.27,0.98,0.98,0,0.02,513.44,4.9,3584800.52,3.79
4070,"book",781,155,119,662,-3,-2.18,7.56,1.72,1,1,0,0,716.94,8.85,5194783.1,7.81
4071,"book",1312,291,136,1176,-2.55,-1.77,6.38,1.42,0.89,0.86,0,0.01,500.16,5.87,3713873.6,4.76
4072,"book",734,125,152,582,-3.37,-2.5,9.61,2.05,0.99,1,0,0,899.22,12.18,5614412.33,11.03
4073,"book",738,134,148,590,-2.53,-1.63,6.73,1.21,0.97,0.97,0,0.01,449.59,5.11,2821210.14,4.04
4074,"book",823,142,157,666,-3.03,-2,8.56,1.73,0.92,0.91,0,0.03,676.5,7.42,4148071.53,6.3
4075,"book",911,173,137,774,-3.13,-2.17,8.1,1.68,0.98,0.98,0,0.01,722.49,8.76,4903526.44,7.65
4076,"book",856,155,144,711,-3.6,-2.79,9.03,1.96,0.95,0.94,0,0.02,918.16,16.28,5575429.35,14.93
4077,"book",856,146,146,709,-3.14,-2.18,7.5,1.67,0.94,0.92,0,0.01,632.86,8.9,4170058.57,7.82
4078,"book",793,150,138,654,-3.29,-2.04,10.45,1.39,0.86,0.86,0,0.01,1148.57,7.74,8780112.99,6.62
4079,"book",929,182,139,790,-3.52,-2.37,11.18,1.84,0.96,0.97,0,0.03,1127.14,10.65,7696086.62,9.53
4080,"book",1198,236,133,1065,-3.38,-2.42,9.88,1.78,0.97,0.96,0,0.02,807.19,11.19,5334514.18,10.05
4081,"book",727,130,137,589,-2.88,-1.94,7.72,1.57,0.92,0.9,0,0.03,717.35,6.93,5200567.78,5.81
4082,"book",929,177,148,781,-3.63,-3.1,9.25,1.99,0.96,0.99,0,0.01,1011.66,22.2,6960537.62,20.77
4083,"book",743,151,137,606,-2.61,-1.63,8.06,1.43,0.97,0.97,0,0.01,571.12,5.1,4480431.31,4.06
4084,"book",1448,295,134,1314,-3.27,-2.37,10.19,1.91,0.91,0.89,0,0.01,966.42,10.7,6631104.81,9.68
4085,"book",719,128,142,577,-3.4,-2.4,8.16,1.71,0.98,0.98,0,0.01,779.34,11.03,5438628.82,9.92
4086,"book",776,143,148,628,-2.92,-2.37,6.51,1.46,0.96,0.98,0,0.02,492.82,10.7,2929294.58,9
4087,"book",740,130,141,598,-3.58,-2.65,10.81,1.83,0.99,0.99,0,0.01,1252.01,14.16,8960887.06,12.94
4088,"book",691,127,142,549,-2.89,-2.26,5.73,1.55,0.97,0.97,0,0.03,343.87,9.58,1465077.01,8.31
4089,"book",817,145,162,654,-3.06,-2.45,7.17,1.57,0.92,0.9,0,0.02,642.56,11.59,4362848.51,9.91
4090,"book",758,141,143,615,-2.92,-1.84,8.5,1.44,0.93,0.91,0,0.03,707.54,6.3,4720878,5.19
4091,"book",722,126,143,579,-3.16,-2.54,7.51,2.03,0.99,1,0,0,615.18,12.71,3372651.49,11.45
4092,"book",1201,216,145,1056,-3.27,-2.37,7.8,1.68,0.95,0.94,0,0.02,872.28,10.7,6164652.81,9.37
4093,"book",862,147,150,712,-3.54,-2.43,12.77,1.91,1,1,0,0,1126.58,11.36,7849778.57,10.09
4094,"book",1396,275,148,1248,-2.69,-1.94,6.08,1.46,0.97,0.99,0,0.01,435.12,6.96,2487879.02,5.77
4095,"book",925,157,145,780,-2.55,-1.8,5.96,1.44,0.95,0.94,0,0.05,388.14,6.05,2468467.65,4.91
4096,"book",983,178,153,830,-2.49,-1.8,5.75,1.39,0.9,0.89,0,0.01,422.85,6.02,2546923.48,4.69
4097,"book",1035,209,152,883,-2.96,-2.08,7.08,1.52,0.88,0.86,0,0.02,633.88,8,4447837.4,6.64
4098,"book",1142,217,155,987,-2.78,-1.96,7.64,1.4,0.91,0.89,0,0.01,595.72,7.1,3994026.81,5.8
4099,"book",747,134,160,587,-2.72,-1.91,8.07,1.13,0.92,0.92,0,0.01,441.21,6.75,2670572.82,5.12
4100,"book",764,136,138,626,-3.46,-2.51,9.57,1.77,0.98,0.97,0,0.01,981.81,12.36,6987620.28,10.77
4101,"book",820,156,155,665,-2.45,-1.9,5.55,1.33,0.96,0.94,0,0.04,343.88,6.69,2010148.87,5.52
4102,"book",872,184,131,740,-2.39,-1.58,5.63,1.25,0.95,0.95,0,0.01,281.55,4.88,1624461.6,3.79
4103,"book",748,142,134,614,-2.68,-1.78,8.08,1.31,0.97,0.98,0,0.02,698.04,5.96,5411511.08,4.68
4104,"book",760,144,134,626,-3.07,-2.12,8.64,1.71,0.99,1,0,0,747.32,8.34,4925223.5,7.3
4105,"book",681,131,125,556,-2.81,-1.97,6.84,1.43,0.96,1,0,0,705.56,7.17,4615913,6.03
4106,"book",817,156,133,684,-2.84,-2.12,7.14,1.56,0.99,0.98,0,0,515.98,8.38,3602153.61,7.18
4107,"book",736,132,137,599,-2.65,-1.94,6.47,1.6,0.97,0.95,0,0.01,370.49,6.93,2043788.51,5.88
4108,"book",1006,207,121,884,-2.73,-1.74,7.88,1.55,0.96,0.95,0,0.01,517.56,5.7,3392948.74,4.63
4109,"book",995,205,138,857,-3.02,-2.21,7.9,1.47,0.96,0.95,0,0.02,635.64,9.12,4447694.04,7.6
4110,"book",797,154,141,656,-2.6,-1.94,5,1.33,0.96,0.95,0,0.01,303.33,6.92,1584580.77,5.5
4111,"book",793,152,117,675,-2.83,-1.88,6.96,1.51,0.98,0.98,0,0.01,532.9,6.56,2984960.75,5.38
4112,"book",705,131,134,571,-3.25,-2.11,9.6,1.66,0.97,0.97,0,0.01,986.24,8.25,6417705.2,7.06
4113,"book",751,133,137,614,-2.61,-1.9,5.73,1.53,1,1,0,0,424.88,6.69,2849744.75,5.63
4114,"book",726,148,135,591,-2.76,-1.94,6.51,1.39,0.97,0.96,0,0.02,525.21,7,3952903.25,5.85
4115,"book",851,153,137,713,-3.12,-2.47,6.96,1.83,0.97,0.97,0,0,519.49,11.82,2822359.46,10.61
4116,"book",720,145,137,583,-2.56,-1.95,5.83,1.36,0.98,0.98,0,0.02,325.21,7.03,1907288.5,5.65
4117,"book",708,129,146,561,-2.95,-2.26,8.44,1.74,0.99,1,0,0,695.72,9.58,4722426.09,8.38
4118,"book",649,124,123,526,-2.65,-1.84,6.54,1.38,0.99,1,0,0,504.59,6.35,2980781.04,5.08
4119,"book",737,133,160,577,-2.58,-1.81,5.13,1.45,0.98,0.98,0,0.02,359.21,6.11,2376639.94,4.95
4120,"book",845,158,128,717,-2.68,-1.94,5.74,1.48,0.93,0.95,0,0.04,370.74,6.96,1698490.21,5.72
4121,"book",682,131,133,549,-2.84,-2.43,7.02,1.79,0.92,0.89,0,0.01,441.07,11.36,3081655.37,10.11
4122,"book",1015,193,146,869,-2.63,-1.88,7.04,1.49,0.95,0.95,0,0.04,451.98,6.55,3217197.38,5.36
4123,"book",688,121,149,539,-2.49,-2.24,5.46,1.4,0.96,0.98,0,0.02,318.8,9.39,2318500.09,8.31
4124,"book",1014,182,169,845,-2.5,-1.94,5.14,1.32,0.98,0.98,0,0.02,319.14,6.96,2490001.76,5.65
4125,"book",828,162,122,706,-2.57,-1.88,6.44,1.42,0.94,0.92,0,0.04,403.33,6.56,2536909.88,5.41
4126,"book",739,136,144,594,-2.63,-1.78,5.43,1.19,0.97,0.97,0,0.02,404.64,5.93,2886522.49,4.63
4127,"book",960,187,132,827,-2.51,-1.94,4.97,1.34,0.98,0.98,0,0.01,341.2,6.96,2165830.96,5.79
4128,"book",738,143,129,609,-2.76,-2.27,7.26,1.86,0.98,0.98,0,0.01,520,9.68,3542027.63,8.53
4129,"book",721,123,148,573,-2.97,-2.49,6.25,1.66,0.93,0.96,0,0.04,538.92,12.06,3747595.32,10.86
4130,"book",923,163,138,785,-2.83,-2.14,6.05,1.41,1,1,0,0,472.07,8.5,2913490.73,7.08
4131,"book",922,169,133,789,-2.76,-2.08,6.55,1.47,0.96,0.94,0,0.01,607.8,8,4190362.78,6.88
4132,"book",688,134,125,563,-2.61,-1.79,5.79,1.07,0.97,0.95,0,0.01,427.35,5.99,2664942.93,4.49
4133,"book",664,122,126,538,-2.6,-2.12,4.73,1.34,0.98,0.97,0,0.02,382.15,8.38,2746196.29,7.13
4134,"book",783,131,134,649,-3.15,-2.34,8.27,1.72,0.99,0.99,0,0.01,784.95,10.38,5116920,9.04
4135,"book",707,139,137,570,-2.82,-1.96,7.68,1.38,0.98,0.97,0,0.02,612.93,7.1,3991127.49,5.75
4136,"book",755,130,150,604,-2.79,-2.17,6.31,1.42,0.97,1,0,0,535.48,8.8,3481611.44,7.45
4137,"book",795,146,138,657,-3.09,-2.54,7.01,1.76,0.98,0.98,0,0.01,632.64,12.68,4364671.26,11.49
4138,"book",1103,217,132,971,-2.74,-1.94,6.99,1.46,0.97,0.96,0,0.01,490.48,6.96,2978585.42,5.74
4139,"book",836,176,129,707,-2.56,-1.62,6.74,1.15,0.96,0.96,0,0.04,555.85,5.06,4217669.25,3.83
4140,"book",756,143,125,631,-2.95,-2.28,7.18,1.61,0.98,1,0,0,633.15,9.78,3886462.89,8.58
4141,"book",1202,253,125,1077,-2.94,-1.99,8.2,1.45,0.96,0.98,0,0.02,733.13,7.32,4873167.23,6.06
4142,"book",797,147,171,626,-3.04,-2.16,7.11,1.61,1,1,0,0,727.92,8.67,4994104.52,7.62
4143,"book",764,121,148,616,-3.74,-2.63,10.18,1.98,0.97,0.97,0,0.01,1035.86,13.87,6032227.09,12.19
4144,"book",840,137,171,669,-3.17,-2.18,7.72,1.72,0.97,0.97,0,0.02,726.97,8.85,4989757.67,7.83
4145,"book",750,142,115,635,-3.18,-2.33,8.37,1.76,0.98,1,0,0,813.05,10.28,5724244.33,8.96
4146,"book",1002,196,129,872,-2.93,-2.17,7.32,1.48,0.92,0.92,0,0.07,602.21,8.76,4135898.33,7.43
4147,"book",792,156,126,666,-2.88,-2.33,6.24,1.58,0.92,0.92,0.01,0.08,450.51,10.28,2773973.07,8.78
4148,"book",792,153,135,657,-2.92,-2.5,4.73,1.41,0.96,0.96,0,0.01,260.43,12.18,1026438.78,10.48
4149,"book",1399,278,147,1251,-3.21,-2.56,7.95,1.85,0.96,0.97,0,0.03,678.47,12.94,4480785.45,11.91
4150,"book",695,119,151,544,-3.33,-3,7.44,2.29,0.96,0.97,0,0.03,648.97,20.09,3572819.29,18.79
4151,"book",1042,193,157,885,-2.98,-2.23,7.02,1.64,0.98,0.97,0,0.01,589.96,9.3,3791051.88,8.07
4152,"book",761,131,164,596,-2.76,-2.1,6.38,1.64,0.97,1,0,0,448.16,8.17,2479275.01,7.04
4153,"book",758,123,165,593,-3.17,-2.59,7.61,2.07,0.98,1,0,0,600.14,13.33,3331105.8,12.06
4154,"book",800,151,123,677,-2.8,-2.08,7.19,1.58,0.97,0.96,0,0.04,660.29,8,4745145,6.93
4155,"book",766,126,146,620,-3.05,-2.38,7.86,1.8,0.95,0.94,0,0.02,561.65,10.76,3116192.27,9.6
4156,"book",1792,314,163,1629,-3.07,-2.04,8.15,1.5,0.94,0.93,0,0.03,800.94,7.69,5762691.03,6.44
4157,"book",779,139,144,634,-3.46,-2.28,9.87,1.59,0.88,0.88,0,0.03,1068.95,9.78,8109652.64,8.39
4158,"book",948,173,150,798,-3.05,-2.31,7.4,1.54,0.96,0.96,0,0.01,625.78,10.07,3665284.55,8.67
4159,"book",801,138,152,648,-3.49,-2.7,8.96,1.89,0.98,0.98,0,0.02,1031.27,14.96,6992751.95,13.59
4160,"book",988,197,133,855,-2.93,-2.05,8.73,1.4,0.96,0.99,0,0.01,634.87,7.77,4609041.43,6.43
4161,"book",972,166,164,807,-3.34,-2.98,6.91,2.27,0.96,0.95,0,0.01,496.54,19.7,1475825.42,18.49
4162,"book",977,169,137,840,-3.13,-2.46,7.83,1.71,0.98,0.97,0,0.01,578.07,11.7,3579103.35,10.47
4163,"book",1116,186,170,946,-3.2,-2.42,8.74,1.94,0.95,0.95,0,0.05,912.78,11.24,6104481.08,10.07
4164,"book",790,123,121,669,-3.77,-2.57,10.73,1.63,0.97,0.98,0,0.01,1285.42,13.07,9474467.56,11.67
4165,"book",913,165,158,755,-3.23,-2.31,8.32,1.76,0.93,0.91,0,0.01,816.14,10.07,5626445.97,8.77
4166,"book",775,127,163,612,-3.18,-2.32,8.14,1.59,0.88,0.84,0.01,0.03,881.3,10.18,6159703.28,8.78
4167,"book",950,152,172,778,-3.72,-2.86,10.8,2.01,0.95,0.93,0,0.01,1171.94,17.46,8695771.66,16.13
4168,"book",986,168,148,838,-3.49,-2.98,8.26,1.6,0.94,0.94,0,0.01,914.11,19.6,6226898.26,17.68
4169,"book",972,175,144,828,-3.03,-2.28,7.23,1.7,0.98,1,0,0,647.69,9.78,4034846.53,8.55
4170,"book",851,154,159,692,-2.97,-2.36,8.31,1.83,0.89,0.87,0,0.06,756.75,10.59,5333784.08,9.26
4171,"book",950,166,159,791,-3.06,-2.44,7.29,1.55,0.97,1,0,0,536.94,11.48,3183849.34,10.26
4172,"book",889,161,137,752,-2.73,-1.94,6.83,1.28,0.89,0.87,0,0.02,612.76,6.96,4509983.14,5.83
4173,"book",1097,218,141,956,-2.71,-1.67,6.86,1.24,0.85,0.8,0.01,0.03,497.85,5.34,3001556.02,4.12
4174,"book",707,132,134,573,-2.81,-2.01,6.29,1.4,0.96,0.95,0,0.01,460.31,7.5,2448029.75,6.29
4175,"book",1205,227,146,1059,-3.1,-2.4,8.07,1.73,0.95,0.96,0,0.04,737.52,11.02,4732846.72,9.63
4176,"book",812,144,143,669,-2.98,-2.03,7.36,1.67,0.98,0.99,0,0.01,597.05,7.64,3694631.33,6.61
4177,"book",1076,210,126,950,-2.72,-2.09,5.86,1.42,0.93,0.93,0,0.04,496.55,8.08,3467001.18,6.78
4178,"book",767,131,144,623,-3.29,-2.41,7.51,1.87,0.95,0.97,0,0.03,653.62,11.13,3152085.27,9.96
4179,"book",708,131,141,567,-3.02,-2.35,8.24,1.69,0.98,0.97,0,0.01,743.04,10.49,5562964.2,9.34
4180,"book",821,148,140,681,-3.22,-2.33,8.94,1.86,0.95,0.93,0,0.01,761.61,10.24,4958669.32,9.11
4181,"book",1132,226,134,998,-2.94,-2.2,7.2,1.6,0.98,0.98,0,0.02,609.01,8.98,4198861.64,7.73
4182,"book",844,147,141,703,-3.04,-2.1,8.39,1.81,0.95,0.95,0,0.01,712.94,8.17,4708332.98,7.13
4183,"book",980,167,149,831,-3.02,-2.14,8.34,1.79,0.97,0.97,0,0.02,756.13,8.5,5350536.94,7.39
4184,"book",721,126,146,575,-2.86,-2.42,5.33,1.48,0.98,0.98,0,0.01,331.98,11.2,1356483.6,9.99
4185,"book",827,144,149,678,-2.91,-2.13,6.14,1.58,0.95,0.96,0,0.03,476.76,8.41,2522814.79,7.12
4186,"book",912,161,158,753,-2.76,-1.77,7.69,1.54,0.9,0.88,0,0.05,608.58,5.87,3305171.93,4.76
4187,"book",840,144,175,665,-2.27,-1.46,5.63,1.2,0.96,0.97,0,0.03,361.94,4.3,2237537.92,3.19
4188,"book",848,147,155,693,-3.6,-2.5,11.42,2.1,0.96,0.93,0,0.03,1055.82,12.18,7525593.23,10.96
4189,"book",803,145,136,666,-3.03,-2.28,7.32,1.68,0.94,0.94,0,0.03,482.8,9.78,2598354.85,8.5
4190,"book",1089,194,147,942,-2.44,-1.58,6.99,1.34,0.93,0.95,0,0.05,500.63,4.85,3458048.97,3.75
4191,"book",1180,227,128,1051,-2.56,-1.93,5.61,1.52,0.92,0.91,0,0.05,360.58,6.89,2313819.51,5.74
4192,"book",839,150,148,690,-3.05,-2.1,9.24,1.68,0.99,1,0,0,823.39,8.2,5911981.38,7.14
4193,"book",1036,192,149,887,-2.97,-1.74,9.8,1.49,0.96,0.95,0,0.01,925.94,5.72,6675665.98,4.63
4194,"book",708,129,149,559,-2.48,-1.7,5.24,1.18,0.99,1,0,0,320.97,5.47,1694563.56,4.13
4195,"book",793,149,154,638,-2.78,-1.76,6.26,1.41,0.93,0.9,0,0.05,418.89,5.81,2396103.72,4.69
4196,"book",678,134,136,542,-2.77,-2,7.06,1.63,0.95,0.95,0,0.01,409.97,7.44,1797776.91,6.34
4197,"book",665,129,126,539,-2.58,-1.83,5.18,1.22,0.9,0.9,0,0.06,291.99,6.23,1791522.31,5.03
4198,"book",934,175,129,805,-3.37,-2.69,8.43,1.6,0.92,0.92,0,0.01,786.2,14.73,5753814.46,13.21
4199,"book",1077,191,142,935,-3.11,-2,8.8,1.7,0.86,0.83,0.01,0.02,838.7,7.39,5547171.51,6.33
4200,"book",883,176,139,744,-2.8,-2.1,6.75,1.33,0.92,0.9,0,0.06,606.6,8.16,3771180.93,6.6
4201,"book",1425,251,152,1272,-2.95,-1.93,8.66,1.57,0.96,0.97,0,0.03,753.59,6.89,5359544.99,5.78
4202,"book",903,181,131,772,-2.53,-1.85,5.24,1.26,0.95,0.97,0,0.03,289.35,6.36,1760180.22,5.15
4203,"book",873,153,145,728,-3.55,-2.76,8.91,1.62,0.94,0.92,0,0.03,994.05,15.8,7198399.84,14.53
4204,"book",801,136,158,642,-2.97,-2.44,6.38,1.7,0.96,0.95,0,0.01,444.53,11.6,2359911.73,10.46
4205,"book",933,176,122,811,-3.25,-2.55,7.37,1.74,0.96,0.95,0,0.01,733.37,12.81,5214078.55,11.57
4206,"book",1234,245,136,1098,-2.88,-2.12,7.99,1.58,0.95,0.95,0,0.05,626.31,8.33,4376955.54,7.17
4207,"book",894,164,146,748,-2.96,-2.13,7.3,1.56,0.98,0.98,0,0.01,575,8.42,3390373.53,7.21
4208,"book",976,185,145,831,-2.78,-1.95,6.84,1.41,0.97,0.96,0,0.01,503.95,7.03,3646471.35,5.61
4209,"book",886,160,145,740,-3.02,-2.1,6.99,1.65,0.95,0.93,0,0.01,509.53,8.18,3200121.69,6.89
4210,"book",898,154,154,743,-3.29,-2.48,9.19,1.64,0.96,0.96,0,0.03,673.32,12,4272571.3,10.7
4211,"book",825,136,149,675,-3.63,-2.96,6.94,1.45,0.98,0.97,0,0.01,833.12,19.4,5785220.99,17.65
4212,"book",964,140,197,767,-3.28,-2.66,8.31,1.84,0.97,0.98,0,0.02,779.46,14.3,5392965.06,13.2
4213,"book",877,157,142,735,-3.12,-2.15,8.16,1.56,0.97,0.97,0,0.01,718.63,8.58,4335594.52,7.33
4214,"book",800,132,146,654,-3.44,-2.57,8.68,1.98,0.95,0.95,0,0.04,930.39,13.08,6149870.39,11.78
4215,"book",697,124,123,574,-3.28,-2.34,8.34,1.57,0.95,0.95,0,0.01,912.42,10.38,6659467.38,8.79
4216,"book",965,191,123,842,-3.03,-2.08,9.06,1.53,0.98,0.98,0,0.01,916.94,8,6608407.23,6.88
4217,"book",761,147,148,612,-3.08,-2.18,8.27,1.53,0.87,0.81,0.01,0.02,903.25,8.85,6463566.67,7.58
4218,"book",818,153,125,693,-3.17,-2.11,9.78,1.75,0.89,0.87,0,0.01,911.48,8.25,6573366.1,7.2
4219,"book",807,147,152,655,-2.58,-2.01,5.24,1.61,0.95,0.95,0,0.05,315.34,7.46,1637830.87,6.25
4220,"book",757,129,161,596,-3.17,-2.47,7.55,1.62,0.97,0.97,0,0.01,745.49,11.82,4447524.62,10.37
4221,"book",740,139,128,612,-2.54,-1.62,6.1,1.41,0.97,1,0,0,505.32,5.05,3571294.42,3.94
4222,"book",961,160,157,804,-3.17,-2.8,6.77,1.75,0.99,0.99,0,0.01,564.51,16.37,3777172.73,15.2
4223,"book",875,165,134,741,-2.89,-1.9,7.85,1.28,0.95,0.96,0,0.04,778.5,6.69,5559548.79,5.42
4224,"book",802,159,120,682,-3.26,-2.1,9.04,1.5,1,1,0,0,744.78,8.17,4963246.46,7.04
4225,"book",962,200,138,824,-2.84,-2.07,7.21,1.41,0.94,0.92,0,0.02,550.86,7.93,3749550.43,6.63
4226,"book",689,130,141,548,-2.74,-2.2,6.81,1.45,0.93,0.91,0,0.02,458.81,8.98,3692254.92,7.72
4227,"book",673,137,140,533,-2.9,-2.06,6.8,1.45,0.91,0.9,0,0.05,512.16,7.85,3390170.02,6.57
4228,"book",868,132,142,726,-3.62,-2.98,8.91,1.88,0.9,0.86,0.01,0.09,856.62,19.7,5700744.93,18.1
4229,"book",904,166,159,745,-2.9,-2.37,7.91,1.58,0.99,1,0,0,488.12,10.7,3046919.59,9.39
4230,"book",791,128,141,650,-3.13,-2.76,6.76,1.79,0.97,0.97,0,0.01,599.05,15.8,3784211.65,14.14
4231,"book",708,118,149,559,-3.17,-2.28,9.26,1.86,0.98,0.98,0,0.02,756.8,9.73,4863233.55,8.55
4232,"book",795,146,138,657,-3.15,-2.2,7.58,1.54,0.97,0.96,0,0.01,734.9,8.98,4895379.78,7.53
4233,"book",828,143,169,659,-3.38,-2.7,8.22,1.69,0.98,0.98,0,0.02,754.79,14.88,4961740.51,13.53
4234,"book",920,177,122,797,-2.53,-1.77,6.82,1.46,0.96,0.95,0,0.01,454.2,5.87,2991670.14,4.76
4235,"book",826,156,146,680,-2.69,-1.91,6.26,1.49,0.94,0.94,0,0.03,427.04,6.76,2783409.56,5.67
4236,"book",941,173,151,790,-2.63,-1.85,8.46,1.5,0.97,0.97,0,0.02,494.15,6.36,3378400.9,5.3
4237,"book",1108,191,170,938,-2.7,-2.15,5.91,1.55,0.97,0.97,0,0.03,421.03,8.58,2624007.85,7.45
4238,"book",1090,198,166,924,-3.12,-2.38,8.47,1.83,0.99,0.98,0,0.01,709.27,10.87,4372412.63,9.76
4239,"book",1013,175,159,854,-2.76,-1.97,7.26,1.72,0.88,0.87,0,0.02,465.29,7.17,2840420.75,6.13
4240,"book",1143,218,141,1002,-2.63,-1.92,6.32,1.47,0.96,0.96,0,0.01,379.3,6.82,2304553.51,5.75
4241,"book",761,145,120,641,-2.87,-1.95,8.29,1.59,0.98,0.97,0,0.02,769.39,7.03,5338844.97,5.94
4242,"book",1022,184,165,857,-2.71,-1.92,7.82,1.54,0.96,0.97,0,0.03,503.79,6.86,3269841.31,5.66
4243,"book",1037,196,153,884,-2.76,-1.98,6.11,1.35,0.96,0.95,0,0.02,483.83,7.21,3085538.02,5.96
4244,"book",914,168,152,762,-2.62,-1.83,5.76,1.34,0.91,0.89,0,0.01,431.43,6.24,2661492.29,5.02
4245,"book",1691,352,146,1545,-2.57,-1.67,6.84,1.4,0.93,0.93,0,0.04,452.7,5.32,3124430.28,4.25
4246,"book",764,144,130,633,-2.87,-2.38,7.19,1.92,0.97,0.96,0,0.02,612.43,10.82,4319903.39,9.75
4247,"book",1356,263,144,1212,-2.71,-1.98,8.12,1.49,0.9,0.92,0,0.01,546.11,7.24,3635976.86,6.12
4248,"book",931,176,164,767,-2.78,-2.08,6.54,1.35,0.89,0.87,0,0.01,604.07,7.97,4572000.61,6.76
4249,"book",746,138,142,604,-3.26,-2.59,9.01,1.79,0.97,0.99,0,0.01,749.02,13.34,5344557.64,12.07
4250,"book",855,152,158,697,-2.52,-1.89,6.15,1.46,0.98,0.97,0,0.01,383.08,6.62,2676607.24,5.58
4251,"book",888,164,151,737,-2.49,-1.52,6.65,1.17,0.96,0.96,0,0.04,529.57,4.57,3443955.07,3.38
4252,"book",782,141,150,632,-2.29,-1.72,4.86,1.4,0.96,0.95,0,0.01,291.45,5.58,1423914.91,4.49
4253,"book",772,145,132,640,-2.81,-1.79,7.52,1.44,0.98,0.97,0,0.01,672.9,5.99,4505455.33,4.95
4254,"book",750,129,137,612,-2.48,-1.57,6.14,1.23,0.95,0.94,0,0.02,393.86,4.81,2762889.45,3.65
4255,"book",867,147,163,704,-2.61,-1.91,5.56,1.4,0.99,0.99,0,0.01,330.54,6.75,2124122.32,5.53
4256,"book",868,145,165,702,-3.03,-2.26,6.82,1.68,0.99,0.99,0,0.01,497.85,9.58,2333423.02,8.35
4257,"book",839,144,141,698,-2.95,-1.83,9.07,1.51,0.95,0.95,0,0.05,838.42,6.2,5837551.55,5.05
4258,"book",812,140,141,671,-2.98,-2.08,7.94,1.54,0.96,0.95,0,0.01,783.78,8.04,5417023.51,6.88
4259,"book",888,153,168,720,-2.89,-2.43,6.15,1.83,0.95,0.96,0,0.02,524.67,11.36,3638594.74,10.17
4260,"book",863,161,140,723,-3.15,-2.12,8,1.86,0.97,1,0,0,768.1,8.33,4497993.35,7.22
4261,"book",1494,283,152,1342,-3.06,-2.55,7.6,1.84,0.96,0.95,0,0.02,604.14,12.81,4630467.47,11.53
4262,"book",1311,258,148,1163,-2.91,-2.24,7.33,1.61,0.91,0.91,0,0.02,535.03,9.46,3411523.91,8.21
4263,"book",775,137,130,645,-3.13,-1.9,8.66,1.56,0.98,0.99,0,0.01,741.92,6.69,4068211.15,5.53
4264,"book",1865,377,139,1726,-2.62,-1.76,6.39,1.44,0.94,0.94,0,0.03,492.58,5.81,3185905.44,4.65
4265,"book",748,138,138,610,-2.63,-2.02,6.75,1.6,0.98,1,0,0,531.32,7.54,3910025.42,6.5
4266,"book",1019,183,151,868,-2.78,-1.65,7.79,1.31,0.97,0.98,0,0.02,563.84,5.21,3311013.21,4.02
4267,"book",1190,222,146,1044,-2.79,-1.81,7.64,1.47,0.94,0.92,0,0.03,579.55,6.08,3692566.53,4.96
4268,"book",1176,232,129,1047,-2.58,-1.72,6.61,1.51,0.86,0.83,0.01,0.02,429.9,5.61,2483662.45,4.54
4269,"book",1091,210,149,942,-2.79,-1.89,7.39,1.71,0.93,0.91,0,0.02,534.13,6.62,3444940.31,5.56
4270,"book",773,145,132,641,-3.07,-2.46,7.5,2.04,0.99,0.98,0,0.01,563.35,11.7,3333512.17,10.69
4271,"book",1254,247,135,1119,-2.63,-1.86,5.43,1.51,0.97,0.98,0,0.02,334.1,6.42,1508587.68,5.36
4272,"book",693,121,146,547,-2.6,-1.76,6.61,1.41,0.95,0.93,0,0.01,502.79,5.81,3150119.13,4.64
4273,"book",714,121,145,569,-2.91,-2.05,8.46,1.55,0.99,1,0,0,818.7,7.77,6734953.11,6.6
4274,"book",670,119,129,541,-2.19,-1.43,4.48,1.16,0.99,0.99,0,0.01,177.11,4.18,930622.69,3.04
4275,"book",907,177,129,778,-2.59,-1.71,5.79,1.41,0.97,0.98,0,0.02,372.03,5.53,2181403.5,4.51
4276,"book",730,124,149,581,-3.02,-2.58,6.69,1.92,0.99,0.98,0,0.01,595.24,13.28,3856867.99,11.92
4277,"book",835,151,151,684,-2.6,-1.97,5.86,1.51,0.98,0.98,0,0.01,427.93,7.17,2763807.12,6.05
4278,"book",742,130,160,582,-2.69,-1.78,7.42,1.52,0.97,0.96,0,0.02,455.73,5.92,2829454.42,4.8
4279,"book",1100,217,141,959,-2.75,-1.72,8.68,1.54,0.95,0.95,0,0.01,767.44,5.58,5412400.96,4.51
4280,"book",819,149,126,693,-3.06,-2.35,9.41,1.68,0.99,0.99,0,0.01,595.65,10.49,3837638.56,9.37
4281,"book",965,180,118,847,-2.57,-1.82,7.52,1.38,0.92,0.91,0,0.01,557.92,6.14,4144918.13,4.95
4282,"book",807,138,164,643,-2.96,-2.3,8.1,1.58,0.97,1,0,0,545.99,9.92,3672917.18,8.45
4283,"book",1035,196,152,883,-2.56,-1.42,8.26,1.17,0.93,0.91,0,0.01,639.03,4.14,4762452.77,3.01
4284,"book",1100,199,159,941,-2.5,-2,5.53,1.47,0.94,0.93,0,0.01,278.33,7.39,1447730.15,6.22
4285,"book",1056,189,148,908,-2.56,-1.73,6.57,1.48,0.91,0.89,0,0.03,485.77,5.64,3258818.64,4.56
4286,"book",1165,227,154,1011,-2.57,-1.82,6.34,1.58,0.95,0.95,0,0.04,433.69,6.17,2603279.65,5.15
4287,"book",1008,173,169,839,-2.9,-1.98,6.63,1.47,0.97,0.96,0,0,527.13,7.24,2963576.69,6.13
4288,"book",893,153,163,729,-3.36,-2.39,10.8,1.78,0.96,0.97,0,0.03,1022.09,10.91,7484097.06,9.61
4289,"book",840,151,138,702,-2.49,-1.57,7.17,1.16,0.99,0.98,0,0.01,510.87,4.81,3679814.48,3.56
4290,"book",794,138,148,646,-2.8,-1.85,7.48,1.5,0.98,0.97,0,0.02,547.96,6.32,3355526.18,5.17
4291,"book",795,143,136,659,-2.56,-1.66,7.18,1.34,0.97,0.97,0,0.02,501.66,5.26,3189773.78,4.01
4292,"book",913,169,128,785,-2.85,-1.94,7.3,1.55,0.95,0.95,0,0.02,548.82,6.96,3390529.47,5.82
4293,"book",1508,287,158,1350,-3.02,-2.28,9.1,1.8,0.96,0.97,0,0.01,774.32,9.78,5465023.01,8.58
4294,"book",772,143,133,639,-2.56,-2.03,5.01,1.46,0.98,1,0,0,330.04,7.61,2144837.64,6.42
4295,"book",1163,231,127,1036,-2.69,-1.89,6.06,1.55,0.95,0.93,0,0.01,340.62,6.62,1704452.11,5.47
4296,"book",786,133,157,628,-2.77,-2.13,6.08,1.39,0.96,0.96,0,0,509.22,8.41,3423286.39,7.22
4297,"book",847,150,142,705,-2.59,-1.72,6.42,1.26,0.97,0.97,0,0.03,468.21,5.58,3400488.21,4.42
4298,"book",1329,256,146,1183,-2.56,-1.82,6.92,1.49,0.95,0.95,0,0.02,456.55,6.17,3188961.12,5.09
4299,"book",795,127,167,627,-2.34,-1.64,4.87,1.35,0.96,0.96,0,0.03,189.78,5.16,870888.92,4.05
4300,"book",783,132,159,624,-3,-1.94,8.64,1.48,0.95,0.95,0,0.02,808.19,6.93,5479358.97,5.72
4301,"book",838,151,152,686,-2.96,-2.2,8.15,1.75,0.95,0.93,0,0.02,456.14,9.03,2491609.83,7.92
4302,"book",699,126,154,545,-2.47,-1.55,6.39,1.27,0.95,0.93,0,0.01,429.59,4.72,2851787.14,3.63
4303,"book",713,125,143,570,-2.9,-2.22,7.21,1.69,0.98,0.98,0,0.02,691.81,9.21,5338060.42,7.94
4304,"book",690,125,126,564,-2.42,-2.04,4.73,1.35,0.99,0.99,0,0.01,288.57,7.69,1827948.83,6.6
4305,"book",707,129,129,578,-2.76,-1.77,8.64,1.44,0.93,0.93,0,0.02,595.19,5.87,4071206.75,4.79
4306,"book",835,154,127,708,-2.5,-1.86,5.48,1.46,0.96,0.96,0,0.02,319.5,6.43,1379989.75,5.37
4307,"book",804,144,155,649,-2.65,-1.78,6.49,1.35,0.98,0.99,0,0.01,533.4,5.93,3327818.1,4.82
4308,"book",739,132,147,592,-2.79,-2.06,5.85,1.51,0.99,0.99,0,0.01,356.26,7.85,1906149.78,6.63
4309,"book",750,139,141,609,-2.49,-1.99,4.63,1.41,0.97,0.97,0,0.01,257.25,7.32,1541086.5,6.25
4310,"book",752,144,133,619,-2.79,-1.83,7.32,1.46,0.97,0.96,0,0.01,666.8,6.24,4863871.95,5.09
4311,"book",878,141,150,728,-3.03,-2.3,6.91,1.75,0.98,0.99,0,0.01,539.38,9.97,2921090.58,8.67
4312,"book",755,129,159,596,-2.7,-1.53,8.52,1.32,0.95,0.95,0,0.01,667.42,4.62,4070346.59,3.49
4313,"book",818,141,155,663,-2.61,-1.6,7.16,1.35,0.95,0.94,0,0.01,519.65,4.95,3558395.22,3.91
4314,"book",1077,196,143,934,-3.07,-2.24,7.19,1.79,0.98,0.98,0,0.02,571.05,9.4,3222740.06,8.29
4315,"book",779,136,130,649,-2.95,-2.06,9.31,1.58,0.99,0.99,0,0.01,733.99,7.88,5252423.96,6.72
4316,"book",937,172,146,791,-2.86,-1.88,8.15,1.54,0.97,0.99,0,0.01,675.83,6.56,4280500.78,5.47
4317,"book",810,127,179,630,-3.36,-2.82,9.11,1.89,0.98,0.97,0,0.01,893.33,16.78,6244005.62,15.55
4318,"book",730,130,134,596,-2.87,-1.96,7.41,1.49,0.96,0.95,0,0.01,608.61,7.1,4734678.5,5.97
4319,"book",772,141,140,632,-2.62,-1.99,5.41,1.52,0.97,0.99,0,0.01,334.56,7.32,1470610.15,6.2
4320,"book",779,126,155,624,-2.97,-2.05,8.16,1.74,0.96,0.96,0,0.01,678.5,7.77,4786439.41,6.71
4321,"book",934,164,146,788,-3.1,-2.46,8.39,1.69,0.98,0.98,0,0.01,669.31,11.64,5026865.14,10.43
4322,"book",757,128,129,628,-3.01,-2.28,8.31,1.63,0.99,0.99,0,0.01,825.04,9.82,6422826.35,8.43
4323,"book",832,154,128,704,-2.69,-1.96,7.59,1.69,0.97,0.97,0,0.01,681.42,7.1,5104438.69,6.03
4324,"book",781,138,144,637,-2.86,-2.16,7.75,1.69,0.98,0.98,0,0.01,512.16,8.64,3325068.85,7.41
4325,"book",1232,260,128,1103,-2.82,-1.96,8.04,1.5,0.94,0.93,0,0.04,655.76,7.06,4594021.28,5.97
4326,"book",751,133,160,591,-3.04,-2.22,7.65,1.88,0.95,0.95,0,0.01,625.65,9.21,3377740.62,8.08
4327,"book",770,132,142,628,-2.87,-1.94,8.6,1.3,0.96,1,0,0.01,666.02,6.94,4581135.99,5.75
4328,"book",1150,206,155,995,-2.99,-2.13,9.14,1.61,0.97,0.99,0,0.01,739.62,8.46,5291154.43,7.38
4329,"book",926,177,153,773,-3.02,-1.69,11.05,1.34,0.97,0.97,0,0.03,821.15,5.42,5815878.69,4.23
4330,"book",1055,205,130,925,-2.99,-2.25,7.36,1.66,0.97,0.97,0,0.02,558.54,9.49,3542796.13,8.22
4331,"book",1203,242,161,1042,-2.76,-1.82,7.68,1.44,0.93,0.96,0,0.04,529.78,6.14,2680498.15,5.01
4332,"book",777,146,138,639,-2.59,-1.67,5.82,1.25,0.98,0.99,0,0.01,548.76,5.32,3499289.78,4.05
4333,"book",854,171,134,720,-2.16,-1.47,4.65,1.3,0.83,0.8,0.01,0.1,255.59,4.35,1634946.02,3.3
4334,"book",910,172,128,782,-2.34,-1.58,5.42,1.27,0.95,0.97,0,0.03,268.27,4.83,1395284.13,3.73
4335,"book",727,142,130,597,-2.2,-1.2,6.76,1.03,0.97,0.96,0,0.01,319.55,3.32,2224374.73,2.25
4336,"book",675,137,117,558,-2.79,-2.37,6.31,1.49,0.98,0.98,0,0.01,495.93,10.7,3566176.58,9.48
4337,"book",822,144,147,675,-2.71,-1.76,7.65,1.41,0.97,0.97,0,0.01,695.41,5.82,4994770.74,4.74
4338,"book",870,159,147,723,-2.99,-2.15,7.07,1.66,1,1,0,0,587.79,8.58,3732732.25,7.52
4339,"book",737,145,128,609,-2.67,-1.94,6.45,1.34,0.99,0.99,0,0.01,485.71,6.96,3367862.38,5.81
4340,"book",820,152,124,696,-3.12,-2.72,6.96,1.86,0.98,0.98,0,0,513.78,15.26,3254953.02,13.96
4341,"book",1089,203,141,948,-2.73,-2.05,6.04,1.56,0.93,0.91,0,0.01,460.73,7.77,2950444.66,6.55
4342,"book",1508,294,136,1372,-2.67,-1.85,7,1.4,0.93,0.93,0,0.01,557.5,6.36,3798673.5,5.21
4343,"book",1137,211,164,973,-2.62,-1.69,7.42,1.42,0.94,0.92,0,0.01,584.53,5.42,3721523.07,4.33
4344,"book",855,149,150,705,-2.74,-1.67,7.44,1.35,0.96,0.96,0,0.02,568.52,5.31,3639891.99,4.26
4345,"book",946,171,164,782,-2.7,-1.78,6.73,1.4,0.96,0.95,0,0.03,520.51,5.93,3123868.07,4.74
4346,"book",1054,198,148,906,-2.5,-1.92,6,1.54,0.96,0.94,0,0.03,393.23,6.78,2473841.23,5.76
4347,"book",754,130,125,629,-2.65,-2.26,5.32,1.6,0.99,0.98,0,0.01,395.71,9.64,2641006.27,8.52
4348,"book",733,120,157,576,-2.92,-2.1,7.37,1.57,0.97,0.97,0,0.02,753.44,8.16,5744260.03,7.06
4349,"book",937,175,131,806,-2.94,-2.53,6.92,1.68,0.98,1,0,0,581.64,12.55,4158218.02,10.93
4350,"book",970,168,137,833,-3.25,-2.42,7.92,1.71,0.96,0.98,0,0.02,668.47,11.3,4204616.39,10.16
4351,"book",791,137,153,638,-3.14,-2.39,8.24,1.75,0.96,0.96,0,0.01,834.6,10.91,5742072.31,9.69
4352,"book",1039,195,139,900,-3.05,-2.31,7.33,1.41,0.96,0.95,0,0.03,779.54,10.07,5571207.34,8.52
4353,"book",850,152,132,718,-2.83,-1.89,8.22,1.6,0.98,0.97,0,0.01,710.46,6.62,5095503.71,5.6
4354,"book",894,167,142,751,-2.58,-1.84,5.63,1.22,0.97,0.97,0,0.01,461.2,6.3,3043307.56,4.91
4355,"book",906,174,140,766,-3.05,-2.4,8.56,1.82,0.97,0.98,0,0.02,690.96,11.03,4677528.08,9.94
4356,"book",704,137,121,583,-2.52,-1.92,5.71,1.45,0.97,0.97,0,0.01,384.45,6.82,2039705.81,5.62
4357,"book",705,137,133,572,-2.09,-1.2,4.75,1.09,0.91,0.92,0.01,0.08,267.92,3.32,1872755.19,2.3
4358,"book",784,146,147,637,-2.69,-1.9,6.37,1.44,0.95,0.95,0,0.01,431.7,6.7,2873019.2,5.57
4359,"book",782,138,139,643,-2.53,-1.52,6.97,1.34,0.99,1,0,0,522.67,4.55,3729053.21,3.46
4360,"book",674,122,142,532,-3.16,-2.52,7.59,1.71,0.99,1,0,0,712.56,12.49,5456949.99,11.09
4361,"book",935,184,132,803,-2.47,-1.85,5.96,1.44,0.94,0.91,0,0.04,490.76,6.32,3809125.05,5.08
4362,"book",908,156,143,765,-3.26,-2.38,8.95,1.91,0.97,0.96,0,0.01,783.58,10.8,5103613.14,9.65
4363,"book",691,122,155,536,-2.8,-1.81,7.44,1.55,0.98,0.98,0,0.01,669.32,6.12,4689543.05,5.09
4364,"book",782,134,158,623,-3.21,-2.4,7.25,1.92,0.89,0.89,0,0.01,581.09,11.03,3326127.98,9.9
4365,"book",781,126,165,616,-3.99,-2.57,14.88,1.89,0.94,0.92,0,0.03,1506.03,13.07,10228550.1,11.62
4366,"book",731,134,127,604,-3.12,-2.42,7.79,1.7,0.97,0.99,0,0.01,634.04,11.24,4396700.4,10.05
4367,"book",1046,202,137,909,-2.55,-1.65,6.91,1.39,0.93,0.93,0,0.01,481.62,5.21,3176869.12,4.16
4368,"book",857,159,124,732,-3,-2.53,6.85,1.73,0.97,0.97,0,0.01,612.43,12.55,4143401.26,11.32
4369,"book",1021,183,137,884,-3.02,-2.12,7.7,1.52,0.96,0.96,0,0.04,593.72,8.33,3669967.58,6.99
4370,"book",1344,266,132,1212,-2.59,-1.89,5.81,1.48,0.96,0.95,0,0.01,315.67,6.62,1466739.44,5.49
4371,"book",710,125,152,558,-3.27,-2.4,7.94,1.95,0.97,0.98,0,0.02,725.95,11.02,3753547.19,9.88
4372,"book",2469,482,169,2300,-2.73,-2,6.66,1.54,0.94,0.92,0,0.02,483.36,7.39,3033316.6,6.27
4373,"book",1005,205,140,865,-2.49,-1.69,6.27,1.38,0.98,0.97,0,0.01,477.74,5.42,3540801.64,4.35
4374,"book",981,184,144,837,-2.75,-1.9,7.39,1.48,0.96,0.96,0,0.01,551.93,6.72,3899689.7,5.62
4375,"book",1331,256,160,1171,-2.96,-2.25,7.55,1.67,0.92,0.9,0,0.02,704.85,9.49,4914269.95,8.22
4376,"book",958,170,135,822,-2.88,-2.04,7.66,1.55,0.96,0.96,0,0.03,588.05,7.65,3691816.66,6.32
4377,"book",769,136,137,632,-3.17,-1.98,11.11,1.66,0.97,0.98,0,0.02,972.67,7.21,5630654.46,6.17
4378,"book",851,161,144,707,-3.07,-2.46,8.16,1.81,0.9,0.9,0,0.03,698.94,11.7,5063078.87,10.49
4379,"book",860,161,178,682,-2.8,-1.97,8.11,1.53,0.98,0.99,0,0.01,737.33,7.17,5337768.31,5.9
4380,"book",916,161,132,784,-2.93,-2.03,7.38,1.41,0.98,0.98,0,0.01,709.02,7.61,4936028.96,6.38
4381,"book",701,122,135,566,-3.3,-2.51,8.66,1.9,0.99,0.99,0,0.01,884.02,12.52,6615595.62,11.37
4382,"book",874,155,141,733,-3.33,-2.39,8.23,1.46,0.97,0.97,0,0.02,846.94,10.91,5505877.03,9.64
4383,"book",654,120,135,519,-2.95,-2.22,9.58,1.67,0.99,1,0,0,794.53,9.25,6016605.16,8.08
4384,"book",961,193,122,838,-3.49,-2.44,10.78,1.7,0.95,0.95,0,0.02,1009.11,11.47,6883274.67,10.31
4385,"book",756,141,136,620,-2.62,-1.62,7.82,1.3,0.94,0.93,0,0.02,693.3,5.05,5227730.98,3.79
4386,"book",1270,250,138,1132,-3.13,-2.24,8.95,1.79,0.98,0.98,0,0.01,691.94,9.4,4668916.65,8.29
4387,"book",758,131,157,601,-2.7,-1.84,6.82,1.47,0.97,1,0,0,493.99,6.3,2802413.32,5.21
4388,"book",1449,269,142,1307,-2.98,-2,8.69,1.66,0.98,0.98,0,0.01,698.87,7.39,4847528.79,6.27
4389,"book",1350,266,151,1199,-2.8,-2.09,6.67,1.6,0.97,0.99,0,0.01,502.6,8.08,3314495.19,6.96
4390,"book",1049,193,144,905,-3.11,-2.29,9.2,1.61,0.95,0.94,0,0.01,786.31,9.87,5663659.53,8.61
4391,"book",1105,217,137,968,-2.78,-1.9,9.2,1.49,0.96,0.94,0,0.01,650.67,6.69,4734356.19,5.61
4392,"book",814,156,132,682,-2.63,-1.62,7.47,1.42,0.97,0.96,0,0.03,674.59,5.03,5131467.71,3.96
4393,"book",873,155,151,722,-2.54,-1.96,5.8,1.66,0.98,1,0,0,403.69,7.1,2775511.36,6.02
4394,"book",1047,192,140,907,-3.21,-2.18,9.74,1.73,0.98,0.98,0,0.01,781.61,8.85,5640092.45,7.76
4395,"book",811,153,148,663,-2.97,-2.18,8.94,1.57,0.98,0.99,0,0.01,568.9,8.85,3886661.78,7.72
4396,"book",1022,194,151,871,-2.5,-1.83,5.2,1.42,0.94,0.93,0,0.01,247.57,6.24,1151193.8,5.06
4397,"book",1154,233,126,1028,-2.52,-1.7,7.66,1.29,0.95,0.94,0,0.03,546.8,5.47,3738835.33,4.33
4398,"book",836,160,145,691,-2.86,-2.04,6.94,1.56,0.82,0.84,0.01,0.02,558.89,7.69,3657862.47,6.57
4399,"book",870,168,141,729,-2.32,-1.46,5.66,1.17,0.95,0.94,0,0.03,385.2,4.28,2577252.92,3.07
4400,"book",623,123,113,510,-2.71,-1.83,6.97,1.38,0.98,0.98,0,0.01,530.52,6.23,3746262.68,5.15
4401,"book",709,125,129,579,-2.72,-1.58,7.76,1.41,0.95,0.95,0,0.05,558.12,4.85,3587788.79,3.84
4402,"book",1097,197,165,931,-2.39,-1.71,4.98,1.21,0.95,0.94,0,0.05,296.88,5.53,1499885.11,4.37
4403,"book",754,137,134,620,-2.67,-1.58,7.35,1.41,0.95,0.94,0,0.01,486.39,4.85,2177839.12,3.81
4404,"book",711,120,133,577,-2.46,-1.85,4.94,1.27,0.98,0.97,0,0.01,322.8,6.37,1502168.78,4.95
4405,"book",705,141,137,568,-2.52,-1.7,7.32,1.26,0.93,0.94,0,0.04,641.66,5.47,5117318.17,4.32
4406,"book",763,138,144,619,-2.87,-1.67,9.6,1.36,0.94,0.93,0,0.02,884.62,5.34,5975990.98,4.28
4407,"book",716,130,148,568,-2.96,-1.96,7.73,1.43,0.99,0.99,0,0.01,738.24,7.06,5124693.13,5.88
4408,"book",689,124,138,551,-2.77,-2.35,5.87,1.62,0.98,0.98,0,0.01,307.79,10.5,1726217.57,9.3
4409,"book",1097,211,151,945,-2.82,-1.91,9.59,1.59,0.94,0.95,0,0.05,675.28,6.75,4856653.23,5.67
4410,"book",783,136,167,615,-3.07,-2.16,8.05,1.57,0.96,0.95,0,0.01,623.76,8.68,4160382.94,7.24
4411,"book",714,129,113,601,-2.92,-2.01,8.4,1.58,1,1,0,0,621.12,7.46,4284042.75,6.27
4412,"book",826,156,150,675,-2.71,-1.94,8.12,1.39,0.93,0.92,0,0.01,549.44,6.93,4100810.09,5.65
4413,"book",728,141,124,604,-2.46,-1.72,6.31,1.44,0.95,0.94,0,0.03,353.29,5.58,2240385.11,4.47
4414,"book",731,126,157,574,-2.88,-1.83,7.79,1.42,0.97,0.98,0,0.02,593.86,6.2,4039789.74,5.14
4415,"book",774,140,118,656,-3.13,-2.54,6.52,1.77,0.98,1,0,0,538.36,12.62,3455319.1,11.54
4416,"book",726,126,161,565,-3.14,-2.2,10.22,1.56,0.96,0.96,0,0,459.19,9.03,2199206.99,7.77
4417,"book",741,125,128,613,-3.13,-2.46,8.36,1.85,0.99,1,0,0,755.24,11.7,5125777.81,10.59
4418,"book",1137,211,145,992,-3.08,-2.18,8.14,1.79,0.98,1,0,0,723.11,8.85,5029424.06,7.72
4419,"book",1391,262,157,1234,-3.05,-2.38,8.09,1.7,0.96,0.95,0,0.01,608.37,10.8,3983607.46,9.54
4420,"book",727,142,123,604,-3.04,-2,10.46,1.61,0.95,0.95,0,0.01,869.03,7.39,6886786.67,6.33
4421,"book",1002,184,133,869,-2.71,-2.03,7.27,1.7,0.98,0.97,0,0.01,620.82,7.61,4463615.6,6.57
4422,"book",1134,194,139,995,-3.03,-2.37,7.3,1.8,0.94,0.94,0,0.01,650.29,10.64,4009189.17,9.52
4423,"book",794,151,113,681,-2.85,-2.18,7.73,1.7,0.96,0.96,0,0.01,694.05,8.85,4885450.75,7.79
4424,"book",753,143,144,609,-2.37,-1.62,6.03,1.26,0.97,0.98,0,0.01,494.29,5.05,3800349.09,4
4425,"book",782,140,140,642,-2.47,-1.64,6.46,1.34,0.89,0.9,0,0.03,416.35,5.16,2992432.46,4.03
4426,"book",815,148,157,658,-2.9,-2.16,7.79,1.69,1,1,0,0,574.79,8.72,3982241.56,7.67
4427,"book",786,141,130,656,-2.79,-2.08,7.31,1.73,0.93,0.9,0,0.03,467.61,8,3104683.36,6.98
4428,"book",1102,211,128,974,-2.84,-1.97,6.86,1.69,0.95,0.94,0,0.01,510.03,7.17,3284671.66,6.12
4429,"book",753,122,153,600,-2.96,-2.15,6.6,1.76,0.95,0.94,0,0.03,500.12,8.64,2860655.58,7.6
4430,"book",1116,221,163,953,-2.89,-2.39,6.73,1.57,0.94,0.96,0,0.04,578.15,10.91,3943747.27,9.74
4431,"book",822,151,158,664,-2.68,-2.12,5.54,1.55,0.96,0.94,0,0.03,373.1,8.33,2742846.91,7.16
4432,"book",1238,240,134,1104,-2.78,-2.3,7.04,1.64,0.92,0.9,0,0.02,424.51,9.92,2953766.07,8.65
4433,"book",2187,448,134,2053,-2.53,-1.9,5.75,1.45,0.9,0.88,0,0.03,374.01,6.69,2360030.54,5.5
4434,"book",697,122,143,554,-2.75,-2.12,6.33,1.51,0.97,0.97,0,0.01,464.44,8.33,3356139.01,7.08
4435,"book",723,130,155,568,-3.11,-2.46,7.92,1.8,0.98,1,0,0,706.89,11.64,4935910.27,10.16
4436,"book",757,145,126,630,-2.97,-2.24,7.73,1.82,0.96,0.95,0,0.02,621.5,9.39,4402862.98,8.26
4437,"book",1054,201,148,905,-3.16,-2.43,8.01,1.8,0.97,0.97,0,0.02,705.98,11.36,5107960.46,10.3
4438,"book",962,167,153,809,-2.72,-1.87,7.71,1.49,0.96,0.95,0,0.03,593.65,6.49,3749339.28,5.38
4439,"book",883,154,141,742,-3.13,-2.1,9.26,1.73,0.97,0.96,0,0.01,941.88,8.25,6882768.36,7.12
4440,"book",1295,233,154,1141,-2.77,-2.12,6.34,1.48,0.94,0.97,0,0.01,506.36,8.33,3165459.51,7.06
4441,"book",956,187,142,814,-2.58,-1.59,8.19,1.13,0.94,0.93,0,0.02,584.12,4.9,4537422.95,3.67
4442,"book",695,131,137,558,-2.89,-1.68,11.39,1.29,0.96,0.94,0,0.03,757.38,5.37,5711639.04,4.33
4443,"book",1350,278,126,1224,-2.68,-1.96,6.94,1.39,0.94,0.93,0,0.03,506.31,7.06,3151045.61,5.81
4444,"book",745,135,150,595,-2.87,-2.25,7.18,1.63,0.99,1,0,0,513.53,9.49,3484783.25,8.33
4445,"book",702,122,143,559,-3.02,-1.86,8.13,1.46,0.98,0.99,0,0.01,750.74,6.42,4815216.54,5.31
4446,"book",748,139,129,619,-2.86,-1.8,8.12,1.59,0.95,0.94,0,0.01,704.85,6.05,4790327.31,4.98
4447,"book",1032,199,134,898,-2.54,-1.87,6.52,1.43,0.96,0.95,0,0.02,439.79,6.49,2806558.32,5.34
4448,"book",1046,207,144,902,-2.85,-2.1,6.63,1.54,0.9,0.87,0,0.01,556.89,8.17,3567086.27,6.86
4449,"book",1054,189,153,901,-3.16,-2.43,8.22,2.01,0.95,0.95,0,0.01,763.26,11.36,5233264.29,10.2
4450,"book",868,154,173,695,-3.19,-2.14,11.41,1.66,0.97,0.98,0,0.02,850.29,8.5,6235493.61,7.29
4451,"book",754,139,133,621,-3.07,-2.69,7.97,2.05,0.99,1,0,0,625.25,14.73,3862323.23,13.47
4452,"book",749,128,157,591,-2.86,-2.19,7.69,1.37,0.96,0.95,0,0.01,739.26,8.94,5476544.17,7.42
4453,"book",751,150,155,596,-2.92,-2.34,7.66,1.61,0.96,0.99,0,0.01,631.45,10.43,4229741.56,9.15
4454,"book",659,122,128,531,-2.82,-1.54,8.75,1.21,0.98,0.97,0,0.01,740.62,4.66,4885416.12,3.6
4455,"book",1605,270,173,1432,-2.5,-1.31,8.45,1.23,0.85,0.82,0.01,0.02,554.68,3.69,3423102.21,2.67
4456,"book",1649,294,161,1488,-2.57,-1.76,6.11,1.53,0.85,0.82,0.01,0.06,394.89,5.81,2433407.16,4.78
4457,"book",892,130,175,717,-2.7,-1.84,7.97,1.62,1,1,0,0,764.12,6.32,6013863.33,5.3
4458,"book",1085,170,181,904,-2.46,-1.71,6.35,1.4,0.85,0.8,0.01,0.07,532.45,5.52,3832774.39,4.46
4459,"book",852,122,176,676,-2.77,-2.14,6.76,1.55,0.98,0.98,0,0.01,543.55,8.57,3531531.22,7.45
4460,"book",1233,185,183,1050,-2.74,-1.94,7.32,1.55,0.89,0.87,0,0.02,460.91,6.96,2360231.99,5.82
4461,"book",1701,264,179,1522,-2.7,-2.06,6.29,1.62,0.84,0.83,0,0.02,460.25,7.88,3137513.64,6.83
4462,"book",825,128,175,650,-2.79,-1.58,9.35,1.46,0.93,0.93,0,0.02,705.81,4.88,4935094.58,3.85
4463,"book",823,130,155,668,-2.8,-1.87,7.04,1.48,0.92,0.98,0.01,0.02,609.46,6.5,4671860.33,5.49
4464,"book",1104,185,163,941,-2.43,-1.66,6.6,1.51,0.96,0.96,0,0.03,391.36,5.26,2480507.48,4.24
4465,"book",960,159,174,786,-2.63,-2,6.44,1.75,0.94,0.96,0,0.04,380.86,7.39,2457126.48,6.39
4466,"book",2179,370,159,2020,-2.43,-1.38,7.48,1.28,0.77,0.77,0,0.03,546.39,3.96,3834384.94,2.94
4467,"book",857,143,190,667,-2.52,-1.92,4.84,1.47,0.95,0.94,0,0.01,206.23,6.82,507918.24,5.71
4468,"book",2381,465,175,2206,-2.37,-1.53,6.5,1.35,0.79,0.75,0.01,0.01,462.5,4.62,2968807.48,3.59
4469,"book",2463,473,171,2292,-2.45,-1.62,6.76,1.36,0.86,0.82,0.01,0.04,531.97,5.05,3978672.72,4.02
4470,"book",1203,185,171,1032,-2.45,-1.59,6.89,1.38,0.9,0.92,0,0.03,548.79,4.9,3722271,3.83
4471,"book",984,203,165,819,-2.58,-1.61,7.04,1.42,0.9,0.89,0,0.03,473.51,5,2566694.42,3.96
4472,"book",965,166,145,819,-2.96,-2.52,7.81,1.86,0.93,0.91,0,0.02,547.91,12.38,3455778.08,11.31
4473,"book",1634,277,160,1474,-2.53,-1.75,6.39,1.44,0.96,0.96,0,0.01,518.4,5.75,3311221.55,4.72
4474,"book",923,142,181,742,-3.08,-2.55,7.68,2.06,0.99,1,0,0,662.43,12.81,4197176.42,11.78
4475,"book",1602,243,170,1432,-2.64,-1.8,8,1.53,0.97,0.97,0,0.01,632.81,6.05,4518327.62,5.01
4476,"book",1250,184,185,1064,-2.3,-1.36,6.58,1.21,0.76,0.73,0.01,0.03,542.6,3.9,4173183.13,2.83
4477,"book",1470,245,162,1308,-2.56,-1.58,6.57,1.39,0.96,0.98,0,0.01,463.69,4.85,2967116.6,3.83
4478,"book",1992,362,148,1844,-2.88,-2.05,7.27,1.64,0.91,0.89,0,0.02,544.19,7.8,3274947.85,6.73
4479,"book",1066,166,165,901,-2.59,-1.72,8.1,1.47,0.95,0.96,0,0.04,736.96,5.62,5676989.65,4.54
4480,"book",1139,186,181,958,-3.56,-2.98,8.39,2.09,0.99,0.99,0,0.01,848.64,19.7,5643725.71,18.45
4481,"book",854,156,154,700,-3.16,-2.52,6.9,1.39,0.9,0.87,0,0.06,585.24,12.42,3799189.01,10.81
4482,"book",1545,259,190,1355,-2.83,-2.02,7.96,1.62,0.92,0.91,0,0.03,580.72,7.54,3899586.09,6.42
4483,"book",1298,281,124,1174,-2.86,-2.21,6.23,1.36,0.86,0.82,0.01,0.04,477.43,9.12,3247804.3,7.76
4484,"book",847,175,124,722,-3.23,-2.74,7.52,1.76,0.95,0.97,0,0.03,663.85,15.49,4842302.19,13.76
4485,"book",859,169,125,734,-3.63,-2.84,8.34,1.66,0.95,0.95,0,0.01,988.86,17.12,7565327.3,15.4
4486,"book",1121,247,117,1004,-2.78,-2.18,5.77,1.4,0.92,0.89,0,0.01,338.55,8.85,2018717.16,7.43
4487,"book",859,185,125,734,-3.32,-2.83,6.53,1.71,0.89,0.87,0,0.05,599.28,16.95,3787351.36,15.37
4488,"book",719,137,151,568,-3.3,-2.68,6.52,1.58,0.9,0.91,0,0.02,488.68,14.59,3074668.46,13.01
4489,"book",1974,346,172,1802,-2.73,-2.02,6.39,1.56,0.88,0.86,0,0.03,398.91,7.51,1978467.74,6.38
4490,"book",1762,311,146,1616,-2.89,-2.17,7.49,1.71,0.94,0.94,0,0.05,612.44,8.76,4103999.86,7.6
4491,"book",1272,225,157,1115,-2.86,-1.93,7.87,1.67,0.84,0.83,0,0.05,718.4,6.89,5206627.88,5.85
4492,"book",1102,202,159,942,-2.85,-2.08,7.98,1.56,0.93,0.92,0,0.03,812.45,8,5711691.3,6.92
4493,"book",976,148,203,772,-2.6,-1.74,6.36,1.3,0.94,0.94,0,0.02,496.98,5.7,3370091.74,4.62
4494,"book",1308,243,148,1160,-2.53,-1.77,6.21,1.53,0.91,0.91,0,0.05,409.17,5.87,2696088.81,4.86
4495,"book",1078,181,186,892,-2.63,-1.8,6.8,1.53,0.89,0.89,0,0.02,446.38,6.05,2383968.74,4.98
4496,"book",925,182,140,784,-2.2,-1.4,5.76,1.25,0.89,0.88,0,0.05,378.6,4.04,2570685.15,3.02
4497,"book",856,130,159,697,-2.42,-1.5,7.04,1.37,0.79,0.77,0.01,0.03,517.91,4.46,3108100.65,3.46
4498,"book",876,121,178,698,-2.72,-1.81,6.71,1.5,0.97,0.98,0,0.02,476.29,6.11,2483936.18,4.98
4499,"book",1190,225,156,1034,-1.55,-0.51,5.84,0.5,0.66,0.59,0.06,0.21,277.98,1.67,2246720.98,0.67
4500,"book",1306,226,183,1123,-1.48,-0.41,5.2,0.4,0.57,0.5,0.08,0.23,243.97,1.51,1807179.84,0.5
4501,"book",1257,231,175,1082,-1.93,-0.79,6.49,0.77,0.7,0.69,0.04,0.18,305.01,2.2,1888724.55,1.2
4502,"book",808,133,167,641,-2.93,-2.15,9.4,1.75,0.94,1,0.01,0,772.55,8.58,5647693.6,7.47
4503,"book",906,125,176,730,-2.91,-2.29,7.35,1.71,0.95,0.94,0,0.01,585.9,9.87,3447788.59,8.62
4504,"book",1342,194,183,1159,-2.58,-1.7,8.31,1.49,0.75,0.78,0.02,0.06,619.94,5.5,4723116.94,4.49
4505,"book",1452,252,185,1267,-2.71,-2.19,6.48,1.7,0.89,0.86,0,0.03,499.79,8.94,3182666.64,7.81
4506,"book",1719,286,193,1526,-2.4,-1.37,6.29,1.31,0.82,0.78,0.01,0.03,381.93,3.94,2162482.58,2.92
4507,"book",830,118,176,654,-2.83,-2.08,7.36,1.55,0.98,0.98,0,0.01,571.7,8.01,3667906.76,6.94
4508,"book",1892,313,181,1711,-2.69,-1.94,7.18,1.61,0.88,0.86,0,0.02,475.55,6.96,2900351.3,5.85
4509,"book",1595,239,181,1414,-2.81,-2.13,6.78,1.56,0.95,0.95,0,0.03,485.6,8.41,2967348.19,7.24
4510,"book",947,135,180,767,-3.18,-2.79,7.14,1.91,0.99,1,0,0,627.69,16.28,4193104.38,14.94
4511,"book",1041,166,176,865,-2.47,-1.55,8.14,1.37,0.96,0.96,0,0.03,650.05,4.71,4827869.37,3.65
4512,"book",898,151,159,739,-2.45,-1.99,5.04,1.41,0.98,0.97,0,0.03,248.39,7.32,1622800.33,6.07
4513,"book",1095,207,183,912,-2.16,-1.16,6.71,1.11,0.86,0.79,0.01,0.05,421.16,3.19,2341877.69,2.17
4514,"book",1465,288,134,1331,-3.07,-2.51,7.28,1.84,0.97,0.98,0,0.01,578.72,12.36,3883320.4,11.05
4515,"book",734,126,166,568,-2.92,-1.83,8.68,1.37,1,1,0,0,723.67,6.24,4815542.01,5.06
4516,"book",1100,214,145,955,-2.55,-1.62,6.01,1.38,0.99,0.99,0,0.01,335.93,5.06,1264010.29,4.02
4517,"book",1208,230,148,1060,-2.95,-2.26,6.26,1.74,0.99,0.99,0,0,505.19,9.59,2857856.39,8.46
4518,"book",1254,226,175,1079,-2.47,-1.78,6.03,1.39,0.97,0.96,0,0.02,410.3,5.96,2598797.7,4.92
4519,"book",1042,192,144,898,-2.93,-2.06,7.96,1.68,0.98,0.99,0,0.01,599.77,7.85,3798922.28,6.73
4520,"book",1815,334,161,1654,-2.79,-2.2,6.54,1.57,0.92,0.89,0,0.02,491.39,9.07,3211570.34,7.91
4521,"book",1005,194,137,868,-2.75,-1.84,6.6,1.29,0.95,0.94,0,0.03,505.31,6.28,3460183.97,5.08
4522,"book",962,181,142,820,-2.96,-2.28,6.92,1.72,0.99,1,0,0,631.63,9.78,4292929.24,8.72
4523,"book",1103,203,133,970,-2.88,-1.89,7.73,1.6,0.95,0.95,0,0.01,581.85,6.62,3535585.23,5.58
4524,"book",953,176,143,810,-2.72,-2.4,5.58,1.59,0.95,0.97,0,0.03,351.77,10.96,2435232.69,9.68
4525,"book",1172,213,174,998,-2.7,-2.15,5.15,1.44,0.93,0.93,0,0.01,335.51,8.58,1878886.37,7.22
4526,"book",891,147,152,739,-2.67,-1.99,6.64,1.47,0.97,0.96,0,0.01,523.52,7.32,3665983.51,6.21
4527,"book",944,179,128,816,-3.17,-2.34,7.38,1.51,0.98,0.97,0,0.01,745.44,10.38,5196195.16,8.9
4528,"book",1360,264,142,1218,-2.83,-2,7.28,1.61,0.93,0.93,0,0.02,589.03,7.35,3677138.6,6.12
4529,"book",1362,247,149,1213,-2.77,-2.21,6.13,1.68,1,1,0,0,417.6,9.12,2335820.25,8
4530,"book",742,118,155,587,-3.36,-2.3,9.76,1.89,0.96,0.97,0,0.03,774.94,9.97,4948508.46,8.86
4531,"book",2541,494,149,2392,-2.85,-2.13,6.19,1.53,0.95,0.94,0,0.02,431.71,8.41,2625928.05,7.07
4532,"book",1695,332,153,1542,-2.81,-1.96,8.14,1.59,0.97,0.97,0,0.01,669.6,7.14,4554397.9,6.04
4533,"book",752,131,151,601,-2.63,-2,5.91,1.56,0.99,0.99,0,0.01,368.88,7.39,2030181.08,6.28
4534,"book",847,142,162,685,-3.14,-2.43,7.41,2.01,0.97,0.97,0,0.02,595.7,11.36,3750705.36,10.21
4535,"book",741,118,169,572,-3.16,-2.8,5.85,1.55,1,1,0,0,440.71,16.37,2093579.16,14.99
4536,"book",891,148,165,726,-3.06,-2.64,6.45,1.72,0.97,0.98,0,0.02,549.31,14.02,3649471.43,12.55
4537,"book",769,129,166,603,-3.2,-2.34,8.52,1.71,0.97,0.98,0,0.02,880.84,10.38,6337727.95,9.17
4538,"book",1053,194,133,919,-3.24,-2.66,8.41,1.97,0.98,0.98,0,0.01,715.53,14.37,4624048.98,13.19
4539,"book",809,142,150,659,-3.39,-2.44,9.21,1.9,0.99,1,0,0,907.78,11.55,6164817.98,10.52
4540,"book",1120,203,149,971,-2.56,-1.82,5.88,1.4,0.95,0.94,0,0.02,369.73,6.17,2371625.56,5.09
4541,"book",906,170,142,764,-2.92,-2.44,6.52,1.84,0.97,0.97,0,0.01,517.84,11.48,3039421.51,10.29
4542,"book",1179,224,144,1035,-3,-2.28,7.25,1.71,0.93,0.92,0,0.04,698.98,9.77,4882367.28,8.58
4543,"book",1023,189,169,854,-3.27,-2.74,7.17,1.76,1,1,0,0,626.94,15.49,3611882.1,14.44
4544,"book",1558,295,151,1407,-2.79,-1.94,7.12,1.46,0.9,0.9,0,0.02,507.78,6.96,3262545.29,5.88
4545,"book",837,145,164,673,-3.3,-2.76,7.98,2.02,0.98,0.97,0,0.01,763.5,15.8,4810848.01,14.76
4546,"book",765,138,142,623,-2.81,-2.01,7.76,1.84,0.97,0.96,0,0.02,589.25,7.46,3846040.89,6.46
4547,"book",1644,315,177,1466,-2.6,-1.68,7.01,1.4,0.97,0.96,0,0.01,509.18,5.37,3351654.37,4.35
4548,"book",983,163,142,841,-2.83,-2.29,6.13,1.72,0.99,0.98,0,0.01,378.11,9.87,1684929.39,8.67
4549,"book",771,129,150,621,-2.6,-2.03,5.82,1.58,0.99,1,0,0,359.85,7.61,2357291.89,6.55
4550,"book",1159,206,164,995,-2.8,-2.08,7.08,1.6,0.99,1,0,0,560.47,8.01,3753797.84,6.82
4551,"book",1060,186,160,900,-3.13,-2.05,8.43,1.65,0.99,1,0,0,771.04,7.8,5157667.62,6.62
4552,"book",1105,217,122,982,-2.62,-1.95,6.34,1.42,0.96,0.96,0,0.01,451.51,7.03,2827855.47,5.83
4553,"book",1308,240,152,1156,-3.02,-2.42,6.3,1.73,0.97,0.96,0,0.01,508.1,11.3,3284197.74,10.05
4554,"book",884,144,154,730,-2.74,-2.21,6.33,1.77,0.91,0.88,0,0.01,432.33,9.12,2870101.36,7.96
4555,"book",698,120,155,542,-2.66,-2.3,5.09,1.77,0.97,0.98,0,0.02,264.26,10.02,1187787.43,8.64
4556,"book",1410,263,153,1257,-2.66,-1.74,6.42,1.49,0.96,0.96,0,0.01,426.7,5.7,2230675.94,4.63
4557,"book",1276,246,154,1122,-2.53,-1.81,6.37,1.52,0.99,0.99,0,0.01,464.43,6.08,3242712.11,5.03
4558,"book",748,145,154,593,-2.49,-1.92,4.96,1.4,0.95,0.92,0,0.02,245.39,6.82,1154095.96,5.67
4559,"book",1276,228,162,1114,-2.89,-1.88,6.87,1.33,0.92,0.89,0,0.02,614.3,6.55,4534434.46,5.21
4560,"book",850,155,146,704,-2.81,-1.94,7.67,1.46,0.96,0.95,0,0.01,637.86,6.96,4585846.08,5.73
4561,"book",1217,222,156,1061,-2.78,-2.17,5.34,1.47,0.95,0.92,0,0.01,397.23,8.81,2593266.64,7.61
4562,"book",863,145,160,703,-3.28,-2.37,8.06,1.69,0.99,0.99,0,0.01,806.6,10.7,4657888.83,9.62
4563,"book",1119,202,156,963,-2.76,-2.04,5.95,1.48,0.96,0.96,0,0.01,458.03,7.69,2821197.9,6.46
4564,"book",1268,216,173,1095,-3.19,-2.78,6.51,1.64,0.94,0.93,0,0.01,488.55,16.21,3101573.6,14.36
4565,"book",995,180,170,825,-2.76,-2.17,7.61,1.5,0.96,0.95,0,0.05,504.61,8.8,3776847.06,7.54
4566,"book",979,168,149,830,-3.19,-2.46,8.16,1.77,0.99,1,0,0,775.19,11.72,5188270.65,10.35
4567,"book",1424,257,173,1251,-3.11,-2.35,7.43,1.65,0.98,0.99,0,0.01,668.74,10.49,4433875.47,9.35
4568,"book",723,121,160,563,-3.01,-1.91,9.71,1.57,0.97,0.97,0,0.01,1015.05,6.75,7706680.33,5.56
4569,"book",854,157,141,713,-3.45,-2.94,8.47,1.81,0.98,0.99,0,0.01,852.33,18.92,5805198.39,17.64
4570,"book",1002,175,162,840,-2.83,-2.17,5.95,1.38,0.94,0.93,0,0.01,447.67,8.76,2555251.65,7.31
4571,"book",1017,172,157,860,-3.18,-2.6,7.74,1.59,0.97,0.97,0,0.01,619.21,13.4,3767826.15,11.98
4572,"book",914,146,168,746,-3.02,-2.38,5.76,1.49,0.95,0.97,0,0.03,480.2,10.8,2951248.82,9.46
4573,"book",805,132,157,648,-2.83,-2.24,5.98,1.39,0.98,0.98,0,0.02,510.87,9.45,3273927.91,7.9
4574,"book",996,177,147,849,-3.06,-2.62,7.16,1.72,0.98,0.98,0,0.02,552.42,13.74,3916515.92,12.01
4575,"book",884,157,161,722,-2.65,-2,6.34,1.45,0.95,0.95,0,0.01,443.64,7.39,3121851.48,6.17
4576,"book",775,133,115,660,-3.56,-2.99,8.79,2.22,0.97,0.96,0,0.01,924.54,19.89,5585832.43,18.81
4577,"book",1315,230,176,1139,-3.08,-2.08,7.94,1.68,0.97,0.98,0,0.02,700.32,8,4756512.42,6.92
4578,"book",771,132,154,617,-3.42,-2.85,7.94,1.98,1,1,0,0,756.23,17.3,4860298.55,15.72
4579,"book",854,149,150,704,-2.8,-2.14,6.63,1.61,0.99,0.98,0,0.01,573.1,8.5,4138522.36,7.29
4580,"book",1474,283,146,1328,-2.84,-2.18,5.73,1.53,0.94,0.93,0,0.01,449.35,8.85,2906463.29,7.6
4581,"book",925,174,147,778,-2.76,-2.08,6.6,1.45,0.92,0.91,0,0.02,616.61,8,4390340.06,6.82
4582,"book",1203,212,156,1047,-2.96,-2.33,6.72,1.75,0.98,0.98,0,0.01,505.02,10.28,2997654.06,9.2
4583,"book",909,162,148,761,-2.63,-2,6.61,1.68,0.94,0.94,0,0.01,496,7.39,3509516.62,6.25
4584,"book",1030,209,140,890,-2.74,-1.91,7.28,1.64,0.96,0.96,0,0.02,557.02,6.75,3242674.63,5.64
4585,"book",1148,220,148,1000,-2.74,-2.18,5.76,1.5,0.97,0.96,0,0.01,405.92,8.9,2467477.84,7.56
4586,"book",799,147,131,668,-2.62,-2.12,4.97,1.29,0.96,0.97,0,0.03,359.25,8.33,2365900.24,6.73
4587,"book",729,127,146,583,-2.42,-1.85,5.84,1.54,0.98,0.98,0,0.01,394.5,6.36,2739218.39,5.28
4588,"book",1413,274,156,1256,-2.89,-2.16,7.25,1.65,0.95,0.96,0,0.02,452.35,8.72,2698008.8,7.58
4589,"book",882,147,161,721,-3.04,-2.33,7.67,1.7,0.96,0.96,0,0.02,673.23,10.28,4298609.64,9.02
4590,"book",1061,197,140,921,-2.67,-2.12,4.82,1.43,0.91,0.9,0,0.06,292.28,8.33,2086407.4,7.01
4591,"book",983,178,155,828,-2.75,-2.02,7.15,1.43,0.97,0.98,0,0.01,460.71,7.58,3034516.29,6.3
4592,"book",1000,175,147,853,-2.77,-1.93,5.88,1.45,0.98,0.98,0,0.01,354.24,6.89,1950429.48,5.74
4593,"book",1066,194,162,904,-2.78,-2.08,6.28,1.51,0.97,0.97,0,0.02,427.03,7.96,2568137.5,6.85
4594,"book",1156,214,172,984,-2.81,-2.06,6.6,1.72,0.98,0.98,0,0.01,437.91,7.85,2413554.54,6.83
4595,"book",1680,297,178,1502,-3.1,-2.28,7.62,1.77,0.97,0.98,0,0.01,601.98,9.78,3800967.5,8.71
4596,"book",921,157,146,775,-3.25,-2.92,6.89,1.75,0.99,0.99,0,0.01,509.12,18.54,2889440.75,17.22
4597,"book",1003,185,134,869,-3.2,-2.02,10.57,1.65,1,1,0,0,1050.99,7.54,7251281.31,6.42
4598,"book",776,129,151,625,-3.26,-2.62,7.8,2,1,1,0,0,742.3,13.74,4614993.85,12.69
4599,"book",1109,184,176,933,-3.39,-2.67,8.63,1.96,1,1,0,0,852.41,14.44,5597726.11,13.26
4600,"book",1059,176,153,905,-3.29,-2.69,7.51,1.79,0.98,0.98,0,0.01,621.69,14.74,3731777.7,13.52
4601,"book",1340,246,166,1174,-2.92,-2.45,6.56,1.72,0.94,0.95,0,0.01,506.04,11.53,3012438.89,10.39
4602,"book",1832,324,168,1663,-2.96,-2.49,6.1,1.65,0.93,0.93,0,0.01,473.55,12,3123585.14,10.8
4603,"book",1781,328,152,1629,-3.32,-2.5,7.79,1.76,0.97,0.98,0,0.01,823.32,12.24,5128553.91,11.04
4604,"book",837,157,147,690,-3.03,-2.57,6.92,2,0.97,0.98,0,0.02,525.43,13.07,3022405.29,11.91
4605,"book",1312,235,152,1160,-3.13,-2.62,6.19,1.75,0.98,0.97,0,0.01,498.58,13.74,2409607.9,12.31
4606,"book",1612,321,137,1475,-2.97,-2.52,6.04,1.82,0.97,0.97,0,0.02,413.47,12.43,2269440.72,11.2
4607,"book",1036,177,152,883,-2.6,-1.78,5.71,1.31,0.96,0.96,0,0.04,404.52,5.93,2586638.97,4.7
4608,"book",1239,221,151,1087,-3.28,-2.63,7.88,1.85,0.96,0.95,0,0.01,771.62,13.87,5417782.63,12.59
4609,"book",757,118,163,594,-3.04,-2.13,8.64,1.76,1,1,0,0,607.73,8.41,3511055.92,7.37
4610,"book",708,120,151,557,-2.84,-2.26,7.42,1.86,1,1,0,0,537.4,9.65,3167595.48,8.62
4611,"book",941,169,152,788,-3.03,-2.04,7.81,1.64,0.98,0.98,0,0.01,642.85,7.69,4469641.21,6.67
4612,"book",1867,342,154,1713,-2.94,-2.2,6.74,1.61,0.95,0.97,0,0.03,568.06,9.03,3747161.57,7.81
4613,"book",1384,252,135,1249,-2.88,-2.25,6.51,1.58,0.96,0.96,0,0,471.49,9.49,2860869.79,8.16
4614,"book",984,168,180,804,-2.82,-2.43,5.71,1.65,0.94,0.93,0,0.01,378.26,11.38,2295448.97,10.02
4615,"book",1315,240,151,1164,-2.93,-2.48,5.43,1.69,0.96,0.96,0,0.01,418.25,11.94,2319638.49,10.68
4616,"book",852,137,141,711,-3.68,-3.51,7.93,2.3,1,1,0,0,738.31,33.45,4253651.94,32.17
4617,"book",1458,251,184,1274,-3.17,-2.39,8.33,1.75,0.96,0.95,0,0.01,821.95,10.91,5825640.61,9.51
4618,"book",1805,340,156,1649,-3,-2.33,6.97,1.58,0.96,0.96,0,0.01,528.78,10.28,2975985.41,8.86
4619,"book",735,124,145,590,-2.74,-2.06,6.25,1.36,0.98,0.98,0,0.01,460.03,7.88,3238876.61,6.43
4620,"book",1303,227,156,1147,-3.07,-2.45,7.35,1.78,0.98,0.98,0,0.01,605.89,11.59,3615304.33,10.34
4621,"book",1105,199,146,959,-3.11,-2.49,6.98,1.78,0.95,0.97,0,0.03,593.2,12.06,3813307.82,10.85
4622,"book",1210,215,142,1068,-3.13,-2.38,7.74,1.74,0.98,0.99,0,0.01,605.39,10.8,3739221.32,9.49
4623,"book",2230,411,173,2057,-3.21,-2.54,7.8,1.87,0.91,0.91,0,0.01,717.63,12.68,4513142.49,11.61
4624,"book",1201,204,172,1029,-3.25,-2.36,8.27,1.6,0.96,0.96,0,0.01,772.93,10.54,4670219.54,8.98
4625,"book",1501,283,132,1369,-3.09,-2.23,7.91,1.79,0.96,0.95,0,0.01,665.13,9.3,4541715.53,8.25
4626,"book",968,162,182,786,-3.05,-2.3,8.09,1.78,0.99,0.99,0,0.01,531.78,9.97,3407666.29,8.84
4627,"book",883,160,149,734,-2.67,-1.71,7,1.3,0.98,0.98,0,0.02,613.64,5.52,4422450.58,4.38
4628,"book",1636,317,151,1485,-2.9,-2.3,6.67,1.67,0.98,0.98,0,0.02,544.33,9.97,3456645.79,8.75
4629,"book",1584,297,138,1446,-2.86,-2.3,6.27,1.52,0.98,0.98,0,0,496.47,9.97,3268984.91,8.66
4630,"book",1544,282,140,1403,-3.33,-2.44,8.77,2,0.99,0.98,0,0.01,837.64,11.42,5435126.47,10.36
4631,"book",990,165,169,821,-3.16,-2.55,7.33,1.9,0.99,0.99,0,0.01,498.15,12.81,2547854.45,11.59
4632,"book",1789,347,144,1645,-2.99,-2.42,7.17,1.86,0.97,0.98,0,0.02,506,11.25,3174537.78,10.13
4633,"book",898,157,150,747,-3.11,-2.18,8.15,1.65,0.94,0.92,0,0.01,725.2,8.85,4771123.03,7.51
4634,"book",1165,205,149,1016,-3.18,-2.32,8.82,1.81,0.94,0.94,0,0.04,873.02,10.18,6149569.75,9.03
4635,"book",1906,350,157,1748,-3.2,-2.36,7.86,1.86,0.97,0.96,0,0.02,689.52,10.6,4436299,9.49
4636,"book",1297,219,156,1141,-3.29,-2.37,8.17,1.69,0.97,0.96,0,0.02,803.27,10.7,4866264.07,9.65
4637,"book",1017,172,148,869,-2.91,-2.06,7.3,1.7,0.99,0.99,0,0.01,688.12,7.88,4553488.4,6.83
4638,"book",1130,200,162,968,-2.74,-2.06,6.23,1.65,0.97,0.97,0,0.01,488.43,7.89,3101493.45,6.71
4639,"book",1027,173,148,878,-3.42,-2.61,8.89,1.98,0.97,0.96,0,0.01,822.82,13.6,4800836.59,12.46
4640,"book",855,141,150,705,-3.14,-2.48,7.03,1.75,0.98,0.98,0,0.01,578.87,11.94,2997368.58,10.49
4641,"book",818,135,169,649,-2.99,-2.32,8.65,2.07,0.97,0.96,0,0,480.43,10.18,2499570.34,9.14
4642,"book",1509,278,152,1357,-2.97,-2.15,6.73,1.66,0.96,0.97,0,0.03,599.39,8.58,3829284.78,7.49
4643,"book",934,161,132,802,-3.38,-2.46,8.85,1.88,0.97,0.96,0,0.02,988.31,11.7,6662846.16,10.56
4644,"book",937,154,183,754,-3.11,-2.17,8.97,1.83,0.99,0.99,0,0.01,816.6,8.81,5239901.25,7.75
4645,"book",736,128,137,599,-2.85,-2.45,5.81,1.7,1,1,0,0,425.01,11.62,2673682.14,10.36
4646,"book",1038,173,164,873,-3.19,-2.22,9.55,1.66,0.97,0.97,0,0.01,1126.98,9.21,8039248.17,8.04
4647,"book",1616,319,166,1450,-2.99,-2.14,8.34,1.73,0.97,0.97,0,0.01,634.05,8.5,4262659.38,7.47
4648,"book",1145,207,150,994,-3.23,-2.39,8.54,1.98,0.97,0.96,0,0.01,779.43,10.91,5184971.07,9.87
4649,"book",1271,235,161,1110,-2.9,-2.21,6.87,1.63,0.97,0.97,0,0.01,648.55,9.12,4315008.08,7.93
4650,"book",1089,196,147,942,-2.93,-2.42,6.77,1.84,0.99,0.99,0,0.01,516.98,11.24,2930015.18,10.11
4651,"book",827,136,143,684,-3.44,-3.1,7.14,2.04,0.97,0.97,0,0.01,731.76,22.32,4811716.92,20.24
4652,"book",934,160,158,776,-3.19,-2.7,8.05,1.92,1,1,0,0,889.7,14.96,6035053.5,13.69
4653,"book",917,151,154,763,-3.05,-2.6,5.94,1.73,0.98,0.98,0,0.01,398.57,13.46,2267491.97,12.23
4654,"book",1539,295,148,1391,-2.87,-2.02,7.24,1.62,0.94,0.94,0,0.05,594.41,7.54,4225895.63,6.47
4655,"book",1703,312,137,1566,-3.44,-2.82,8.62,1.97,0.98,0.98,0,0.02,940.06,16.78,6280025.84,15.52
4656,"book",821,126,154,667,-3.5,-3.11,8.01,2.01,0.99,1,0,0,643.86,22.42,3425160.18,20.99
4657,"book",870,137,181,689,-2.9,-2.44,6.53,1.62,0.97,0.98,0,0.02,606.54,11.47,4527453.02,9.98
4658,"book",929,159,134,795,-3.58,-2.46,11.2,1.84,0.99,0.99,0,0.01,1273.26,11.7,8943497.25,10.43
4659,"book",1582,305,147,1435,-2.76,-2.12,6.11,1.68,0.95,0.95,0,0.02,436.47,8.33,2625808.51,7.2
4660,"book",1288,237,162,1126,-2.83,-2.3,5.87,1.45,0.97,0.96,0,0.01,452.18,9.97,2624755.31,8.51
4661,"book",1303,260,143,1160,-2.68,-1.93,5.86,1.35,0.98,0.99,0,0.01,383.71,6.9,2553937.47,5.56
4662,"book",1218,224,154,1064,-3.14,-2.22,8.54,1.75,0.97,0.95,0,0.01,771.79,9.21,5600002.49,8.07
4663,"book",1147,209,134,1013,-3.34,-2.83,7.11,1.78,0.99,1,0,0,720.05,16.95,4333432.67,15.52
4664,"book",876,145,171,705,-2.33,-1.67,4.01,1.16,0.86,0.85,0,0.02,157.86,5.31,753129.09,3.88
4665,"book",867,158,151,716,-2.8,-2.18,6,1.75,0.98,0.98,0,0.01,428.1,8.9,2512482.86,7.72
4666,"book",1000,182,159,841,-2.81,-2.12,7.57,1.71,0.99,0.99,0,0.01,645.31,8.34,4445762.92,7.25
4667,"book",1203,217,157,1046,-3.15,-2.57,7.13,1.84,0.97,0.98,0,0.02,685.47,13.07,4730284.11,11.95
4668,"book",964,167,154,810,-3.3,-2.65,6.33,1.6,0.98,0.98,0,0.01,545.27,14.15,2716619.49,12.94
4669,"book",1488,292,158,1330,-2.88,-2.19,6.51,1.53,0.97,0.96,0,0.02,448.17,8.94,2666070.04,7.73
4670,"book",1176,209,169,1006,-3.07,-2.65,6.69,1.8,0.95,0.94,0,0.01,474.98,14.15,2918320.95,12.67
4671,"book",1034,186,131,903,-2.86,-2.16,6.23,1.59,0.95,0.93,0,0.03,511.01,8.63,2956106.76,7.54
4672,"book",1019,177,148,871,-3.18,-2.41,8.52,1.88,0.97,0.98,0,0.01,813.28,11.13,5971838.7,9.99
4673,"book",968,161,178,790,-3.1,-2.46,7.18,1.75,0.97,0.95,0,0.03,636.86,11.7,4158445.41,10.62
4674,"book",1382,256,166,1216,-2.72,-2.01,6.52,1.56,0.97,0.96,0,0.02,494.25,7.46,2895580.15,6.28
4675,"book",846,147,179,667,-2.88,-2.2,6.4,1.81,0.98,1,0,0,326.51,9.03,1078504.87,7.84
4676,"book",1191,227,156,1035,-2.89,-2.19,6.48,1.78,0.97,0.97,0,0.01,476.52,8.94,2940413.59,7.89
4677,"book",931,153,158,773,-3.27,-2.5,7.41,1.89,1,1,0,0,620.64,12.18,3723630.75,11.05
4678,"book",681,118,147,534,-3.02,-2.25,6.68,1.66,0.97,0.97,0,0.01,569.25,9.49,2866734.59,8.34
4679,"book",1011,177,144,867,-3.42,-2.91,7.86,2.07,0.98,0.97,0,0.01,692.42,18.36,3490895.04,17.15
4680,"book",878,145,144,734,-3.31,-2.65,7.98,2.07,1,1,0,0,722.05,14.15,4576158.86,13.07
4681,"book",899,165,142,757,-2.61,-1.91,5.2,1.47,0.97,0.95,0,0.01,274.67,6.75,1058188.25,5.64
4682,"book",851,159,148,703,-3.01,-2.26,7.57,1.64,0.99,0.99,0,0.01,573.26,9.58,3667459.53,8.55
4683,"book",897,159,158,739,-3.05,-2.2,8.54,1.5,0.97,0.97,0,0,655.58,9.03,4655932.93,7.78
4684,"book",751,136,157,594,-2.66,-1.75,6.58,1.21,0.99,1,0,0,516.04,5.76,3089247.55,4.54
4685,"book",1667,324,150,1517,-3.07,-2.54,7.67,1.78,0.96,0.95,0,0.02,752.28,12.74,5571232.58,11.42
4686,"book",1331,253,161,1170,-3.16,-2.66,6.64,1.79,0.97,0.96,0,0.01,617.97,14.3,4282235.56,13.1
4687,"book",1319,256,154,1165,-3.08,-2.3,7.78,1.79,0.95,0.95,0,0.01,610.19,9.97,3501592.19,8.82
4688,"book",1045,182,149,896,-3.08,-2.24,8.53,1.75,0.98,0.98,0,0.02,759.75,9.4,5573969.72,8.25
4689,"book",1033,176,146,887,-3.75,-2.88,9.81,2.06,0.99,1,0,0,1138.56,17.81,7853322.55,16.61
4690,"book",979,168,167,812,-2.98,-2.33,7.29,1.74,0.98,0.98,0,0.01,681.47,10.28,4395825.73,9.15
4691,"book",1071,198,146,925,-3.29,-2.64,7.57,1.82,0.95,0.95,0,0.01,636.1,14.02,3515497.02,12.87
4692,"book",1564,298,145,1419,-2.97,-2.22,7.33,1.78,0.95,0.94,0,0.01,620.59,9.16,4109570.96,8.02
4693,"book",841,154,130,710,-2.73,-2,5.51,1.43,0.97,0.97,0,0.02,450.69,7.39,2899502.77,6.1
4694,"book",991,167,141,850,-3.23,-2.72,7.59,1.7,0.99,1,0,0,752.16,15.18,5003309.44,13.9
4695,"book",915,155,155,760,-2.78,-2.31,6.34,1.62,0.97,0.97,0,0.01,480.31,10.07,3253787.33,8.73
4696,"book",1307,255,161,1146,-2.63,-2.05,5,1.43,0.93,0.92,0,0.03,306.55,7.77,1879163.71,6.56
4697,"book",987,171,168,819,-2.86,-2.43,6.18,1.61,0.98,1,0,0,394.88,11.36,2383046.22,10.2
4698,"book",1542,314,173,1369,-2.74,-2,5.96,1.65,0.93,0.93,0,0.04,377.5,7.35,2006309.59,6.24
4699,"book",816,139,170,646,-3.11,-2.44,7.2,1.77,0.98,0.98,0,0.01,561.84,11.47,3537256.39,10.15
4700,"book",904,159,164,740,-2.76,-1.96,6.05,1.59,0.98,0.99,0,0.01,407.7,7.1,2236303,6.09
4701,"book",808,141,141,667,-3.1,-2.29,8.64,1.76,0.99,1,0,0,793.13,9.87,5272116.33,8.83
4702,"book",1585,295,147,1438,-2.79,-2.15,6.21,1.38,0.96,0.95,0,0.01,469.2,8.58,2843941.48,7.31
4703,"book",1270,247,140,1130,-2.84,-1.99,7.71,1.54,0.97,0.97,0,0.02,598.29,7.32,4155453.45,6.18
4704,"book",962,169,160,802,-2.72,-2.16,5.97,1.42,0.94,0.91,0,0.02,324.82,8.67,1905720.4,7.33
4705,"book",975,162,161,814,-3.52,-2.54,9.94,1.79,0.99,1,0,0,1120.95,12.74,8299796.36,11.46
4706,"book",765,127,150,615,-2.77,-1.81,7.09,1.44,1,1,0,0,567.92,6.11,3296571.34,5.06
4707,"book",856,138,188,668,-2.88,-2.3,5.65,1.61,0.98,0.98,0,0.01,364.9,9.99,1663124.79,8.73
4708,"book",1874,332,170,1704,-3,-2.32,8.82,1.64,0.95,0.93,0,0.01,766.83,10.12,5413850.39,8.95
4709,"book",1239,216,165,1074,-3.27,-2.62,8.2,1.74,0.98,0.98,0,0.01,829.05,13.74,5316063.09,12.42
4710,"book",1153,201,161,992,-3.26,-2.42,8.1,1.79,0.98,0.97,0,0.01,716.51,11.25,4478315.46,10.08
4711,"book",2143,409,152,1990,-3.1,-2.43,7.97,1.76,0.93,0.92,0,0.04,765.45,11.36,5523541.45,10.13
4712,"book",877,139,179,698,-3.06,-2.63,6.18,1.79,0.99,0.98,0,0,542.46,13.87,3489935.29,12.82
4713,"book",1084,187,156,928,-2.84,-2.28,6.58,1.66,0.96,0.95,0,0.01,449.32,9.78,2768178.47,8.51
4714,"book",1220,207,154,1066,-3.14,-2.71,6.79,1.76,1,1,0,0,625.28,15.03,4435085.17,13.58
4715,"book",892,143,158,734,-3.08,-2.54,6.71,1.84,1,1,0,0,520.66,12.68,2538406.25,11.49
4716,"book",1433,250,159,1274,-3.4,-2.7,8.09,1.95,0.98,0.97,0,0.01,785.73,14.96,5002812.26,13.91
4717,"book",1285,234,161,1124,-3.31,-2.6,8.47,1.86,0.95,0.95,0,0.03,850.07,13.54,5932353.72,12.41
4718,"book",1452,252,168,1283,-3.38,-2.6,8.35,2.02,0.97,0.97,0,0.01,821.24,13.54,5116536.42,12.38
4719,"book",782,125,144,638,-3.9,-3.31,10.5,2.42,0.99,1,0,0,1116.63,27.39,7136031.23,26.26
4720,"book",1342,233,178,1164,-2.88,-2.15,6.53,1.46,0.98,0.98,0,0.01,546.91,8.58,3400751.29,7.22
4721,"book",1313,244,137,1176,-2.66,-1.69,7.34,1.34,0.94,0.94,0,0.04,640.38,5.44,4823850.88,4.32
4722,"book",1100,191,163,937,-2.57,-1.75,5.98,1.29,0.98,0.97,0,0.01,401.89,5.75,2177870.88,4.55
4723,"book",1735,309,153,1582,-3.04,-2.47,6.11,1.74,0.96,1,0,0,445.18,11.82,2207922.82,10.56
4724,"book",1357,240,155,1202,-2.94,-2.34,6.77,1.53,0.98,0.98,0,0.01,601.44,10.33,4554982.55,8.96
4725,"book",907,143,165,742,-3.39,-2.85,6.85,1.83,0.99,0.98,0,0.01,684.45,17.29,3723241.1,16.17
4726,"book",1032,182,154,878,-3.25,-2.8,6.92,1.86,0.97,0.97,0,0,579.64,16.52,3093786.22,15.19
4727,"book",992,173,152,840,-3.44,-2.63,7.4,1.82,0.99,0.99,0,0.01,772.45,13.87,4887240.94,12.71
4728,"book",1126,187,184,942,-3.18,-2.41,8.18,1.94,0.99,0.99,0,0.01,776.14,11.13,5068673.9,10.06
4729,"book",1123,203,156,967,-3.15,-2.17,10.06,1.8,0.97,0.97,0,0.02,942.7,8.76,6613387.33,7.64
4730,"book",1121,199,171,950,-2.73,-1.95,6.53,1.6,0.95,0.96,0,0.04,486.27,7.03,3169996.96,5.92
4731,"book",2010,375,164,1846,-2.99,-2.36,7.11,1.84,0.92,0.89,0,0.01,565,10.59,3114531.26,9.45
4732,"book",872,146,159,713,-2.75,-2.1,5.67,1.35,0.98,0.98,0,0.03,437.5,8.21,2414060.62,6.82
4733,"book",1090,188,159,931,-3.03,-2.34,7.17,1.77,0.97,0.97,0,0.01,562.13,10.44,3701555.7,9.32
4734,"book",2319,426,141,2178,-3.16,-2.26,8.58,1.8,0.94,0.92,0,0.01,847.71,9.59,5538961.9,8.45
4735,"book",782,123,159,623,-3.37,-2.72,8.42,2.1,1,1,0,0,870.61,15.18,5630207.56,13.99
4736,"book",1082,177,155,927,-3.49,-2.55,9.19,2.03,0.99,1,0,0,824.08,12.81,5080106.94,11.78
4737,"book",1911,346,155,1756,-2.85,-2.05,7.45,1.52,0.96,0.98,0,0.02,573.94,7.77,3700729.04,6.66
4738,"book",1283,234,176,1107,-2.63,-1.72,6.79,1.33,0.95,0.96,0,0.04,533.89,5.56,3503397.36,4.38
4739,"book",737,128,164,573,-2.51,-1.88,4.65,1.32,0.96,0.96,0,0.01,229.18,6.56,1052313.69,5.46
4740,"book",1422,256,157,1265,-3.1,-2.55,6.76,1.87,0.91,0.9,0,0.02,627.03,12.81,3810457.18,11.49
4741,"book",1570,269,152,1418,-3.3,-2.46,8.31,1.82,0.9,0.88,0,0.02,774.47,11.7,4896349.44,10.57
4742,"book",1418,258,137,1281,-2.75,-2.05,6.65,1.55,0.97,0.99,0,0.01,477.16,7.8,2750538.02,6.67
4743,"book",1382,253,151,1230,-3.13,-2.55,7.19,1.78,0.88,0.88,0,0.01,654.13,12.81,4239336.73,11.43
4744,"book",1267,233,145,1122,-2.87,-2.35,5.38,1.44,0.94,0.94,0,0.05,426.71,10.49,2386530.95,9.14
4745,"book",786,131,144,642,-3.06,-2.21,9.1,1.61,0.99,0.99,0,0.01,848.44,9.12,6022562.7,8.05
4746,"book",1401,250,155,1246,-2.93,-2.22,7.09,1.63,0.99,0.99,0,0.01,646.44,9.21,4056936.59,8.02
4747,"book",846,139,170,676,-2.95,-2.51,5.57,1.82,0.99,0.99,0,0.01,345.86,12.3,1506784.14,10.85
4748,"book",1310,252,151,1159,-2.66,-1.78,6.62,1.4,0.96,0.98,0,0.02,525.59,5.96,3641174.28,4.92
4749,"book",1300,241,140,1160,-3.25,-2.28,9.03,1.67,0.95,0.95,0,0.01,952.12,9.78,6597861.26,8.51
4750,"book",1647,302,166,1481,-3.19,-2.61,6.94,1.89,0.96,0.96,0,0.02,573.26,13.64,2941031.54,12.55
4751,"book",1259,221,159,1100,-3.43,-2.61,8.4,1.63,0.97,0.97,0,0.02,978.14,13.6,6607057.22,12.28
4752,"book",869,151,156,713,-3.04,-2.29,7.43,1.76,0.98,0.97,0,0.01,619.08,9.87,3658813.32,8.74
4753,"book",2048,374,146,1902,-3.15,-2.43,7.23,1.81,0.97,0.97,0,0.01,627.7,11.36,3829465.39,10.12
4754,"book",839,135,169,670,-3.53,-2.64,9.48,2.07,1,1,0,0,992.2,14.01,6208558.59,12.94
4755,"book",723,119,171,552,-3.26,-2.77,7.67,1.98,0.99,1,0,0,763.99,15.96,5159688.18,14.71
4756,"book",1701,296,177,1524,-3.25,-2.46,7.7,1.78,0.97,0.96,0,0.01,767.09,11.7,5020551.65,10.38
4757,"book",914,146,168,746,-3.3,-2.64,8.06,1.97,1,1,0,0,718.68,14.08,4438401.42,12.89
4758,"book",1103,191,128,975,-3.39,-2.6,8.73,1.77,0.97,0.96,0,0.01,863.8,13.46,5803068.88,12.03
4759,"book",878,151,174,704,-3.27,-2.7,8.18,1.93,1,1,0,0,704.98,14.88,4416415.76,13.71
4760,"book",1413,264,133,1280,-3.04,-2.51,7.09,1.7,0.94,0.91,0,0.03,516.48,12.36,2919873.5,10.92
4761,"book",989,167,142,847,-2.98,-2.68,7.05,1.8,0.99,1,0,0,619.51,14.59,4297156.1,13.29
4762,"book",807,137,152,655,-3.03,-2.31,7.63,1.64,0.97,0.97,0,0.01,822.07,10.07,6007972.95,8.79
4763,"book",1011,182,164,847,-3.03,-2.38,7.3,1.77,0.99,1,0,0,623.76,10.75,3930882.69,9.7
4764,"book",821,133,163,658,-3.15,-2.27,7.32,1.63,0.99,0.99,0,0.01,612.21,9.68,3481412.93,8.48
4765,"book",1495,264,179,1316,-3.27,-2.46,7.42,1.84,0.98,0.98,0,0.01,686.36,11.76,4029977.9,10.64
4766,"book",891,157,161,730,-3.42,-2.92,8.16,2.11,0.97,0.96,0,0.01,834.37,18.54,5452051.93,17.35
4767,"book",821,130,157,664,-3.14,-2.53,7.75,1.8,1,1,0,0,663.44,12.56,4349683.42,11.28
4768,"book",1319,235,162,1157,-2.95,-2.29,6.94,1.71,0.99,0.99,0,0.01,601.1,9.87,3961994.58,8.6
4769,"book",1167,208,178,989,-3.32,-2.2,9.29,1.72,0.98,0.98,0,0.01,942.76,8.98,6626650.82,7.85
4770,"book",1901,359,168,1733,-2.9,-2.27,7.11,1.67,0.96,0.95,0,0.01,619.6,9.68,3840008.28,8.48
4771,"book",1326,253,155,1170,-2.79,-1.71,7.79,1.36,0.94,0.96,0,0.04,702.99,5.53,4808833.02,4.48
4772,"book",975,166,161,814,-3.47,-2.55,8.69,1.72,0.98,0.98,0,0.02,985.85,12.89,6598919.21,11.71
4773,"book",1032,176,131,900,-3.71,-3.1,8.1,2.27,0.98,0.98,0,0.02,836.77,22.22,4754498.3,21.04
4774,"book",1519,274,171,1347,-3.06,-2.3,7.78,1.64,0.9,0.94,0,0.06,714.53,10.02,4889745.48,8.95
4775,"book",1405,241,147,1258,-3.45,-2.77,9.4,1.96,0.97,0.97,0,0.01,905.79,15.96,6245841.92,14.64
4776,"book",814,135,159,654,-3.2,-2.21,9.26,1.64,0.96,0.97,0,0.01,1006.07,9.12,7182138.58,7.85
4777,"book",777,126,158,619,-2.63,-1.63,5.84,1.38,0.85,0.84,0.01,0.07,352.56,5.1,1880363.35,4
4778,"book",1284,235,145,1139,-3.4,-2.85,7.9,1.8,0.97,0.96,0,0.01,796.2,17.29,5357846.99,16.13
4779,"book",1046,192,176,870,-2.92,-2.09,7.1,1.54,0.94,0.93,0,0.03,622.26,8.13,4000043.6,6.91
4780,"book",1110,194,163,947,-2.75,-2.11,6.77,1.69,0.98,0.99,0,0.01,513.34,8.26,3487742.55,7.21
4781,"book",942,164,146,796,-2.98,-2.42,6.91,1.7,0.98,0.98,0,0.01,645.8,11.2,4343911.3,9.86
4782,"book",1041,182,150,891,-2.83,-1.96,6.57,1.65,0.98,0.98,0,0.02,463.32,7.06,2459611.48,5.97
4783,"book",811,133,168,643,-2.96,-2.01,7.92,1.59,0.99,0.99,0,0.01,704.46,7.46,4348040.16,6.33
4784,"book",980,160,170,810,-3.22,-2.22,8.95,1.57,0.99,0.99,0,0.01,988.69,9.16,6763566.26,7.7
4785,"book",1167,207,170,997,-3.19,-2.37,8.36,1.82,0.98,0.98,0,0.02,751.52,10.7,4758733.12,9.63
4786,"book",2764,509,146,2618,-3.16,-2.58,7.55,1.88,0.94,0.94,0,0.01,630.71,13.2,4350488.02,12.03
4787,"book",1371,251,158,1213,-3.34,-2.47,9.45,1.92,0.97,0.99,0,0.01,876.41,11.82,5941203.22,10.59
4788,"book",1003,182,142,861,-2.78,-1.96,6.94,1.65,0.98,0.98,0,0.02,510.18,7.06,3112665.04,5.94
4789,"book",772,143,157,615,-3.41,-2.18,9.18,1.76,0.98,0.98,0,0,991.02,8.85,6782202.77,7.77
4790,"book",1044,186,163,881,-2.97,-2.16,7.46,1.65,0.98,0.99,0,0.01,655.58,8.63,4147805.28,7.48
4791,"book",1036,189,158,878,-3.12,-2.48,7.27,1.77,0.97,0.98,0,0.02,621.83,11.94,3406791.58,10.72
4792,"book",779,137,150,629,-3.05,-2.14,7.76,1.69,0.96,0.95,0,0.01,684.15,8.5,3890103.33,7.33
4793,"book",1515,285,168,1347,-3.07,-2.41,6.58,1.64,0.95,0.95,0,0.03,557.06,11.13,3531482.38,9.96
4794,"book",751,124,144,607,-2.75,-1.98,6.03,1.38,0.97,0.97,0,0.01,478.85,7.29,3145440,5.8
4795,"book",1304,237,140,1164,-2.66,-1.88,6.64,1.54,0.97,0.97,0,0.03,478.76,6.55,3217775.74,5.51
4796,"book",2217,419,164,2052,-2.96,-2.13,7.8,1.72,0.94,0.95,0,0.03,702.56,8.41,4811067.79,7.24
4797,"book",1330,244,151,1179,-3.43,-2.64,8.05,1.91,0.96,0.96,0,0.01,811.14,14.02,4864557.01,12.85
4798,"book",1008,172,143,865,-3.37,-2.68,8.75,2.16,0.99,0.99,0,0,890.08,14.66,5941731.5,13.45
4799,"book",1742,328,162,1580,-2.9,-2.17,7.64,1.68,0.95,0.95,0,0.01,608.37,8.76,4401645.22,7.62
4800,"book",994,168,158,836,-3.01,-2.16,6.84,1.58,1,1,0,0,533.24,8.72,3611806.42,7.5
4801,"book",953,166,153,800,-3.26,-2.54,8.68,1.79,0.99,0.99,0,0.01,950.94,12.69,6761231.2,11.47
4802,"book",1813,362,161,1652,-2.7,-1.83,6.32,1.56,0.94,0.92,0,0.01,437.66,6.23,2648624.74,5.19
4803,"book",880,146,167,713,-3.45,-2.55,8.84,2.12,1,1,0,0,926.41,12.84,5845564.85,11.77
4804,"book",1348,247,152,1196,-3.11,-2.63,7.11,1.93,0.96,0.94,0,0.01,627.18,13.87,3830372.43,12.65
4805,"book",1322,261,155,1167,-2.87,-2.29,6.74,1.76,0.97,0.97,0,0.01,499.66,9.87,2974680.49,8.65
4806,"book",1010,176,179,831,-3.38,-2.63,8.41,2.09,0.97,0.97,0,0.01,876.35,13.88,6051073.64,12.72
4807,"book",1937,351,136,1800,-3.09,-2.6,7.55,1.87,0.95,0.95,0,0.02,562.18,13.46,3356560.19,12.3
4808,"book",938,148,165,773,-3.13,-2.36,7.45,1.83,0.99,0.99,0,0.01,713.34,10.59,5041518.82,9.52
4809,"book",1221,203,145,1076,-3.17,-2.71,6.38,1.58,0.99,0.99,0,0.01,555.01,15.03,3468074.79,13.76
4810,"book",919,162,158,761,-3.19,-2.7,7.48,1.84,0.95,0.95,0,0.01,645.4,14.82,4262332.61,13.64
4811,"book",1186,217,170,1016,-3.09,-2.43,7.36,1.68,0.88,0.89,0,0.01,674.89,11.36,4359079.07,10.23
4812,"book",1056,186,146,910,-3.46,-2.52,8.92,1.78,0.95,0.94,0,0.01,986.82,12.43,7095739.94,11.19
4813,"book",2244,416,151,2093,-3.15,-2.44,7.27,1.68,0.96,0.94,0,0.02,741.94,11.48,5055244.89,10.12
4814,"book",830,128,164,666,-3.02,-2.58,6.37,1.75,1,1,0,0,585.69,13.2,3548330.2,11.84
4815,"book",2135,404,158,1976,-2.88,-2.2,6.21,1.59,0.83,0.81,0,0.01,446.21,8.98,2309051.41,7.82
4816,"book",895,145,151,744,-3.15,-2.73,6.56,1.94,0.99,1,0,0,598,15.33,3938471.79,14.06
4817,"book",2352,464,138,2214,-3.13,-2.38,8.24,1.89,0.93,0.93,0,0.01,795.82,10.8,5351021.46,9.67
4818,"book",1025,169,162,863,-3.42,-2.43,9.84,1.92,0.99,0.99,0,0.01,1120.74,11.36,7423899.94,10.16
4819,"book",1567,278,178,1389,-3.52,-2.76,9.3,2.16,0.97,0.97,0,0,986.21,15.88,6455630.78,14.8
4820,"book",2795,516,143,2652,-2.97,-2.21,7.63,1.55,0.96,0.95,0,0.02,616.82,9.12,4107928.21,7.86
4821,"book",1248,221,148,1100,-3.12,-2.6,6.81,1.9,0.96,0.96,0,0.01,487.74,13.46,2689601.21,12.25
4822,"book",1116,193,173,943,-3.03,-2.43,7.49,1.71,0.98,0.98,0,0.01,663.73,11.36,3753568.85,10.28
4823,"book",1141,209,145,996,-2.97,-2.39,6.79,1.91,0.98,0.99,0,0.01,546.31,10.91,3294607.62,9.86
4824,"book",1311,242,161,1150,-3.2,-2.48,8.04,1.94,0.97,0.98,0,0.03,735.21,11.95,4769888.91,10.76
4825,"book",1199,184,178,1020,-3.31,-2.78,6.92,1.9,1,1,0,0,671.16,16.2,4563046.85,15
4826,"book",2043,388,168,1875,-3.04,-2.26,8.3,1.79,0.97,0.98,0,0.02,644.21,9.54,4290226.76,8.38
4827,"book",1592,290,158,1434,-3.68,-2.77,10.83,2.16,0.96,0.94,0,0.01,1226.53,15.96,8671363.59,14.91
4828,"book",1454,278,147,1307,-3.03,-2.19,7.85,1.79,0.94,0.93,0,0.02,679.29,8.94,4447048.29,7.92
4829,"book",1494,261,166,1328,-3.19,-2.53,7.83,1.88,0.99,0.98,0,0,657.81,12.55,4195005.99,11.29
4830,"book",1881,342,169,1712,-3.22,-2.4,7.97,1.69,0.98,0.98,0,0.01,731.95,10.96,5196771.24,9.81
4831,"book",3723,703,158,3564,-3.18,-2.34,8.11,1.87,0.95,0.95,0,0.02,739.47,10.38,4748300.15,9.25
4832,"book",1352,239,150,1202,-3.18,-2.56,6.73,1.76,0.99,0.99,0,0,542.47,12.94,3359841.14,11.73
4833,"book",1124,203,155,969,-3.01,-2.22,6.75,1.64,0.96,0.96,0,0.02,508,9.21,3084016.52,8.02
4834,"book",838,147,161,677,-3.44,-2.36,10.27,1.89,0.99,1,0,0,1070.77,10.59,7060490.93,9.55
4835,"book",1161,197,185,975,-3.07,-2.22,7.79,1.67,0.98,0.97,0,0.01,770.27,9.21,5164735.65,8.16
4836,"book",1208,209,159,1049,-3.38,-2.38,9.43,1.97,0.98,1,0,0,1078.68,10.8,7412211.34,9.71
4837,"book",908,164,146,761,-3.26,-2.42,7.86,1.67,0.98,0.97,0,0.01,871.86,11.3,5772317.88,10.15
4838,"book",975,172,154,821,-2.9,-2.04,6.7,1.63,0.99,1,0,0,576.04,7.65,4032120.25,6.43
4839,"book",1544,293,159,1385,-2.98,-2.29,8.03,1.74,0.95,0.95,0,0.01,705.98,9.87,4483308.41,8.79
4840,"book",768,132,141,627,-2.94,-2.66,6.33,1.66,0.99,0.99,0,0.01,540.13,14.23,3801267.08,12.67
4841,"book",1116,206,146,970,-2.89,-2.08,7.9,1.67,0.96,0.96,0,0.03,633.17,8.01,4406545.11,6.9
4842,"book",1238,215,186,1052,-3.18,-2.61,7.3,1.89,0.99,0.99,0,0.01,701.94,13.6,4637581.06,12.22
4843,"book",1577,273,152,1424,-3.03,-2.05,7.82,1.75,0.94,0.94,0,0.02,738.43,7.77,5040543.12,6.73
4844,"book",1046,172,160,886,-3.28,-2.55,8.84,2.09,0.99,0.99,0,0.01,819.6,12.81,5459093.14,11.79
4845,"book",1249,204,172,1077,-3.35,-2.55,8.39,1.82,0.98,0.98,0,0.01,824.48,12.88,5144371.23,11.69
4846,"book",1632,315,133,1499,-3.01,-2.13,7.94,1.61,0.94,0.93,0,0.01,818.36,8.41,5626568.91,7.3
4847,"book",2206,426,159,2047,-2.88,-2.03,7.45,1.6,0.97,0.97,0,0.03,568.56,7.61,3639913.78,6.52
4848,"book",1567,296,145,1422,-3,-1.95,8.8,1.61,0.96,0.97,0,0.03,749.1,7.03,5435644.01,5.92
4849,"book",829,131,156,673,-3.01,-2.44,6.51,1.84,1,1,0,0,480.41,11.47,2930026.24,10.35
4850,"book",1114,214,136,978,-3.01,-1.96,9.68,1.61,0.91,0.89,0,0.03,943.47,7.1,7150429.2,5.98
4851,"book",1591,286,151,1440,-3.23,-2.66,6.88,1.78,0.97,0.96,0,0.01,659.15,14.23,4682586.58,12.88
4852,"book",1636,302,153,1483,-2.96,-2.18,7.43,1.72,0.94,0.93,0,0.01,573.7,8.85,3602185.01,7.78
4853,"book",1311,238,146,1164,-3.24,-2.41,8.26,1.78,0.97,0.97,0,0.02,882.75,11.08,5941456.85,9.87
4854,"book",959,171,147,812,-3.26,-2.61,8.67,1.96,0.99,1,0,0,803.44,13.6,5131658.07,12.51
4855,"book",1574,316,146,1428,-3.15,-2.51,8.53,1.95,0.97,0.97,0,0.01,778.42,12.3,5438772.75,11.09
4856,"book",1074,195,151,923,-3.26,-2.73,8.39,1.8,0.99,1,0,0,780.91,15.33,5432691.45,14.13
4857,"book",1630,307,163,1467,-3.34,-2.67,8.56,1.92,0.97,0.97,0,0.01,856.15,14.44,5720207.45,13.35
4858,"book",2263,433,172,2091,-3.4,-2.48,9.5,2.05,0.95,0.95,0,0.01,1079.4,11.94,7337734.13,10.86
4859,"book",780,131,138,642,-3.3,-2.66,8.46,1.85,0.99,0.99,0,0.01,812.5,14.3,5671130.66,13.09
4860,"book",1723,313,148,1575,-3.26,-2.62,7.67,1.92,0.97,0.96,0,0,725.13,13.74,4549444.69,12.62
4861,"book",1940,343,155,1785,-3.12,-2.37,7.91,1.73,0.91,0.9,0,0.02,745.02,10.7,5265253.87,9.56
4862,"book",782,126,164,618,-3.26,-2.2,9.07,1.81,0.99,0.98,0,0.01,751.23,9.03,5501924.26,8.02
4863,"book",972,164,164,808,-3.88,-3.22,10.28,2.04,0.99,0.99,0,0,1284.01,24.9,9269893.67,23.82
4864,"book",759,123,164,595,-3.13,-2.38,9.23,2.14,0.95,0.94,0,0.02,846.54,10.8,5878147.7,9.78
4865,"book",1127,202,138,989,-3.15,-2.36,7.76,1.92,0.99,1,0,0,760.13,10.59,5081170.7,9.54
4866,"book",1850,358,147,1703,-2.91,-2.34,7.1,1.63,0.96,0.96,0,0.03,593.3,10.44,4045312.98,9.15
4867,"book",1972,373,131,1841,-3.18,-2.32,8.3,1.77,0.96,0.96,0,0.02,848.97,10.18,5974332.75,9.11
4868,"book",2039,400,157,1882,-3.16,-2.26,8.51,1.77,0.97,0.97,0,0.03,806.17,9.58,5484103.62,8.5
4869,"book",919,161,163,756,-3.07,-2.56,7.55,1.76,0.99,1,0,0,762.48,12.94,5729337.57,11.52
4870,"book",1123,217,135,988,-2.82,-1.9,6.79,1.56,0.99,1,0,0,503.28,6.69,3099661.05,5.56
4871,"book",846,135,163,683,-3.13,-2.48,7.06,1.93,0.99,1,0,0,524.13,11.94,2795355.95,10.79
4872,"book",1061,182,141,920,-3.5,-2.8,9.85,2.03,0.99,1,0,0,952.76,16.37,6398241.59,15.27
4873,"book",961,167,147,814,-3.12,-2.21,8.88,1.81,1,1,0,0,781.87,9.12,5118341.5,7.95
4874,"book",959,162,176,783,-3.17,-2.39,8.28,2.03,1,1,0,0,786.55,11.04,4896734.14,10
4875,"book",1006,174,168,838,-3.44,-2.66,8.9,2.12,0.99,1,0,0,880.77,14.23,6051927.12,13.15
4876,"book",1392,270,139,1253,-3.02,-2.16,7.85,1.71,0.93,0.92,0,0.05,780.66,8.62,5545528.3,7.54
4877,"book",1988,381,162,1826,-2.67,-1.79,6.85,1.44,0.93,0.95,0,0.05,590.7,5.99,4336986.08,4.9
4878,"book",797,133,163,634,-2.75,-1.99,6.37,1.45,0.98,1,0,0,525.2,7.32,3382089.4,6.1
4879,"book",835,137,174,661,-3.41,-2.64,8.47,1.83,1,1,0,0,1001.51,14.01,6253807.17,12.78
4880,"book",1370,254,143,1227,-3.01,-2.12,6.98,1.59,0.97,0.97,0,0.02,508.63,8.29,2743341.08,7.14
4881,"book",838,136,173,665,-3.25,-2.54,7.61,1.8,0.98,0.98,0,0.02,708.26,12.62,4194461.37,11.53
4882,"book",1302,237,147,1154,-3.3,-2.49,8.06,1.93,0.93,0.9,0,0.06,770.2,12.06,4987896.92,11
4883,"book",894,147,139,755,-3.45,-3.02,7.47,1.94,1,1,0,0,711.5,20.49,4000313.14,19.3
4884,"book",895,157,159,736,-3.27,-2.75,8.27,1.95,0.98,0.99,0,0.01,819.56,15.64,5835218.52,14.3
4885,"book",2062,410,161,1901,-3.13,-2.41,7.71,1.75,0.94,0.94,0,0.03,713.92,11.14,4849878.64,9.83
4886,"book",1089,203,161,927,-2.97,-2.26,7.09,1.55,0.98,0.98,0,0.01,651.14,9.58,4064499.92,8.22
4887,"book",806,144,159,647,-2.76,-1.99,6.52,1.57,0.98,0.98,0,0.02,511.96,7.32,3415180.27,6.23
4888,"book",1323,241,140,1183,-3.11,-2.38,7.42,1.62,0.93,0.92,0,0.06,733.03,10.8,5123679.91,9.67
4889,"book",1455,253,154,1300,-2.92,-2.06,8.2,1.63,0.95,0.93,0,0.01,687.77,7.85,4578090.51,6.81
4890,"book",784,123,159,624,-3.37,-2.85,7.62,1.84,0.96,0.95,0,0.01,659.84,17.29,3969197.27,16.09
4891,"book",878,152,155,723,-2.99,-2.18,7.85,1.8,0.97,0.97,0,0.01,620.4,8.9,4270977.46,7.71
4892,"book",879,154,146,733,-2.9,-1.98,7,1.32,0.92,0.89,0,0.03,651.89,7.21,4652422.74,5.91
4893,"book",927,161,143,784,-2.97,-2.39,6.93,1.69,0.95,0.94,0,0.03,662.13,10.91,4798220.21,9.74
4894,"book",1046,176,154,892,-3.33,-2.7,7.56,1.93,0.98,0.99,0,0.01,649.13,14.88,3605710.97,13.53
4895,"book",1217,222,140,1077,-3.01,-2.3,6.61,1.64,0.99,0.99,0,0.01,598.26,9.98,3986336.14,8.84
4896,"book",1857,343,159,1698,-3.06,-2.37,6.66,1.75,0.96,0.96,0,0.01,552.18,10.7,3245912.87,9.61
4897,"book",783,138,138,645,-2.53,-1.58,5.26,1.29,0.9,0.89,0,0.02,264.61,4.85,1042449.77,3.75
4898,"book",753,127,154,599,-3.12,-2.4,7.04,1.63,0.97,0.97,0,0.01,638.88,11.02,4430465.86,9.6
4899,"book",1480,264,165,1315,-2.97,-2.09,8.36,1.66,0.99,0.99,0,0,694.92,8.12,4805307.35,6.9
4900,"book",797,140,145,652,-2.6,-2.15,5.11,1.38,0.94,0.93,0,0.01,436.39,8.59,2981897.22,7.21
4901,"book",1458,269,145,1313,-3.28,-2.79,7.24,1.71,0.97,0.98,0,0.01,762.55,16.28,5618815.63,14.7
4902,"book",794,136,146,648,-3.51,-2.49,9.5,1.89,1,1,0,0,995.07,12.06,7286361.69,10.84
4903,"book",819,150,153,665,-3.04,-2.22,7.6,1.39,0.97,0.97,0,0.02,523.59,9.21,3184160.77,7.52
4904,"book",707,130,159,548,-2.73,-2.04,6.09,1.55,0.88,0.87,0,0.02,332.95,7.73,1788436.05,6.54
4905,"book",881,166,117,764,-2.84,-2.13,7.32,1.6,0.97,0.97,0,0.01,613.75,8.41,4419682.56,7.14
4906,"book",743,125,160,582,-2.58,-2.02,5.81,1.39,0.95,1,0.01,0,417.27,7.54,2513724.39,6.5
4907,"book",744,136,146,598,-2.76,-2.05,6.42,1.62,0.97,0.97,0,0.02,543.46,7.82,3841830.42,6.69
4908,"book",1153,234,134,1019,-2.54,-1.63,6.82,1.31,0.9,0.9,0,0.04,538.41,5.1,3775258.3,3.97
4909,"book",855,155,143,712,-2.92,-2.14,7.45,1.6,0.87,0.85,0,0.02,626.7,8.5,3826220.29,7.3
4910,"book",1280,265,136,1144,-2.68,-1.94,6.28,1.3,0.9,0.87,0,0.03,444.33,6.96,3033639.28,5.71
4911,"book",930,168,151,779,-3.08,-2.16,8.27,1.41,0.93,0.94,0,0.03,745.91,8.72,5404066.66,7.26
4912,"book",710,123,131,579,-3.06,-2.07,7.8,1.43,0.92,0.92,0,0.04,839.14,7.92,6083928.59,6.67
4913,"book",1015,178,151,864,-3,-2.08,7.77,1.57,0.95,0.94,0,0.01,798.03,8,5441159.1,6.76
4914,"book",795,132,165,630,-2.84,-2.16,5.94,1.49,0.96,0.94,0,0.03,479.52,8.74,3723377.29,7.22
4915,"book",801,133,148,652,-3.08,-2.26,7.38,1.64,0.96,0.95,0,0.03,639.06,9.58,3759868.5,8.15
4916,"book",1534,287,166,1368,-2.63,-1.85,6.62,1.45,0.85,0.82,0.01,0.02,456.23,6.36,3163205.54,5.23
4917,"book",708,120,161,547,-3.75,-3.22,8.68,1.86,0.99,0.99,0,0.01,1044.51,24.93,6716680.6,23.69
4918,"book",967,166,161,805,-2.91,-2.36,5.74,1.56,0.95,0.98,0,0.03,429.87,10.59,2652914.94,9.24
4919,"book",807,164,128,679,-3.05,-2.36,6.51,1.65,0.91,0.88,0,0.03,539.42,10.54,3303903.15,9.2
4920,"book",790,143,126,664,-2.84,-2.03,6.81,1.63,0.98,0.97,0,0.01,541.63,7.61,3342578.2,6.52
4921,"book",958,146,164,794,-2.97,-2.08,7.02,1.61,0.95,0.98,0,0.02,538.44,8,3358232.77,6.78
4922,"book",849,161,134,715,-3.12,-2.38,6.78,1.53,0.94,0.93,0,0.02,678.38,10.8,4785543.56,9.35
4923,"book",1068,198,126,942,-2.99,-2.41,6.79,1.66,0.97,0.97,0,0.03,529.75,11.14,3550525.08,9.86
4924,"book",1276,248,130,1146,-3.03,-2.54,5.96,1.73,0.93,0.93,0,0.04,377.34,12.68,1954232.84,11.26
4925,"book",663,123,140,523,-2.97,-2.5,5.89,1.74,0.87,0.87,0,0.02,448.91,12.18,2783998.11,10.97
4926,"book",907,153,160,747,-3.21,-2.31,8.25,1.66,0.93,0.92,0,0.02,700.68,10.07,4396260.3,8.98
4927,"book",686,130,114,571,-3.58,-3.02,8.25,2.11,0.98,1,0,0,816.97,20.64,5365845.28,19.47
4928,"book",1107,187,162,945,-3.35,-2.12,10.04,1.8,0.97,0.97,0,0.01,1118.54,8.33,8035196.16,7.31
4929,"book",947,180,140,807,-2.91,-2.36,6.13,1.58,0.94,0.95,0,0.05,499.34,10.54,3669119.46,9.05
4930,"book",1032,182,156,876,-3.19,-2.5,8.87,1.72,0.86,0.85,0.01,0.03,679.99,12.12,4915261.04,10.71
4931,"book",1077,203,135,942,-2.81,-2.33,5.48,1.67,0.93,0.92,0,0.02,331.71,10.28,1727980.03,8.97
4932,"book",860,160,132,727,-3.17,-2.48,7.74,1.93,0.99,0.99,0,0.01,663.87,11.94,4334313.67,10.89
4933,"book",774,145,148,626,-3.1,-2.64,6.85,1.68,0.97,0.99,0,0.01,622.97,14.01,4475195.06,12.41
4934,"book",869,151,138,731,-2.98,-2.06,8.57,1.69,0.99,1,0,0,777.37,7.85,5252358.75,6.65
4935,"book",876,147,148,727,-3.23,-2.3,9.31,1.97,0.97,0.97,0,0.01,848.64,9.97,5611040.53,8.93
4936,"book",820,142,132,688,-3.55,-2.86,8.74,1.84,0.96,0.95,0,0.01,1036.62,17.46,7309725.31,15.68
4937,"book",1009,179,151,857,-2.8,-1.95,6.21,1.46,0.89,0.89,0,0.01,483.02,7.03,2334021.09,5.69
4938,"book",740,132,153,587,-3.41,-3.02,6.34,1.87,0.96,0.96,0,0.01,571.18,20.6,2906290.57,19.3
4939,"book",732,135,137,595,-3.43,-2.68,7.61,1.71,0.98,0.98,0,0.02,843.79,14.59,4974173.99,12.86
4940,"book",758,132,138,620,-2.71,-1.61,8.23,1.26,0.93,0.92,0,0.01,850.52,5,6006144.9,3.87
4941,"book",856,156,155,701,-2.88,-1.9,7.76,1.54,0.93,0.93,0,0.04,739.67,6.66,4928926.03,5.66
4942,"book",1142,226,150,992,-2.98,-2.51,6.51,1.78,0.9,0.87,0.01,0.07,642.8,12.3,4743697.24,11.1
4943,"book",737,120,141,596,-3.44,-2.82,8.15,2.16,0.99,1,0,0,888.08,16.79,5932568.98,15.68
4944,"book",1086,196,162,924,-2.78,-1.9,7.76,1.51,0.94,0.93,0,0.02,746.04,6.69,5109890.27,5.66
4945,"book",823,155,145,678,-2.97,-2.28,6.88,1.65,0.9,0.9,0,0.02,593.04,9.78,3801462.48,8.44
4946,"book",943,155,148,795,-3.5,-2.91,9.37,2.14,0.96,0.96,0,0.01,967.9,18.36,6762034.22,17.21
4947,"book",772,137,145,627,-3.21,-2.32,7.79,1.44,0.82,0.81,0.01,0.02,754.36,10.18,5447787.7,8.88
4948,"book",1074,182,170,904,-3.02,-2.47,6.08,1.54,0.96,0.96,0,0.03,484.58,11.82,3018589.08,10.2
4949,"book",895,161,154,741,-3.01,-2.07,7.51,1.47,0.95,1,0.01,0,727.95,7.92,4872675.56,6.67
4950,"book",1032,188,111,921,-3.07,-2.22,8.59,1.74,0.89,0.88,0.01,0.06,677.57,9.26,4641786.59,8.05
4951,"book",1040,179,163,876,-3.06,-2.25,8.67,1.78,0.88,0.86,0,0.01,816.37,9.49,5693899.91,8.44
4952,"book",958,169,153,805,-3.21,-2.34,9.23,1.75,0.98,0.98,0,0.01,896.93,10.38,5890299.73,9.1
4953,"book",1163,193,180,983,-3.04,-2.05,8.26,1.42,0.88,0.88,0,0.01,923.7,7.77,6704455.74,6.54
4954,"book",781,122,163,618,-3.2,-2.29,8.24,1.71,0.97,0.99,0,0.01,684.39,9.88,4769521.6,8.59
4955,"book",789,128,158,631,-3.12,-2.04,8.34,1.63,0.98,0.98,0,0.02,659.77,7.65,4251773.39,6.59
4956,"book",806,140,149,657,-2.76,-1.95,7.28,1.56,0.78,0.69,0.02,0.03,623.62,7.03,4497701.33,5.87
4957,"book",1012,173,144,868,-2.9,-1.94,8.34,1.63,0.94,0.92,0,0.02,789.1,6.96,5003737.96,5.85
4958,"book",1058,187,156,902,-2.98,-2.33,7.04,1.63,0.96,0.96,0,0.01,577.98,10.28,3893634.9,8.89
4959,"book",1099,197,143,956,-3.49,-3.01,6.7,1.59,0.93,0.92,0,0.03,607.26,20.29,3972575.46,18.49
4960,"book",656,126,146,510,-3.12,-2.73,6.87,1.61,0.94,0.94,0,0.04,646.68,15.33,4493105.03,13.95
4961,"book",809,133,153,655,-3.07,-2.34,8.15,1.94,0.98,0.98,0,0.01,792.34,10.38,5247851.86,9.37
4962,"book",929,166,148,780,-3.1,-2.38,8.12,1.65,0.94,0.94,0,0.02,861.85,10.76,5993682.97,9.42
4963,"book",861,137,166,695,-3.22,-2.52,7.74,1.68,1,1,0,0,587.93,12.43,3787123.57,11.3
4964,"book",1137,209,136,1001,-3.38,-2.94,7.64,1.98,1,1,0,0,758.09,18.92,4550353.23,17.83
4965,"book",773,146,132,641,-2.9,-2.34,6.01,1.52,0.99,0.99,0,0.01,496.38,10.44,3355107.83,8.93
4966,"book",871,162,119,751,-2.68,-1.9,7.07,1.62,0.91,0.92,0,0.03,583.49,6.68,4026468.43,5.62
4967,"book",805,163,120,685,-2.95,-2.03,6.89,1.5,0.91,0.92,0.01,0.08,524.56,7.61,3531216.77,6.4
4968,"book",866,149,143,723,-2.97,-2.09,7.39,1.62,0.98,0.99,0,0.01,468.05,8.08,2610245.2,7.05
4969,"book",758,144,129,629,-3.49,-2.66,8.02,1.72,0.96,0.96,0,0.02,967.88,14.3,6915234.89,13.04
4970,"book",793,132,154,639,-3.23,-2.44,7.96,1.79,0.92,0.95,0,0.05,767.3,11.42,4926559.21,10.1
4971,"book",789,138,136,653,-3.62,-2.84,8.72,1.84,0.99,1,0,0,1042.73,17.12,7412420.57,15.34
4972,"book",868,144,137,731,-3.08,-1.96,9.11,1.53,0.94,0.93,0,0.01,859.45,7.14,5556653.74,5.92
4973,"book",791,153,141,650,-2.91,-2.15,6.38,1.51,0.74,0.71,0.02,0.08,563.95,8.58,3975462.37,7.37
4974,"book",763,144,128,634,-2.9,-2.3,4.99,1.26,0.94,0.94,0,0.02,279.67,9.92,1456691.93,8
4975,"book",943,158,146,797,-3.2,-2.61,7.32,1.65,0.95,0.95,0,0.02,727.35,13.6,4580758.84,12.16
4976,"book",708,127,147,561,-3.1,-2.85,6.19,1.88,0.96,0.96,0,0.02,473.9,17.29,3402555.13,15.77
4977,"book",853,142,161,692,-3.14,-1.96,9.05,1.32,0.91,0.86,0,0.02,846.35,7.1,5797084.02,5.73
4978,"book",1049,168,182,867,-3.32,-2.59,7.74,1.68,0.96,0.95,0,0.03,818.77,13.33,5602597.61,11.58
4979,"book",1109,213,143,966,-3.03,-2.17,7.39,1.81,0.87,0.87,0,0.07,598.51,8.76,3367070.38,7.63
4980,"book",939,186,140,799,-3.43,-2.78,7.46,2.05,0.88,0.87,0,0.03,677.26,16.12,4139771.96,14.86
4981,"book",822,155,142,680,-3.01,-2.32,6,1.45,0.93,0.96,0,0.04,511.69,10.18,3422459.02,8.91
4982,"book",790,130,149,641,-3.19,-2.62,8.38,2.17,0.99,0.99,0,0.01,809.47,13.74,4989624.63,12.7
4983,"book",690,120,151,539,-3.02,-2.37,6.79,1.5,0.91,0.89,0,0.02,588.63,10.64,4283844.73,9.16
4984,"book",759,132,155,604,-3.13,-2.38,7.74,1.56,0.91,0.91,0,0.02,706.21,10.81,4463599.33,9.34
4985,"book",1033,172,148,885,-2.66,-1.75,6.5,1.29,0.94,0.95,0,0.05,560.83,5.75,3877972.19,4.53
4986,"book",909,152,146,763,-2.85,-2.37,6.01,1.75,0.95,0.95,0,0.01,453.37,10.66,2563301.55,9.39
4987,"book",1017,170,152,865,-3.1,-2.18,7.99,1.62,0.97,0.96,0,0.02,861.71,8.86,6129161.43,7.67
4988,"book",680,122,134,546,-3.21,-2.3,8.84,1.72,0.97,1,0,0,851.08,9.97,6400057.38,8.77
4989,"book",730,122,147,583,-3.01,-2.1,7.7,1.6,0.98,0.97,0,0.01,715.74,8.18,4332561.39,7.02
4990,"book",679,130,138,541,-2.98,-2.22,6.56,1.66,0.97,0.97,0,0.01,478.32,9.26,3087905.27,8.01
4991,"book",804,135,161,643,-2.89,-2.15,6.07,1.57,0.96,0.95,0,0.01,527.39,8.58,3419156.22,7.33
4992,"book",1041,193,142,899,-2.98,-2.4,6.05,1.75,0.92,0.89,0,0.04,441.02,11.02,2125515.68,9.68
4993,"book",934,170,141,793,-2.9,-2.24,6.21,1.43,0.96,0.94,0,0.01,507.3,9.44,2945529.5,7.92
4994,"book",760,133,135,625,-3.2,-2.65,7.14,1.81,0.95,0.94,0,0.03,686.43,14.15,4358944.93,12.83
4995,"book",865,157,137,728,-3.09,-2.37,6.26,1.8,0.97,0.97,0,0.03,433.87,10.7,2141691.15,9.55
4996,"book",1167,195,169,997,-3.07,-2.5,7.09,1.77,0.86,0.86,0,0.02,667.54,12.18,4762582.65,10.95
4997,"book",811,145,130,681,-2.94,-2.27,6.77,1.77,0.96,0.96,0,0.01,555.9,9.68,3651219.28,8.37
4998,"book",755,122,154,601,-3.18,-2.76,7.23,2.15,0.97,1,0,0,631.31,15.88,4168075.75,14.71
4999,"book",708,124,157,551,-2.75,-2.32,5.91,1.5,0.94,0.91,0,0.01,418.7,10.19,1565664.09,8.78
5000,"book",711,130,135,576,-3.21,-2.76,7.42,1.72,0.98,1,0,0,560.27,15.89,3817716.89,14.15
5001,"book",820,139,144,676,-3.14,-2.52,6.15,1.61,0.92,0.92,0,0.01,468.02,12.43,2721856.31,11.01
5002,"book",682,123,155,527,-2.79,-2.33,5.58,1.53,0.98,1,0,0,387.18,10.28,2454910.82,8.92
5003,"book",913,163,148,765,-3.19,-2.35,8.12,1.69,0.94,0.92,0,0.02,690.47,10.49,4848361.2,9.32
5004,"book",954,166,149,805,-2.84,-2.37,6.27,1.87,0.95,0.95,0,0.02,458.62,10.64,2808467.52,9.58
5005,"book",1226,224,153,1073,-3.16,-2.35,8.23,1.72,0.93,0.91,0,0.01,831.82,10.49,5897500.44,9.23
5006,"book",701,119,150,550,-3.35,-2.69,7.78,1.78,0.96,1,0,0,710.42,14.73,4265819.56,13.52
5007,"book",845,141,147,697,-2.97,-2.33,6.66,1.73,0.97,0.98,0,0.02,555.91,10.28,3431413.06,9.17
5008,"book",914,153,165,749,-2.84,-2.18,6.8,1.75,0.93,0.94,0,0.04,508.92,8.85,2622235.73,7.68
5009,"book",800,147,143,657,-2.75,-2.09,5.37,1.61,0.92,0.91,0,0.03,246.23,8.08,1065538.97,6.95
5010,"book",833,145,137,696,-3.03,-2.56,5.98,1.46,0.92,0.91,0,0.01,501.79,12.94,3514207.67,11.74
5011,"book",923,179,137,786,-2.5,-2.02,4.68,1.46,0.92,0.92,0,0.06,225.95,7.54,1218669.52,6.35
5012,"book",860,161,162,698,-3.06,-2.37,6.99,1.61,0.93,0.97,0,0.03,654.33,10.7,4604985.42,9.5
5013,"book",1059,193,142,916,-3.2,-2.73,6.97,1.74,0.87,0.82,0.01,0.02,675.41,15.33,4872022.07,13.76
5014,"book",964,171,150,814,-3.14,-2.31,7.35,1.69,0.98,0.97,0,0.01,658.94,10.07,3897427.8,8.67
5015,"book",812,154,153,659,-2.73,-2.11,5.66,1.5,0.91,0.91,0,0.01,459.78,8.27,3264065.71,7
5016,"book",910,167,129,781,-3.24,-2.49,7,1.47,0.95,0.94,0,0.01,771.04,12.06,5769003.8,10.68
5017,"book",843,156,148,695,-3.06,-2.5,7.53,1.67,0.9,0.9,0,0.02,785.7,12.19,6012696.4,10.86
5018,"book",1066,203,145,921,-2.63,-1.56,7.37,1.19,0.88,0.86,0.01,0.05,627.74,4.76,4260559.32,3.54
5019,"book",1108,193,149,959,-3.03,-2.12,7.8,1.53,0.94,0.93,0,0.01,742.47,8.33,4979590.64,7.1
5020,"book",792,136,147,644,-2.81,-2.05,5.98,1.49,0.94,0.97,0,0.02,435.33,7.8,2651516.67,6.68
5021,"book",990,162,138,851,-3.16,-2.68,7.14,2,0.97,0.98,0,0.02,533.38,14.66,3112018.97,13.3
5022,"book",800,141,147,653,-2.84,-2.12,7.82,1.59,0.86,0.81,0.01,0.04,626.43,8.33,4517997.02,7.21
5023,"book",722,130,139,583,-3.19,-2.04,8.78,1.49,0.98,0.98,0,0.02,1031.84,7.73,8094831.23,6.52
5024,"book",695,120,142,553,-2.83,-1.99,6.03,1.48,0.82,0.78,0.01,0.05,404.42,7.32,2556799.52,6.15
5025,"book",1134,189,140,994,-3.05,-2.65,6.08,1.86,0.77,0.78,0.01,0.03,460.87,14.15,2712283.1,12.8
5026,"book",796,132,162,634,-3.05,-2.16,6.64,1.59,0.92,0.9,0,0.02,570.18,8.62,3374086.8,7.45
5027,"book",930,184,139,791,-2.98,-2.35,5.99,1.52,0.99,0.99,0,0.01,450.79,10.49,2546349.81,9.41
5028,"book",638,120,149,489,-2.38,-1.88,3.8,1.33,0.93,0.94,0,0.04,180.67,6.56,712663.54,5.17
5029,"book",1319,243,147,1172,-3.37,-2.75,7.46,1.83,0.9,0.9,0,0.05,724.26,15.64,4600914.7,14.25
5030,"book",1090,204,136,954,-3.25,-2.49,8.27,1.96,0.95,0.95,0,0.02,775.46,12.06,4861335.36,10.93
5031,"book",665,124,130,535,-3.23,-2.7,7.62,1.76,0.86,0.86,0.01,0.1,711.88,14.9,4703933.26,13.46
5032,"book",778,127,158,619,-3.35,-2.44,8.04,1.63,0.99,1,0,0,814.71,11.47,4992846,10.05
5033,"book",743,142,134,608,-2.96,-2.37,6.06,1.72,0.99,1,0,0,495.17,10.64,3241338.3,9.09
5034,"book",1168,232,132,1036,-3.05,-2.45,5.9,1.56,0.91,0.91,0,0.04,412.9,11.58,2211985.77,10.09
5035,"book",774,143,144,630,-2.87,-1.97,7.15,1.54,0.92,0.92,0,0.01,637.69,7.17,4139046.85,6.13
5036,"book",793,147,143,649,-2.92,-2.08,7.83,1.49,0.98,0.98,0,0.02,739.82,8,5412141.98,6.78
5037,"book",806,151,130,676,-3.42,-2.62,8.43,1.77,0.91,0.89,0,0.04,909.68,13.74,5864695.73,12.66
5038,"book",745,139,128,617,-2.58,-1.91,6.36,1.43,0.86,0.86,0,0.02,435.21,6.75,2652624.55,5.54
5039,"book",660,123,143,517,-2.69,-1.98,6.34,1.4,0.9,0.85,0.01,0.05,555.73,7.24,3930418.47,5.88
5040,"book",910,161,158,751,-3.17,-2.27,8.46,1.73,0.81,0.79,0.01,0.03,862.12,9.68,5846234.33,8.53
5041,"book",927,174,151,775,-3.26,-2.48,8.45,1.66,0.74,0.72,0.02,0.03,889.41,11.94,6252770.79,10.71
5042,"book",705,125,155,550,-2.91,-2.29,6.93,1.65,0.91,0.9,0,0.03,627.88,9.87,4003368.53,8.47
5043,"book",877,164,122,755,-3.38,-2.8,7.38,1.82,0.91,0.9,0,0.05,763.93,16.37,4770240.96,14.63
5044,"book",780,145,136,644,-3.41,-2.75,7.64,2.02,0.91,0.9,0,0.01,745.08,15.64,4458971.31,14.51
5045,"book",928,174,124,804,-2.77,-1.92,7.34,1.4,0.9,0.9,0,0.05,600.97,6.82,3927103.32,5.62
5046,"book",789,148,146,643,-2.9,-2.13,6.44,1.56,0.9,0.88,0,0.02,510.13,8.46,3153734.76,7.28
5047,"book",985,190,130,855,-3.23,-2.66,6.1,1.65,0.97,0.98,0,0.02,494.19,14.3,2606789.07,12.87
5048,"book",779,137,147,632,-3.52,-2.58,8.28,1.86,0.96,0.96,0,0.03,835.99,13.2,5041268.7,11.95
5049,"book",906,161,137,769,-3.02,-2.57,6.8,1.85,0.92,0.91,0,0.03,594.66,13.07,3768068.29,11.5
5050,"book",703,132,131,572,-2.67,-2.1,5.47,1.51,0.97,0.98,0,0.02,329.08,8.21,1355821.62,6.99
5051,"book",924,179,132,792,-3.12,-2.67,6.24,1.78,0.95,0.95,0,0.03,559.38,14.44,3552912.86,12.93
5052,"book",930,169,137,793,-3.05,-2.09,8.23,1.63,0.93,0.96,0.01,0.04,769.89,8.08,5016363.02,7.06
5053,"book",920,161,152,768,-2.97,-2.04,7.52,1.43,0.93,0.92,0,0.03,644.71,7.69,4080748.32,6.18
5054,"book",881,164,133,748,-2.77,-1.87,7.34,1.45,0.9,0.9,0,0.06,609.35,6.48,4672969.68,5.33
5055,"book",721,130,152,568,-3.22,-2.46,6.72,1.68,0.94,0.94,0,0.01,535.48,11.66,2753104.24,9.97
5056,"book",1106,208,134,972,-2.87,-2.41,5.88,1.63,0.91,0.89,0,0.05,483.93,11.08,3462162.63,9.8
5057,"book",1012,209,130,881,-3.03,-2.49,6.9,1.74,0.84,0.83,0.01,0.03,629.87,12.06,4170958.09,10.75
5058,"book",1161,204,159,1002,-3,-2.46,7.74,1.94,0.95,0.96,0,0.02,672.78,11.78,4721981.96,10.63
5059,"book",724,125,148,575,-2.97,-2.06,7.66,1.8,0.96,0.96,0,0.01,680.96,7.85,4816195.04,6.72
5060,"book",655,119,148,507,-2.47,-1.56,5.83,1.29,0.67,0.65,0.03,0.09,320.31,4.76,1799142.16,3.72
5061,"book",715,141,125,590,-2.98,-2.46,6.47,1.54,0.94,0.94,0,0.02,483.18,11.7,3623000.27,10.4
5062,"book",834,125,169,665,-2.79,-2.15,7.47,1.84,0.97,0.98,0,0.02,578.57,8.58,4186849.84,7.46
5063,"book",1107,211,152,955,-3.31,-2.73,7.03,1.62,0.96,0.97,0,0.03,603.65,15.33,3661212.66,13.65
5064,"book",852,144,148,704,-3.24,-2.5,8.08,1.96,0.93,0.91,0,0.02,836.73,12.18,5824542.88,10.95
5065,"book",817,163,139,678,-2.97,-2.31,6.03,1.3,0.96,0.97,0,0.01,483.9,10.07,2916427.05,8.58
5066,"book",874,162,134,740,-3.15,-2.72,7.31,1.89,0.95,0.96,0,0.05,619.54,15.26,4128452.71,14.04
5067,"book",770,138,138,632,-3.1,-2.48,6.39,1.59,0.95,0.93,0,0.01,510.49,11.88,3157587.41,10.21
5068,"book",716,128,127,589,-2.65,-2.1,6.11,1.59,0.73,0.7,0.02,0.06,473.74,8.2,2613278.46,7.04
5069,"book",723,120,144,578,-3.51,-2.98,8.46,1.88,0.99,0.99,0,0.01,953.71,19.7,6418098.83,18.52
5070,"book",840,157,152,688,-2.81,-2.04,6.89,1.66,0.98,0.99,0,0.01,477.15,7.69,2730954.81,6.63
5071,"book",828,144,163,665,-3.28,-2.4,8.55,1.78,0.92,0.91,0,0.01,898.8,10.98,5316909.96,9.68
5072,"book",743,130,162,581,-3.32,-2.88,7.39,1.88,0.99,1,0,0,616.69,17.73,4026938.04,16.19
5073,"book",1011,171,158,853,-2.98,-2,7.17,1.46,0.93,0.93,0,0.02,704.85,7.39,4304273.79,6.2
5074,"book",719,122,159,560,-3.11,-2.51,6.56,1.57,0.95,0.98,0,0.02,645.12,12.32,3716511.83,10.52
5075,"book",805,138,142,663,-3.43,-2.78,7.81,1.6,0.98,0.99,0,0.01,776.02,16.2,5062587.7,14.3
5076,"book",655,122,138,517,-3.09,-2.3,6.79,1.67,0.89,0.87,0,0.04,566.73,10.02,3527382.39,8.76
5077,"book",839,147,139,700,-2.77,-2.2,5.59,1.34,0.93,0.92,0,0.01,486.05,9.03,3359038.29,7.48
5078,"book",678,120,133,545,-3,-2.22,7.04,1.34,0.95,0.95,0,0.02,606.03,9.26,3872414.96,7.71
5079,"book",816,148,129,687,-2.74,-2.31,4.93,1.33,0.97,0.98,0,0.02,322.43,10.07,1857433.82,8.61
5080,"book",819,159,127,691,-2.91,-2.44,5.85,1.45,0.92,0.89,0,0.04,454.55,11.47,2991945.22,10.17
5081,"book",743,129,158,585,-3.34,-2.68,6.65,1.78,0.97,1,0,0,558.27,14.59,3307386.72,13.17
5082,"book",727,126,140,587,-3.53,-2.44,9.31,1.48,0.99,1,0,0,1149.5,11.42,8169271.46,9.85
5083,"book",698,121,156,542,-2.84,-2.57,5.06,1.68,0.92,0.91,0,0.03,245.19,13.07,956091.13,11.72
5084,"book",746,135,131,615,-3.29,-2.67,6.79,1.9,0.96,0.96,0,0.01,688.23,14.44,4231572.21,13.04
5085,"book",727,125,136,591,-3.21,-2.65,6.76,1.73,0.84,0.85,0.01,0.02,537.43,14.15,3072465.2,12.63
5086,"book",834,152,141,693,-3.05,-2.18,7.36,1.59,0.85,0.83,0,0.01,742.59,8.85,5177873.02,7.39
5087,"book",711,118,143,567,-3.27,-2.63,6.6,1.6,0.97,0.96,0,0.02,712.99,13.88,4853089.88,12.7
5088,"book",860,161,134,726,-3.06,-2.46,7.9,1.8,0.97,0.99,0,0.01,708.28,11.7,4707920.71,10.42
5089,"book",941,153,171,769,-3.54,-2.77,8.26,1.73,0.93,0.93,0,0.02,969.19,15.96,6943562.85,14.26
5090,"book",1074,197,149,925,-3.11,-2.16,8.01,1.48,0.95,0.95,0,0.01,772.15,8.67,5424185.28,7.12
5091,"book",922,155,146,776,-2.89,-1.97,6.97,1.51,0.98,0.97,0,0.01,546.44,7.17,3634803.44,6.08
5092,"book",1127,215,145,982,-3.04,-2.36,6.54,1.66,0.92,0.92,0,0.02,493.91,10.59,2972035.46,9.07
5093,"book",911,152,164,747,-3.17,-2.16,7.92,1.77,0.95,0.95,0,0.05,740.55,8.68,5301327.32,7.61
5094,"book",1023,181,143,880,-3.42,-2.41,9.27,1.77,0.96,0.96,0,0.04,945.42,11.13,6693867.79,9.9
5095,"book",755,148,154,601,-3.33,-2.68,7.64,1.78,0.95,0.93,0,0.03,683.94,14.58,4463684.81,13.27
5096,"book",822,134,139,683,-3.3,-2.5,8.38,1.68,0.98,0.97,0,0,822.11,12.12,5518205.55,10.96
5097,"book",980,173,129,851,-3.03,-2.35,6.32,1.64,0.92,0.93,0,0.06,492.1,10.49,2655131.7,9.15
5098,"book",1145,227,145,1000,-2.85,-2.03,6.73,1.53,0.9,0.87,0,0.03,530.04,7.61,3489749.3,6.35
5099,"book",1063,179,167,896,-3.03,-2.25,6.61,1.47,0.85,0.84,0,0.01,523.01,9.49,3346728.86,8.04
5100,"book",652,118,143,509,-2.97,-2.11,7.75,1.67,0.98,0.98,0,0.02,703.74,8.29,4868014.15,7.23
5101,"book",766,132,141,625,-3.25,-2.26,8.04,1.72,0.92,0.91,0,0.04,745.71,9.63,4878116.11,8.36
5102,"book",796,143,151,645,-2.73,-1.64,7.08,1.35,0.91,0.88,0,0.04,565.12,5.16,3537993.76,4.14
5103,"book",737,121,173,564,-3.37,-2.48,7.8,1.7,0.95,0.94,0,0.01,726.41,11.94,4835812.34,10.39
5104,"book",1096,223,153,943,-3.16,-2.54,6.59,1.37,0.96,0.96,0,0.02,446.27,12.68,2741835.55,10.75
5105,"book",769,128,147,622,-3.41,-2.8,8.52,2.14,0.99,1,0,0,877.5,16.53,6118881.68,14.98
5106,"book",844,158,140,704,-3.14,-2.38,7.82,1.71,0.81,0.79,0.01,0.02,740.87,10.76,5169414.11,9.49
5107,"book",1034,198,151,883,-2.79,-2.05,5.88,1.6,0.87,0.85,0,0.02,374.71,7.77,2067086.12,6.69
5108,"book",687,122,156,531,-2.87,-2.06,6.71,1.56,0.93,0.92,0,0.03,610.04,7.85,4757108.65,6.38
5109,"book",983,166,149,834,-3.08,-2.03,8.25,1.77,0.91,0.87,0,0.05,773.41,7.62,5050055.66,6.52
5110,"book",740,128,153,587,-3.14,-2.92,6.11,1.52,0.9,0.89,0,0.05,554.77,18.63,3911106.51,16.55
5111,"book",1049,204,134,915,-3.37,-2.7,7.95,1.91,0.92,0.9,0,0.02,754.35,14.97,5134603.33,13.73
5112,"book",853,152,153,699,-2.88,-2.13,6.8,1.63,0.97,0.97,0,0.01,531.15,8.41,3601086.17,7.33
5113,"book",782,147,133,649,-3,-2.3,6.81,1.55,0.92,0.9,0,0.02,437.58,9.97,2705594.14,8.42
5114,"book",931,173,139,792,-3.08,-2.41,7.38,1.57,0.92,0.91,0,0.04,573.3,11.13,3672101.14,9.83
5115,"book",1077,202,130,947,-3.31,-2.66,7.76,1.92,0.94,0.91,0,0.01,773.43,14.37,5299808.97,13.2
5116,"book",826,140,149,677,-3.15,-2.22,8.12,1.85,0.89,0.86,0,0.04,845.64,9.26,4914164.61,8.02
5117,"book",760,126,148,612,-3.12,-2.38,7.64,1.85,0.89,0.9,0,0.02,794.31,10.82,5617629.16,9.53
5118,"book",703,126,131,572,-3.03,-2.48,6.67,1.67,0.89,0.89,0,0.02,702.62,11.95,5132974.84,10.93
5119,"book",653,122,128,524,-2.66,-2.06,5.53,1.56,0.81,0.79,0.01,0.02,369.14,7.85,2067193.36,6.6
5120,"book",801,144,150,651,-3.34,-2.8,6.59,1.79,0.9,0.89,0,0.01,626.83,16.52,3641356.41,14.99
5121,"book",776,130,158,618,-2.7,-1.86,6.33,1.47,0.94,0.94,0,0.02,462.89,6.46,3218745.06,5.38
5122,"book",846,152,163,683,-2.71,-2.06,6.48,1.4,0.84,0.8,0.01,0.01,487.74,7.85,3006724.49,6.46
5123,"book",810,130,145,665,-3.35,-2.59,7.65,1.71,0.99,0.99,0,0.01,722.69,13.33,3906967.42,11.98
5124,"book",935,154,163,772,-2.74,-1.78,7.44,1.59,0.76,0.75,0.01,0.04,497.34,5.9,3234117.99,4.87
5125,"book",959,171,146,812,-3.17,-2.38,7.54,1.6,0.96,0.96,0,0.01,699.9,10.8,4493877.65,9.59
5126,"book",796,133,150,646,-2.71,-2.23,5.29,1.57,0.91,0.91,0,0.05,399.78,9.3,2948318.9,7.79
5127,"book",932,169,122,810,-2.97,-2.32,6.08,1.65,0.94,0.93,0,0.02,459.1,10.18,2714254.09,8.73
5128,"book",925,166,140,785,-2.96,-2.24,6.05,1.52,0.9,0.87,0,0.03,471.37,9.44,2053481.75,8.02
5129,"book",766,140,132,634,-3.26,-2.8,6.11,1.61,0.96,0.96,0,0.04,551.31,16.54,3861307.07,14.58
5130,"book",718,126,139,579,-3.01,-2.04,8.76,1.58,0.91,0.89,0,0.02,769.53,7.69,5185811.12,6.44
5131,"book",858,170,139,719,-3.29,-2.7,8.06,1.95,0.91,0.9,0,0.02,818.23,14.88,5657867.04,13.59
5132,"book",905,153,144,761,-3.19,-2.12,8.02,1.53,0.94,0.93,0,0.02,907.35,8.33,6448013.71,6.98
5133,"book",809,147,143,666,-3.22,-2.56,8.07,1.81,0.93,0.92,0,0.01,745.55,12.94,5234257.85,11.63
5134,"book",957,198,133,824,-3.19,-2.74,6.63,1.49,0.83,0.82,0,0.02,556.85,15.49,3828580.13,14.07
5135,"book",787,131,145,642,-3.01,-2.53,5.73,1.59,0.96,0.96,0,0.02,441,12.55,3052725.39,10.8
5136,"book",1029,183,153,875,-3.15,-2.46,7.43,1.62,0.92,0.92,0,0.07,676.32,11.7,4448722.6,10.34
5137,"book",953,177,144,809,-2.82,-2.12,6.4,1.39,0.91,0.91,0,0.01,586.53,8.33,4093065.88,7.13
5138,"book",708,125,134,574,-3.31,-2.64,7.44,1.62,0.95,0.95,0,0.01,628.36,14.01,4109584.6,12.59
5139,"book",750,148,130,620,-3.29,-2.64,6.75,1.33,0.94,0.95,0,0.03,586.69,13.94,3676861.45,12.23
5140,"book",917,176,155,762,-2.49,-1.6,5.94,1.29,0.74,0.73,0.02,0.07,424.73,4.95,2905555.9,3.82
5141,"book",736,133,138,598,-3.17,-2.8,6.8,1.89,0.97,0.99,0,0.01,527.18,16.44,3073832.68,15.14
5142,"book",1025,172,164,861,-2.95,-2.14,7.17,1.68,0.95,0.93,0,0.01,630,8.52,4267302.08,7.33
5143,"book",761,129,139,622,-3.52,-2.75,7.89,1.81,0.97,1,0,0,981.68,15.64,6517666.39,14.15
5144,"book",898,154,147,751,-2.73,-2.12,5.55,1.52,0.95,0.95,0,0.01,382.75,8.38,2309290.96,6.88
5145,"book",806,151,140,666,-2.26,-1.55,5.02,1.24,0.91,0.89,0,0.05,292.17,4.71,1477370.87,3.58
5146,"book",1038,188,135,903,-2.93,-2.16,7.57,1.73,0.96,0.94,0,0.01,624,8.69,4307384.63,7.58
5147,"book",792,140,137,655,-2.92,-2.25,6.84,1.63,0.94,0.93,0,0.01,693.47,9.49,4933350.7,8.28
5148,"book",682,118,138,544,-2.61,-1.9,5.66,1.24,0.81,0.77,0.01,0.04,325.2,6.72,1943664.51,5.39
5149,"book",753,134,145,608,-2.77,-1.81,7.43,1.4,0.62,0.64,0.02,0.06,701.39,6.08,5083690.15,4.96
5150,"book",746,125,166,580,-3.02,-2.11,7.53,1.59,0.86,0.88,0.01,0.02,706.66,8.25,4795265.49,7.1
5151,"book",695,119,158,537,-2.87,-2.25,6.67,1.74,0.89,0.89,0,0.05,579.42,9.49,4741786.28,8.32
5152,"book",851,139,150,701,-3.08,-2.27,8.34,1.86,0.89,0.85,0,0.03,928.28,9.68,7105281.52,8.47
5153,"book",757,121,161,596,-3.34,-3.09,6.64,1.74,0.97,0.95,0,0.02,731.05,21.98,5250455.94,20.12
5154,"book",737,127,146,591,-3.41,-2.26,9.69,1.55,0.95,0.92,0,0.01,1131.85,9.58,7589733.53,8.3
5155,"book",959,167,142,817,-2.59,-2.01,4.52,1.43,0.85,0.87,0.01,0.1,259.82,7.46,1379281.84,6.23
5156,"book",739,128,149,590,-2.82,-2.02,6.46,1.42,0.91,0.9,0,0.01,563.54,7.58,3667046.16,6.3
5157,"book",738,122,153,585,-3.07,-2.36,7.19,1.58,0.9,0.91,0,0.02,698.52,10.59,5047249.6,9.28
5158,"book",923,174,146,777,-2.61,-1.66,5.86,1.21,0.82,0.78,0.01,0.02,390.09,5.26,2246194.8,4.03
5159,"book",926,176,145,780,-2.9,-2.02,6.13,1.42,0.84,0.83,0,0.01,470.02,7.6,2373150.04,6.28
5160,"book",727,129,123,604,-2.72,-1.84,6.46,1.43,0.93,0.92,0,0.01,458.27,6.3,3054644.99,5.02
5161,"book",971,169,157,814,-2.97,-2.36,6.11,1.74,0.9,0.88,0,0.02,372.76,10.59,1748558.02,9.31
5162,"book",692,125,154,538,-2.9,-2.32,6.02,1.7,0.82,0.82,0.01,0.03,422.64,10.18,2085158.79,8.87
5163,"book",638,130,126,512,-2.86,-2.39,5.02,1.66,0.86,0.83,0.01,0.03,281.48,10.92,1196750.23,9.66
5164,"book",875,156,131,744,-2.73,-2.03,5.8,1.4,0.79,0.78,0,0.02,482.1,7.62,3520070.84,6.23
5165,"book",962,181,142,820,-2.6,-1.73,6.65,1.36,0.76,0.74,0.01,0.02,564.7,5.64,3718823.51,4.36
5166,"book",951,176,126,825,-2.7,-2.26,6.19,1.59,0.91,0.92,0,0.03,448.53,9.54,3195817.09,8.18
5167,"book",679,122,121,557,-3.17,-2.24,8.41,1.82,0.98,0.98,0,0.01,817.65,9.39,5297234.72,8.29
5168,"book",781,145,126,655,-2.95,-2.51,5.35,1.6,0.97,0.98,0,0.02,336.65,12.3,1727768.64,10.95
5169,"book",764,145,138,626,-2.91,-2.31,6.57,1.69,0.94,0.93,0,0.01,524.54,10.07,3572632.55,8.72
5170,"book",1087,196,145,942,-2.97,-2.42,6.1,1.57,0.87,0.82,0.01,0.05,549.23,11.19,4015035.36,9.87
5171,"book",642,126,136,506,-2.7,-2.08,6.05,1.57,0.91,0.93,0.01,0.06,444.61,8.05,2905538.92,6.89
5172,"book",741,136,125,615,-2.71,-2.05,6.84,1.56,0.9,0.9,0,0.06,506.11,7.81,3406760.01,6.62
5173,"book",870,170,126,744,-2.88,-2.3,6.44,1.67,0.96,0.96,0,0.04,515.61,9.92,3243501.4,8.64
5174,"book",790,146,131,659,-2.64,-1.83,6.42,1.53,0.8,0.79,0.01,0.03,477.81,6.24,3459531.75,5.18
5175,"book",722,127,135,587,-2.9,-2.38,6.29,1.51,0.8,0.8,0.01,0.02,620.97,10.8,4249598.12,9.12
5176,"book",671,121,149,522,-3.3,-2.77,6.82,1.78,0.93,0.92,0,0.05,701.22,15.96,4423606.08,14.84
5177,"book",755,121,153,602,-3.45,-2.68,8.43,1.86,0.96,0.97,0,0.03,880.6,14.59,6101074.27,13.29
5178,"book",1175,212,159,1016,-2.7,-1.8,6.82,1.43,0.87,0.83,0.01,0.02,475,6.05,3021439.88,4.92
5179,"book",697,138,142,555,-2.65,-1.91,6.43,1.48,0.74,0.74,0.02,0.05,356.1,6.76,2245058.81,5.64
5180,"book",727,119,167,560,-2.92,-2.28,6.97,1.74,0.97,0.97,0,0.03,603.49,9.78,3908931.53,8.56
5181,"book",849,147,149,699,-2.91,-2.3,6.75,1.74,0.97,0.98,0,0.02,536.06,9.97,3563653.53,8.95
5182,"book",778,122,137,641,-3.62,-2.92,9.65,2.27,0.96,0.96,0,0.01,1063.69,18.45,6768863.16,17.17
5183,"book",741,141,139,602,-3.16,-2.46,7.85,1.81,0.97,0.97,0,0.02,559.55,11.7,3265006.87,10.54
5184,"book",815,141,151,664,-3.27,-2.3,10.19,1.9,0.84,0.79,0.01,0.03,870.79,9.97,5360425.88,8.74
5185,"book",749,139,138,611,-3.17,-2.69,7.15,1.75,0.88,0.86,0,0.02,796.63,14.73,5758562.17,13
5186,"book",709,120,143,566,-2.98,-2.47,7.52,1.86,0.96,0.98,0,0.02,581.68,11.89,3579557.56,10.53
5187,"book",695,120,155,540,-2.86,-2.6,4.36,1.32,0.96,0.96,0,0.04,320.31,13.53,2011153.69,11.4
5188,"book",752,142,119,633,-3.36,-2.82,6.95,1.74,0.98,0.97,0,0.01,646.12,16.79,4424962.06,15.27
5189,"book",686,132,143,543,-2.81,-2.42,4.95,1.56,0.95,0.94,0,0.02,342.52,11.3,1667228.33,9.68
5190,"book",844,144,135,709,-2.71,-1.9,6.51,1.44,0.94,0.92,0,0.02,389.01,6.69,1954605.34,5.63
5191,"book",883,157,132,751,-2.84,-1.81,7.05,1.39,0.91,0.91,0,0.04,598.93,6.11,4340271.44,4.98
5192,"book",871,148,170,701,-2.71,-2.16,6.21,1.63,0.95,0.97,0,0.03,425.7,8.72,2840812.22,7.45
5193,"book",704,118,130,574,-2.91,-2.15,7.22,1.52,0.99,0.98,0,0.01,613.65,8.6,4259024.22,7.39
5194,"book",829,155,145,684,-2.93,-2.24,5.72,1.48,0.9,0.89,0.01,0.09,392.47,9.39,1843073.01,8.05
5195,"book",681,122,132,549,-2.47,-1.92,4.59,1.38,0.93,0.94,0,0.06,196.2,6.82,535174.75,5.4
5196,"book",751,145,129,622,-2.54,-1.91,5.83,1.32,0.87,0.87,0,0.05,418.1,6.75,2716884.84,5.5
5197,"book",680,124,139,541,-2.39,-1.74,5.02,1.47,0.95,0.93,0,0.02,246,5.72,1333166.66,4.52
5198,"book",685,121,166,519,-2.82,-1.97,5.93,1.44,0.88,0.84,0.01,0.04,438.54,7.17,2302463.29,6.05
5199,"book",797,143,148,649,-2.94,-2.33,6.89,1.58,0.95,0.92,0,0.02,674.11,10.28,5050969.93,8.97
5200,"book",804,145,126,678,-2.73,-2.1,5.77,1.51,0.96,0.94,0,0.03,415.43,8.17,2254018.73,6.9
5201,"book",964,163,141,822,-3.31,-2.84,7.38,1.96,0.92,0.91,0,0.01,561.71,17.12,3008805.14,15.9
5202,"book",983,193,136,846,-3.08,-2.52,5.91,1.59,0.94,0.95,0,0.03,528.38,12.43,3293623.36,11.01
5203,"book",709,128,138,571,-3.15,-2.66,5.86,1.71,0.96,0.96,0,0.04,439.7,14.22,2894407.69,12.72
5204,"book",726,139,136,590,-2.81,-2.3,5.98,1.89,0.81,0.83,0.01,0.01,327.36,9.97,1248800.28,8.72
5205,"book",783,140,134,649,-3.26,-2.32,7.58,1.61,0.97,0.96,0,0.01,650.09,10.12,3482555.86,8.8
5206,"book",688,128,151,537,-3.1,-2.44,6.05,1.62,0.94,0.94,0,0.02,542.94,11.42,3568607.71,10.14
5207,"book",784,130,149,635,-3.25,-2.52,7.02,1.69,0.97,0.97,0,0.02,566.31,12.37,3341766.28,11.19
5208,"book",778,138,139,639,-2.66,-1.9,6.56,1.42,0.84,0.8,0.01,0.05,630.78,6.72,4822411.24,5.44
5209,"book",992,168,156,836,-2.88,-1.94,7.32,1.4,0.86,0.82,0.01,0.03,599.95,6.96,3881822.91,5.77
5210,"book",865,146,149,716,-3.05,-2.21,7.69,1.64,0.95,0.95,0,0.04,831.35,9.12,5729048.02,7.79
5211,"book",858,153,146,712,-2.99,-2.3,6.94,1.57,0.95,0.94,0,0.02,618.2,9.97,3611375.72,8.62
5212,"book",752,136,130,622,-3.01,-2.31,7.82,1.67,0.9,0.86,0.01,0.03,640.09,10.07,4916266.97,8.61
5213,"book",652,121,141,511,-2.8,-2.06,6.19,1.41,0.95,0.94,0,0.01,537.26,7.85,3346279.85,6.66
5214,"book",783,141,135,648,-2.71,-2.09,5.63,1.67,0.97,0.97,0,0.01,295.03,8.08,1357139.02,6.83
5215,"book",735,137,135,600,-2.6,-1.7,6.28,1.26,0.85,0.84,0,0.02,426.63,5.47,2718859.12,4.33
5216,"book",754,136,137,617,-2.95,-2.25,6.43,1.73,0.86,0.86,0.01,0.06,467.04,9.5,2737369.83,8.26
5217,"book",804,162,124,680,-3.09,-2.49,6.98,1.75,0.77,0.73,0.01,0.02,419.02,12.06,2298866.13,10.8
5218,"book",737,143,121,615,-3.13,-2.29,8.92,1.7,0.97,0.99,0,0.01,844.82,9.87,6103287.01,8.67
5219,"book",702,126,134,568,-2.78,-2.26,6.11,1.81,0.95,0.96,0,0.04,332.42,9.59,1718156.51,8.34
5220,"book",808,144,137,671,-3.03,-2.38,7.82,1.8,0.94,0.94,0,0.06,713.79,10.8,4974516.44,9.37
5221,"book",685,124,136,548,-2.81,-2.07,6.06,1.6,0.92,0.89,0,0.04,415.82,7.92,2143499.01,6.79
5222,"book",706,131,139,567,-2.7,-1.74,7.57,1.45,0.94,0.94,0,0.03,554.64,5.7,3987470.34,4.63
5223,"book",776,138,140,635,-2.68,-1.89,5.15,1.41,0.95,0.94,0,0.01,266.24,6.7,1312308.87,5.48
5224,"book",625,126,124,501,-3.12,-2.55,8.53,1.9,0.79,0.79,0.01,0.03,915.91,12.88,6246492.72,11.66
5225,"book",803,149,130,673,-3.18,-2.34,7.38,1.79,0.96,0.95,0,0.01,760.36,10.38,4924979.27,9.26
5226,"book",689,132,129,560,-2.8,-2.13,5.3,1.3,0.79,0.78,0.01,0.03,423.41,8.48,3115544.8,7.02
5227,"book",753,159,125,628,-2.9,-2.24,6.43,1.45,0.98,0.99,0,0.01,440.15,9.39,3114749.28,7.85
5228,"book",810,139,122,688,-2.74,-2.27,5.29,1.55,0.93,0.91,0,0.03,299.44,9.68,1671464.21,8.53
5229,"book",659,121,127,532,-2.63,-1.84,5.86,1.36,0.87,0.87,0.01,0.06,384.61,6.3,2210057.62,5.09
5230,"book",701,120,141,560,-2.73,-2.18,5.91,1.62,0.86,0.86,0,0.04,373,8.9,2084376.1,7.62
5231,"book",730,126,142,588,-2.69,-2.39,4.25,1.71,0.93,0.92,0,0.03,149.94,10.91,329899.27,9.66
5232,"book",710,120,145,565,-3.38,-2.72,7.71,1.87,0.96,0.97,0,0.03,773.11,15.29,5429353.82,14.07
5233,"book",803,138,149,654,-2.92,-1.94,8.16,1.39,0.84,0.84,0.01,0.09,792.02,6.92,5842632.03,5.6
5234,"book",788,145,147,641,-2.8,-2.14,5.96,1.52,0.9,0.89,0,0.04,431.43,8.5,2426798.58,7.22
5235,"book",897,167,130,767,-2.79,-2.39,5.98,1.75,0.84,0.81,0,0.03,380.9,10.91,2178532.36,9.68
5236,"book",797,153,143,653,-3.2,-2.63,6.46,1.73,0.91,0.96,0.01,0.04,575.98,13.87,3894290.64,12.44
5237,"book",712,134,156,555,-2.81,-2.47,5.6,1.43,0.94,0.95,0,0.02,406.77,11.82,2160217.65,10.5
5238,"book",925,177,152,773,-2.83,-1.93,9.27,1.53,0.93,0.94,0,0.03,659.06,6.89,4936566.83,5.83
5239,"book",678,129,138,540,-2.97,-2.09,6.18,1.32,0.97,0.97,0,0.02,460.53,8.08,2101069.72,6.65
5240,"book",816,145,119,697,-3.29,-2.35,8.62,1.73,0.95,0.94,0,0.01,946.5,10.49,6939153.03,9.27
5241,"book",716,131,142,574,-3.13,-2.69,6.91,1.72,0.98,0.98,0,0.01,567.51,14.73,3676100.65,13.52
5242,"book",944,182,136,807,-3.28,-2.72,7.75,1.79,0.94,0.93,0,0.01,767.13,15.18,5164174.57,13.64
5243,"book",855,172,152,702,-2.8,-2.3,6.1,1.62,0.97,0.98,0,0.02,569.43,10.02,4001470.77,8.59
5244,"book",716,138,128,588,-2.53,-1.84,5.17,1.31,0.94,0.95,0,0.02,275.46,6.26,1249322.09,5.07
5245,"book",674,129,120,554,-2.67,-1.7,5.87,1.19,0.91,0.91,0,0.02,483.64,5.47,3303539.06,4.13
5246,"book",871,166,123,748,-2.97,-2.22,6.6,1.66,0.95,0.97,0,0.03,468.6,9.22,2683279.44,8.09
5247,"book",655,120,134,521,-2.77,-2.28,6.13,1.48,0.91,0.92,0.01,0.07,457.68,9.73,2882344.87,8.4
5248,"book",671,132,136,535,-2.83,-1.98,7.27,1.54,0.89,0.92,0.01,0.08,658.36,7.28,4617781.79,6.15
5249,"book",806,140,152,654,-3.08,-2.37,6.73,1.75,0.95,0.98,0,0.02,613.48,10.64,3935029.29,9.46
5250,"book",682,120,156,526,-2.98,-2.23,6.56,1.55,0.91,0.92,0,0.03,515.58,9.3,3702058.24,7.82
5251,"book",721,118,158,563,-3.13,-1.97,8.93,1.61,0.98,0.98,0,0.01,773.87,7.17,4598301.28,5.96
5252,"book",782,139,146,635,-2.99,-2.34,7.54,1.68,0.98,0.97,0,0.01,776.6,10.38,5524642.18,8.96
5253,"book",776,125,157,619,-3.67,-2.71,8.76,1.77,0.96,0.96,0,0.04,1084.61,15.03,7323659.51,13.54
5254,"book",984,174,152,832,-3.27,-2.72,6.92,1.81,0.94,0.93,0,0.04,634.07,15.1,4105388.86,13.62
5255,"book",700,119,155,545,-2.89,-2.32,5.18,1.52,0.96,0.96,0,0.01,420.1,10.18,2252574.9,8.53
5256,"book",843,158,139,704,-2.65,-2.13,5.23,1.45,0.97,0.97,0,0.02,316.28,8.41,1470442.63,6.93
5257,"book",910,153,144,766,-3.33,-2.79,6.9,1.96,0.95,0.94,0,0.01,616.05,16.28,3604339.67,15.14
5258,"book",1045,208,167,878,-2.91,-2.06,7.83,1.49,0.87,0.86,0,0.05,798.3,7.85,6039095.95,6.62
5259,"book",750,135,132,618,-2.63,-1.79,8.21,1.52,0.74,0.73,0.02,0.04,638.28,5.99,4354121.31,4.85
5260,"book",615,118,145,470,-2.75,-2.23,4.6,1.48,0.96,0.95,0,0.01,282.31,9.3,1420973.35,8.01
5261,"book",773,140,136,637,-2.8,-2.18,5.36,1.46,0.9,0.9,0,0.05,397.51,8.9,2590173.24,7.74
5262,"roc",244,49,11,232,-2.83,-2.04,8.02,1.33,1,1,0,0,539.95,7.69,4083778.89,6.39
5263,"roc",202,42,11,190,-2.91,-2.2,9.53,1.67,0.98,1,0,0,499.9,9.12,3233352.02,7.57
5264,"roc",158,38,6,151,-2.4,-1.67,5.58,1.13,0.98,1,0,0,347.93,5.34,2585819.73,3.92
5265,"roc",197,43,7,189,-2.76,-1.84,6.67,1.31,0.96,0.95,0,0.01,377.62,6.3,2536036,4.95
5266,"roc",238,53,20,217,-2.3,-1.17,7.06,1.04,0.95,0.96,0,0.04,310.93,3.22,1987330.82,2.18
5267,"roc",315,65,9,305,-2.93,-2.14,8.06,1.52,0.97,0.96,0,0.01,924.93,8.5,7760904.12,7.22
5268,"roc",226,41,20,205,-2.85,-1.66,10.58,1.42,0.93,0.95,0,0.05,665.52,5.26,3563332.04,4.19
5269,"roc",166,37,16,149,-2.44,-1.57,8.13,1.27,0.98,1,0,0,344.2,4.81,2655255.04,3.55
5270,"roc",259,57,13,245,-2.52,-1.5,7.1,1.14,0.96,1,0,0,449,4.48,3417756.12,3.39
5271,"roc",296,62,14,281,-2.74,-1.98,5.9,1,0.98,0.97,0,0.03,385.06,7.28,2251224.56,5.13
5272,"roc",282,58,13,268,-2.37,-1.56,4.6,1.19,0.95,0.94,0,0.02,243.53,4.73,1706200.67,3.43
5273,"roc",229,51,3,225,-3.15,-2.06,10,1.5,0.99,1,0,0,882.42,7.85,5665122.91,6.46
5274,"roc",163,36,14,148,-3.05,-1.56,13.59,1.36,0.98,1,0,0,1080.56,4.74,8993047.35,3.73
5275,"roc",260,53,21,238,-2.6,-2.07,7.98,1.2,0.98,0.97,0,0.03,432.7,7.92,3612853.18,6.29
5276,"roc",267,56,23,243,-2.78,-2.06,5.21,1.39,0.98,0.98,0,0.02,460.79,7.95,3496705.48,6.73
5277,"roc",308,75,4,303,-2.56,-1.89,6.5,1.32,0.98,1,0,0,441.26,6.62,3028045.6,5.48
5278,"roc",205,46,16,188,-2.84,-2.16,5.94,1.82,0.97,1,0,0,475.62,8.68,2908908.75,7.59
5279,"roc",278,60,11,266,-2.46,-2.04,6.02,1.51,1,1,0,0,415.71,7.73,2967586.28,6.66
5280,"roc",149,34,6,142,-3.03,-2.77,5.5,1.33,0.93,0.91,0,0.05,445.44,16.07,2953519.81,13.73
5281,"roc",260,53,5,254,-3.12,-2.05,9.24,1.5,0.99,1,0,0,794.99,7.77,5509839.61,6.56
5282,"roc",161,35,19,141,-2.4,-1.3,6.08,0.91,0.94,1,0.01,0,362.77,3.67,2777188.8,2.52
5283,"roc",198,41,6,191,-3.4,-2.49,7.42,1.51,0.98,1,0,0,410.58,12.06,2516862.51,10.16
5284,"roc",295,61,12,282,-2.78,-1.61,8.37,1.15,0.99,1,0,0,856.92,5,6395384.43,3.96
5285,"roc",253,48,23,229,-2.7,-1.62,6.06,1.12,0.99,1,0,0,568.53,5.12,3696348.28,3.76
5286,"roc",277,59,18,258,-2.33,-1.9,4.9,1.26,0.98,1,0,0,381.21,6.69,3259424.89,5.48
5287,"roc",206,44,8,197,-2.75,-1.54,8.07,1.41,0.98,1,0,0,757.83,4.82,5548763.89,3.79
5288,"roc",193,44,3,189,-2.52,-1.67,6.58,1.18,0.91,0.96,0.01,0.04,342.84,5.34,2253045.7,4.12
5289,"roc",172,35,7,164,-2.5,-1.95,4.62,1.06,0.93,1,0.01,0,357.31,7.03,2765982.49,5.77
5290,"roc",237,47,16,220,-2.74,-1.85,7.1,1.3,0.98,1,0,0,719.28,6.36,5905894.89,5.09
5291,"roc",245,55,12,232,-2.18,-1.21,5.91,0.86,0.99,1,0,0,350.48,3.35,2451321.01,2.14
5292,"roc",240,43,7,232,-3.79,-2.97,9.97,1.89,1,1,0,0,974.15,19.49,6761775.79,18.07
5293,"roc",219,55,6,212,-3.05,-2.12,8.3,1.45,0.98,0.98,0,0.02,866.94,8.33,6748480.65,7.12
5294,"roc",181,43,15,165,-2.29,-1.79,4.7,1.15,0.9,0.9,0.01,0.08,269.87,5.99,2263270.7,4.42
5295,"roc",216,49,6,209,-3.17,-2.03,6.51,1.54,0.99,1,0,0,607.62,7.61,3081661.09,6.15
5296,"roc",166,37,14,151,-2.78,-2.03,5.9,1.35,0.99,1,0,0,466.59,7.61,2943412.77,6.03
5297,"roc",259,53,13,245,-2.65,-1.99,5.85,1.23,0.99,1,0,0,571.34,7.32,4527868.08,5.94
5298,"roc",196,46,3,192,-2.66,-1.66,7.19,1.02,0.98,1,0,0,641.06,5.29,4702623.96,3.4
5299,"roc",316,59,18,297,-2.4,-1.69,7.49,1.3,0.96,0.96,0,0.04,262.22,5.42,1709349.31,4.2
5300,"roc",175,36,15,159,-2.83,-2.34,7.73,1.13,1,1,0,0,620.64,10.4,5206557.81,7.92
5301,"roc",175,35,12,162,-2.74,-2.04,8.98,1.34,1,1,0,0,440.97,7.69,3242438.89,6.31
5302,"roc",223,47,13,209,-2.8,-1.69,7.68,1.14,0.97,1,0,0,373.63,5.42,2323068.94,4.3
5303,"roc",178,38,9,168,-3.05,-2.3,7.76,1.79,0.97,0.97,0,0.03,412.77,10.09,2749294.17,8.92
5304,"roc",202,41,10,191,-2.57,-1.58,9.26,1.24,1,1,0,0,381.18,4.85,2540259.89,3.6
5305,"roc",218,54,9,208,-2.36,-1.72,5.79,1.28,1,1,0,0,508.97,5.66,3688192.72,4.5
5306,"roc",244,50,10,233,-2.55,-2.32,4.05,1.17,0.97,1,0,0,319.64,10.18,2167457.51,8.32
5307,"roc",237,52,15,221,-2.52,-1.64,7.69,1.44,1,1,0,0,502.79,5.2,3211466.72,4.03
5308,"roc",271,58,8,262,-3.34,-2.83,8.71,1.28,0.98,0.98,0,0.02,751.72,16.95,6356755.53,15.07
5309,"roc",222,43,16,205,-2.49,-1.72,4.41,1.17,0.89,0.92,0.01,0.08,248.78,5.58,868837.05,4.15
5310,"roc",150,32,10,139,-2.94,-2.61,8.02,1.52,0.96,0.95,0,0.03,453.01,13.72,3306044.66,11.83
5311,"roc",177,41,18,158,-2.66,-1.86,8.27,1.22,1,1,0,0,399.06,6.42,2921764.16,5.03
5312,"roc",277,52,28,248,-2.26,-1.42,8.6,1.01,0.98,1,0,0,640.94,4.13,4822130.41,2.9
5313,"roc",239,53,5,233,-3.58,-2.94,10.61,1.81,1,1,0,0,1050.35,18.92,7553860.91,17.38
5314,"roc",315,68,19,295,-2.72,-2.26,7.52,1.5,0.96,1,0,0,523.06,9.55,4232905.05,8.11
5315,"roc",274,58,14,259,-2.11,-1.36,5.48,1.02,0.97,1,0,0,395.85,3.92,2891828.93,2.75
5316,"roc",234,49,5,228,-3.47,-2.78,7.89,2.26,0.99,1,0,0,884.46,16.12,5101291.07,15.06
5317,"roc",211,45,13,197,-3.04,-2.37,8.49,1.77,0.99,1,0,0,684.02,10.7,4830367.26,9.62
5318,"roc",256,56,5,250,-2.92,-2.04,7.57,1.21,0.94,0.92,0,0.03,728.61,7.65,5421631.78,6.05
5319,"roc",273,58,13,259,-2.3,-1.79,6.5,1.25,1,1,0,0,373.47,6.02,3316767.84,4.98
5320,"roc",171,38,12,158,-2.22,-1.4,6.2,1.06,0.98,1,0,0,468.36,4.06,3515568.57,2.73
5321,"roc",178,35,13,164,-2.56,-1.61,6.5,1.05,0.97,1,0,0,330.4,5,2757197.14,3.55
5322,"roc",206,37,13,192,-2.92,-2.18,7.81,1.2,0.95,0.94,0,0.03,374.51,8.85,2786827.45,6.37
5323,"roc",177,41,14,162,-2.65,-1.56,10.57,1.31,0.97,0.96,0,0.03,772.3,4.76,6753541.73,3.73
5324,"roc",256,64,4,251,-2.99,-2.4,5.61,1.29,0.97,0.97,0,0.03,463.33,11.08,3241158.37,9.34
5325,"roc",266,53,16,249,-2.84,-1.83,7.08,1.23,1,1,0,0,462.88,6.23,2975501.53,4.83
5326,"roc",164,38,4,159,-2.29,-1.46,5.81,1.28,0.85,0.92,0.03,0.07,326.12,4.39,1244509.39,3.26
5327,"roc",242,49,13,228,-2.83,-1.7,6.54,1.14,1,1,0,0,472.38,5.47,2319564.19,4.24
5328,"roc",284,64,6,277,-2.84,-1.69,6.59,1.23,0.98,1,0,0,514.89,5.44,3554623.11,4.04
5329,"roc",232,54,9,222,-2.51,-1.56,7.41,1.22,0.98,1,0,0,780.2,4.73,5836688.22,3.62
5330,"roc",196,43,6,189,-3.32,-1.87,15.58,1.45,0.99,1,0,0,808.75,6.49,6437233.94,5.4
5331,"roc",180,39,8,171,-3.02,-2.6,8.38,1.47,0.97,0.96,0,0.02,504.14,13.46,3133971.74,12.01
5332,"roc",306,64,13,292,-2.56,-1.58,7.38,1.35,0.99,1,0,0,532.3,4.88,3581185.28,3.86
5333,"roc",141,29,5,135,-3.46,-2.88,8.05,1.61,0.96,0.94,0,0.04,867.97,17.81,5532783.78,15.25
5334,"roc",249,52,15,233,-2.34,-1.46,4.28,1.29,0.96,0.96,0,0.04,185.29,4.29,823619.16,3.25
5335,"roc",158,35,8,149,-3.4,-3.16,9.14,1.86,0.95,0.94,0,0.02,708.33,23.57,5343848.42,22.19
5336,"roc",322,71,11,310,-2.56,-1.74,7.26,1.35,0.88,0.84,0.01,0.05,542.41,5.7,4087300.24,4.59
5337,"roc",188,40,5,182,-2.93,-2.18,7.86,1.38,0.96,0.95,0,0.02,599.42,8.86,4757543.9,7.38
5338,"roc",210,47,13,196,-2.25,-1.53,6.32,1.16,0.96,0.96,0,0.03,286.81,4.62,2150336.85,3.45
5339,"roc",120,29,5,114,-3.07,-1.86,11.3,1.24,0.99,1,0,0,893.74,6.42,5256374.72,4.85
5340,"roc",206,48,11,194,-2.81,-1.92,7.92,1.51,0.99,1,0,0,551.09,6.86,4171869.23,5.49
5341,"roc",257,57,9,247,-2.52,-1.71,9.59,1.27,0.97,0.97,0,0.03,348.65,5.53,2109438.98,4.34
5342,"roc",275,61,6,268,-2.42,-1.41,6.34,1.02,0.99,1,0,0,450.64,4.1,3212106.2,2.99
5343,"roc",214,47,12,201,-2.45,-2.04,4.35,1.17,0.93,0.91,0,0.03,339.16,7.69,2078280.62,5.66
5344,"roc",289,58,12,276,-2.52,-1.61,9.4,1.34,0.94,1,0.01,0,709.19,5,5589182.1,3.82
5345,"roc",152,34,8,143,-2.82,-2.11,6.72,1.31,0.94,1,0.01,0,447.09,8.25,2915636.75,6.64
5346,"roc",189,42,12,176,-2.24,-1.67,3.4,1.23,0.98,1,0,0,102.59,5.32,131682.38,4.24
5347,"roc",216,43,9,206,-2.93,-2.33,4.95,1.27,0.97,0.96,0,0.02,264.55,10.28,454936.33,8.55
5348,"roc",326,68,19,306,-2.98,-2.32,8.47,1.43,0.96,0.97,0,0.03,574.47,10.14,4180316.02,8.34
5349,"roc",229,51,8,220,-3.6,-2.3,11.36,1.35,0.96,0.95,0,0.02,1139.48,9.97,7855581.53,8.02
5350,"roc",211,44,12,198,-3.05,-2.08,9.31,1.54,0.99,1,0,0,686.49,8.1,5176793.42,6.9
5351,"roc",182,42,4,177,-2.74,-2.5,6.08,1.55,0.99,1,0,0,341.86,12.18,2475511.5,10.75
5352,"roc",331,66,15,315,-3.01,-2.5,5.49,1.49,0.99,1,0,0,412.71,12.12,2049149.7,10.6
5353,"roc",165,36,23,141,-3.19,-1.81,12.87,0.99,0.93,1,0.01,0,644.12,6.12,5216894.49,4.3
5354,"roc",271,53,15,255,-2.63,-1.88,6.63,1.4,1,1,0,0,420.94,6.55,3606047.95,5.4
5355,"roc",218,54,7,210,-3.29,-2.42,8.9,1.54,0.98,1,0,0,901.19,11.3,6512609.49,9.88
5356,"roc",254,48,14,239,-2.65,-2.05,4.97,1.31,0.94,0.95,0,0.05,264.41,7.77,2034454.53,6.05
5357,"roc",257,56,8,248,-2.57,-1.68,7.64,1.35,0.99,1,0,0,491.04,5.4,3672110.18,4.3
5358,"roc",314,63,10,303,-3.04,-2.17,6.58,1.55,1,1,0,0,667.76,8.76,5073187.98,7.62
5359,"roc",248,50,9,238,-2.62,-1.92,6.72,1.41,1,1,0,0,255.86,6.83,1951970.75,5.46
5360,"roc",220,46,11,208,-3.12,-2.17,6.83,1.08,0.96,1,0,0,498.03,8.8,2827537.87,6.51
5361,"roc",278,58,14,263,-2.37,-1.23,8.44,0.95,0.96,0.95,0,0.01,518.72,3.4,3614661.34,2.29
5362,"roc",221,51,12,208,-2.53,-1.74,5.89,1.26,1,1,0,0,372.53,5.7,2211601.46,4.68
5363,"roc",240,54,15,224,-2.62,-1.57,6.55,1.04,0.98,0.97,0,0.02,379.27,4.81,2396803.72,3.49
5364,"roc",332,70,17,314,-2.59,-1.32,9.08,1.13,0.96,0.96,0,0.01,685.87,3.74,5433758.89,2.69
5365,"roc",247,56,10,236,-2.45,-1.47,7.89,1.17,1,1,0,0,352.54,4.35,2072575.26,3.19
5366,"roc",159,34,12,146,-3.18,-2.97,4.61,1.61,0.98,1,0,0,383.33,19.62,2832366.9,17.87
5367,"roc",222,52,10,211,-2.52,-2.08,3.85,1.06,0.98,0.98,0,0.02,184.38,8,508843.82,6.09
5368,"roc",243,50,7,235,-3.46,-2.4,10.96,1.62,0.97,1,0,0,1340.55,10.99,9874855.52,9.43
5369,"roc",292,61,11,280,-2.72,-2.26,7.03,1.36,0.99,1,0,0,408.43,9.58,2328266.36,7.76
5370,"roc",164,41,7,156,-3,-2.46,8.37,1.84,0.98,1,0,0,614,11.7,4674963.25,10.45
5371,"roc",268,60,13,254,-2.04,-1.33,6.65,0.86,0.93,0.89,0,0.05,348.36,3.76,3213456.04,2.27
5372,"roc",278,57,16,261,-2.58,-1.57,9.92,1.3,0.97,0.96,0,0.02,622.74,4.81,5001447.5,3.65
5373,"roc",206,45,17,188,-3.41,-2.79,8.52,1.96,0.98,1,0,0,957.43,16.28,5787482.69,14.53
5374,"roc",213,42,8,204,-3.01,-2.06,7.36,1.53,0.97,0.96,0,0.03,389.15,7.91,2425817.62,6.62
5375,"roc",301,61,21,279,-2.47,-1.08,8.07,1.01,1,1,0,0,397.79,2.94,2271310.92,1.89
5376,"roc",234,47,12,221,-3.35,-2.61,6.66,1.42,0.98,0.97,0,0.02,814.09,13.6,5990547.09,12.52
5377,"roc",192,45,15,176,-2.61,-1.67,8.08,1.28,0.96,0.96,0,0.02,352.59,5.31,2232129.68,3.96
5378,"roc",322,66,33,288,-2.34,-1.76,6.52,1.56,1,1,0,0,336.46,5.84,2924488.24,4.8
5379,"roc",263,54,7,255,-2.66,-2.14,6.51,1.41,0.98,0.98,0,0.02,425.97,8.5,3547193.31,7.47
5380,"roc",271,58,17,253,-1.78,-1.05,6.33,0.81,0.93,0.96,0.01,0.04,310.14,2.86,2110328.85,1.73
5381,"roc",292,57,21,270,-2.54,-1.73,6.94,1.42,0.93,0.9,0,0.04,404.22,5.64,3367385.87,4.55
5382,"roc",225,51,10,214,-2.44,-1.43,5.25,1.16,0.98,1,0,0,361.4,4.18,1808522.93,3.17
5383,"roc",293,69,14,278,-2.19,-1.42,4.83,1.19,0.92,0.87,0.01,0.04,336.78,4.14,2844548.46,3.06
5384,"roc",214,46,9,204,-3.08,-2.4,5.83,1.36,0.94,1,0.01,0,599.76,11.02,4231383.83,8.62
5385,"roc",244,48,23,220,-1.77,-1.17,4.41,0.82,0.95,0.96,0,0.04,263.25,3.24,2084173.84,2.1
5386,"roc",205,50,4,200,-2.72,-1.92,6.61,1.3,0.96,0.96,0,0.02,795.55,7.14,6688166.24,6.07
5387,"roc",176,40,4,171,-2.79,-2.02,6.54,1.42,1,1,0,0,540.56,7.51,3567842.96,6.18
5388,"roc",352,67,16,335,-3.64,-2.6,10.6,2.01,1,1,0,0,1170.61,13.46,7412711.25,12.42
5389,"roc",150,33,11,138,-3.21,-2.26,8.02,1.53,0.97,0.97,0,0.03,677.47,9.58,4064623.98,8.23
5390,"roc",273,54,13,259,-2.72,-1.65,7.18,1.15,0.96,0.94,0,0.02,685.4,5.28,5429932.36,3.8
5391,"roc",323,60,12,310,-3.51,-2.06,10.43,1.66,0.95,0.95,0,0.05,1118.15,7.86,6815516.84,6.43
5392,"roc",337,65,29,307,-2.18,-1.47,5.42,0.98,0.98,1,0,0,286.23,4.35,1762648.77,2.89
5393,"roc",182,41,19,162,-2.57,-1.6,7.3,1.2,0.97,1,0,0,397.81,4.95,2573876.75,3.68
5394,"roc",287,63,10,276,-2.82,-2.18,6.39,1.69,1,1,0,0,571.3,8.85,4519445.26,7.82
5395,"roc",275,67,6,268,-2.66,-2.15,6.72,1.44,0.98,1,0,0,468.88,8.58,2918754.79,7.27
5396,"roc",124,26,10,113,-2.39,-1.76,6.28,1.19,0.95,0.94,0,0.06,786.35,5.85,7075507.51,4.21
5397,"roc",248,56,6,241,-2.89,-2.1,6.14,1.61,1,1,0,0,546.64,8.2,3207059.42,7.04
5398,"roc",159,37,5,153,-2.52,-1.61,5.61,1.24,0.99,1,0,0,408.03,5,2752480.27,3.86
5399,"roc",315,58,10,304,-2.89,-1.96,7.73,1.44,0.97,0.95,0,0.01,610.28,7.16,4890811.58,5.83
5400,"roc",232,51,8,223,-2.95,-1.98,8.07,1.32,0.98,0.97,0,0.02,695.19,7.24,5596848.22,6.08
5401,"roc",301,67,12,288,-3.02,-2.2,9.08,1.46,0.96,0.95,0,0.02,732.15,9.03,5201796.69,7.52
5402,"roc",190,40,13,176,-2.68,-2.08,5.41,1.1,0.98,1,0,0,410.05,8.01,2591207.6,6.74
5403,"roc",211,47,13,197,-2.31,-1.22,8.29,1.07,1,1,0,0,518.47,3.39,4137353.09,2.31
5404,"roc",162,35,18,143,-2.73,-1.34,10.55,1.14,0.99,1,0,0,639.95,3.82,5348389.62,2.71
5405,"roc",221,44,12,208,-2.76,-2.12,6.92,1.28,0.97,1,0,0,296.06,8.36,2221522.12,7.19
5406,"roc",242,53,11,230,-2.75,-1.93,6.49,1.6,0.98,1,0,0,572.36,6.89,3934158.99,5.63
5407,"roc",203,49,8,194,-2.86,-1.89,8.31,1.57,0.96,0.96,0,0.04,620.75,6.62,4228754.61,5.28
5408,"roc",254,52,15,238,-3.43,-2.56,9.52,1.79,0.98,0.98,0,0.02,979.13,13,6172877.96,11.38
5409,"roc",206,45,16,189,-2.2,-1.5,6.39,0.56,0.97,0.95,0,0.01,463.19,4.48,4232227.65,2.07
5410,"roc",300,62,21,278,-2.15,-1.41,6.53,1.11,0.98,1,0,0,298.55,4.1,1958783.12,3.01
5411,"roc",253,47,16,236,-3.46,-2.65,8.9,1.52,1,1,0,0,896.25,14.15,6681074.24,12.55
5412,"roc",206,46,8,197,-2.73,-2.27,6.54,1.45,0.99,1,0,0,473.66,9.68,4131848.14,8.2
5413,"roc",195,42,11,183,-2.9,-2.38,11.45,1.79,1,1,0,0,399.96,10.77,2754103.58,9.75
5414,"roc",292,58,22,269,-2.12,-1.01,6.28,0.86,0.98,0.97,0,0.01,377.39,2.78,3312655.55,1.7
5415,"roc",201,41,10,190,-2.78,-1.54,12.02,1.07,0.99,1,0,0,590.32,4.66,4698762.14,3.26
5416,"roc",185,38,16,168,-3.01,-2.5,9.96,1.86,0.96,0.95,0,0.03,602.6,12.31,4936016.21,11.13
5417,"roc",239,51,19,219,-1.97,-1.25,5.9,1.01,0.96,0.95,0,0.02,399.66,3.49,3263204.53,2.45
5418,"roc",217,48,17,199,-2.59,-1.9,5.71,1.51,0.98,0.97,0,0.02,370.87,6.7,2252985.38,5.51
5419,"roc",197,45,8,188,-2.88,-2.19,7.49,1.46,0.94,0.92,0,0.03,516,8.94,4212210.68,7.67
5420,"roc",184,43,5,178,-2.65,-2.19,6.42,1.34,0.99,1,0,0,731.4,8.94,6032541.42,7.36
5421,"roc",308,63,17,290,-3.45,-3.09,5.8,1.52,1,1,0,0,654.79,21.98,4214866.1,20.46
5422,"roc",273,58,22,250,-3.12,-2.46,6.93,1.84,0.94,0.95,0,0.05,604.99,11.67,3430514.52,10.38
5423,"roc",311,66,9,301,-2.43,-1.72,5.57,1.36,1,1,0,0,348.95,5.56,2161349.98,4.35
5424,"roc",180,40,10,169,-2.59,-2.03,5.75,1.44,0.97,0.96,0,0.02,343.72,7.62,2559363.87,6.29
5425,"roc",263,53,14,248,-2.95,-2.48,6.14,1.7,0.99,1,0,0,588.43,11.94,3420293.74,10.06
5426,"roc",256,56,8,247,-3,-1.98,8.7,1.52,1,1,0,0,785.95,7.25,5660928.95,6.19
5427,"roc",315,70,16,298,-2.39,-1.55,6.67,1.17,0.97,0.97,0,0.03,384.85,4.72,2898844.64,3.33
5428,"roc",329,70,4,324,-2.79,-2.02,6.02,1.62,1,1,0,0,385.25,7.68,1727144.37,6.58
5429,"roc",336,69,13,322,-2.55,-2.21,4.79,1.51,0.98,1,0,0,261.07,9.12,1535326.01,7.91
5430,"roc",264,60,6,257,-2.59,-1.86,6.62,1.56,1,1,0,0,552.58,6.47,4141386.36,5.29
5431,"roc",248,56,10,237,-2.73,-1.76,7.42,1.4,0.99,1,0,0,646.65,5.85,4812251.82,4.75
5432,"roc",201,43,10,190,-3.3,-1.87,10.96,1.22,0.96,0.96,0,0.04,1023.7,6.49,7579041.72,5.42
5433,"roc",280,53,10,269,-2.96,-2.07,6.26,1.54,0.98,0.98,0,0.02,497.34,7.92,3644766.64,6.76
5434,"roc",326,67,27,298,-2.3,-1.52,5.01,1.2,0.99,1,0,0,238.12,4.57,765679.34,3.38
5435,"roc",167,37,13,153,-2.98,-1.81,13.5,1.26,1,1,0,0,687.51,6.11,5390088.13,5.03
5436,"roc",232,47,6,225,-3.17,-2.27,7.33,1.19,0.98,1,0,0,756.62,9.68,5018517.2,8.22
5437,"roc",271,56,7,263,-3.3,-2.4,10.82,1.99,1,1,0,0,1119.38,10.98,7640693.56,9.77
5438,"roc",143,28,14,128,-3.47,-2.72,11.72,1.35,0.99,1,0,0,741.88,15.62,4380782.26,13.85
5439,"roc",254,52,15,238,-2.74,-2.27,5.75,1.55,1,1,0,0,390.34,9.68,2398144.62,8.44
5440,"roc",196,42,21,174,-2.85,-2.12,11.9,1.6,0.96,0.95,0,0.02,564.83,8.43,4191824.44,7.18
5441,"roc",265,50,9,255,-2.94,-2.3,7.78,1.47,0.99,1,0,0,577.18,9.93,4054424.04,8.03
5442,"roc",258,58,7,250,-3.07,-2.12,9.25,1.52,0.98,1,0,0,1028.67,8.34,8286956.67,7.15
5443,"roc",200,40,16,183,-2.36,-1.61,6.56,1.39,0.96,0.98,0,0.02,292.89,5.12,2427158.47,4.03
5444,"roc",304,61,9,294,-2.74,-1.84,8,1.25,0.99,1,0,0,449.87,6.3,3454826.04,4.84
5445,"roc",232,44,13,218,-2.92,-2.06,11.5,1.2,0.99,1,0,0,548.16,7.84,4340728.2,6.38
5446,"roc",164,37,3,160,-2.89,-2.14,8.17,1.16,0.96,0.95,0,0.05,611.74,8.5,4825315.24,6.57
5447,"roc",182,36,14,167,-2.78,-1.82,9.19,1.17,0.96,0.96,0,0.02,686.91,6.14,5440830.44,4.73
5448,"roc",204,49,7,196,-2.78,-1.67,7.44,1.27,0.96,0.95,0,0.01,526.08,5.31,4036700.86,4.05
5449,"roc",201,41,12,188,-3.01,-2.04,7.69,1.14,0.97,0.96,0,0.02,602.02,7.69,3496753.13,5.96
5450,"roc",182,39,6,175,-2.67,-2.05,7.18,1.05,0.94,0.94,0,0.06,316.94,7.77,2497866.79,5.87
5451,"roc",165,38,4,160,-2.95,-2.38,7.86,1.6,0.95,1,0,0,539.98,11.4,4266549,9.83
5452,"roc",169,41,9,159,-2.34,-1.31,5.9,1.04,0.94,0.93,0,0.03,314.67,3.71,2390703.21,2.58
5453,"roc",208,47,5,202,-2.37,-1.74,7.55,1.26,0.99,1,0,0,274.87,5.7,2101488.2,4.49
5454,"roc",292,64,18,273,-3.06,-1.94,8.61,1.59,0.98,1,0,0,579.36,6.96,3380677.24,5.8
5455,"roc",191,42,11,179,-2.76,-1.81,9.59,1.35,0.86,0.84,0.01,0.12,562.1,6.12,4558726.94,4.67
5456,"roc",238,50,14,223,-3.18,-2.26,9.5,1.48,0.98,0.97,0,0.02,557.42,9.59,3987042.9,8.43
5457,"roc",224,47,14,209,-2.05,-1.42,4.86,0.94,0.95,0.95,0,0.05,245.59,4.14,2077237,2.86
5458,"roc",214,47,17,196,-2.54,-1.8,10.2,1.38,0.97,0.97,0,0.02,278.61,6.05,2087192.34,4.88
5459,"roc",275,61,11,263,-2.74,-1.89,8.27,1.38,0.99,1,0,0,555.26,6.62,4642158.82,5.56
5460,"roc",257,60,6,250,-2.56,-1.83,7.36,1.18,1,1,0,0,321.09,6.23,2027948.87,4.58
5461,"roc",310,70,10,299,-2.99,-1.88,8.36,1.4,0.95,0.93,0,0.05,605.11,6.6,3379313.14,5.01
5462,"roc",289,67,5,283,-2.55,-1.87,4.95,1.22,0.99,1,0,0,311.16,6.49,1702013.44,4.95
5463,"roc",275,54,24,250,-3.1,-1.94,12.22,1.47,0.97,0.96,0,0.02,712.03,7.06,5064676.93,5.99
5464,"roc",216,46,13,202,-2.72,-1.74,5.61,1.33,0.98,1,0,0,570.24,5.74,4435277.29,4.47
5465,"roc",227,47,14,212,-3.4,-2.59,7.58,1.78,1,1,0,0,837.35,13.33,6046197.5,12.02
5466,"roc",173,37,8,164,-3.16,-2.25,9.69,1.64,0.99,1,0,0,908.54,9.49,7394284.21,8.48
5467,"roc",208,50,4,203,-2.96,-2.02,6.87,1.62,0.95,1,0,0,668.77,7.54,4299914.43,6.36
5468,"roc",342,71,10,331,-2.78,-1.79,8.19,1.45,1,1,0,0,521.42,5.99,4035936.16,4.95
5469,"roc",240,52,13,226,-2.24,-1.78,4.46,1.23,1,1,0,0,262.82,5.93,1925021.78,4.38
5470,"roc",135,31,10,124,-3.24,-2.04,15.56,1.13,0.99,1,0,0,856.24,7.69,6671442.28,6.04
5471,"roc",221,51,10,210,-2.8,-2.02,7.87,1.36,0.97,0.96,0,0.03,666.62,7.54,5490607.75,6.23
5472,"roc",293,58,10,282,-3.19,-2.29,6.94,1.38,1,1,0,0,493.31,9.89,3376530.19,8.01
5473,"roc",257,59,7,249,-2.52,-1.47,7.75,1.17,0.97,1,0,0,445.75,4.35,3296367.75,3.09
5474,"roc",246,55,13,232,-2.75,-2.09,6.12,1.53,0.98,0.98,0,0.02,255.19,8.08,1803711.59,6.85
5475,"roc",316,61,12,303,-3.32,-3.01,7.47,1.74,1,1,0,0,660.71,20.29,4832036.17,18.84
5476,"roc",203,38,10,192,-3.06,-2.38,9.63,1.51,0.99,1,0,0,508.23,10.78,2843859.31,9.64
5477,"roc",142,35,9,132,-3.16,-2.01,9.05,1.45,0.98,1,0,0,743.6,7.46,4350945.85,6.15
5478,"roc",274,54,21,252,-2.29,-1.62,4.91,1.2,0.98,1,0,0,228.67,5.04,1814501.04,3.8
5479,"roc",236,59,12,223,-2.26,-1.65,5.58,1.25,1,1,0,0,396.05,5.21,3286113.94,4.21
5480,"roc",244,51,9,234,-3.08,-2.18,7.2,1.34,0.97,1,0,0,594.04,8.85,4100540.11,7.45
5481,"roc",275,62,12,262,-2.09,-1.64,3.52,1.2,1,1,0,0,182.55,5.18,1347419.85,4.12
5482,"roc",303,60,9,293,-3.02,-2.38,9.25,1.71,0.97,1,0,0,692.32,10.82,4564717.49,9.57
5483,"roc",300,62,15,284,-2.91,-2.65,6.51,1.62,0.98,1,0,0,355.68,14.16,2175492.48,12.46
5484,"roc",198,47,7,190,-2.62,-1.94,4.99,1.34,0.96,0.96,0,0.04,315.68,6.96,2125966.3,5.48
5485,"roc",155,36,11,143,-3.11,-2.19,8.31,1.48,0.99,1,0,0,961.97,8.94,6791601.33,7.48
5486,"roc",323,68,20,302,-2.45,-1.48,7.56,1.07,0.95,0.97,0,0.03,457.18,4.39,3302797.21,3.2
5487,"roc",315,60,13,301,-2.19,-1.4,4.87,1.15,0.97,1,0,0,311.2,4.06,2030524.07,2.88
5488,"roc",166,37,11,154,-2.92,-2.31,8.03,1.67,0.99,1,0,0,773.84,10.07,6086749.6,8.73
5489,"roc",228,51,5,222,-3.14,-2.15,7.83,1.32,0.98,0.98,0,0.02,926.99,8.58,5983213.34,6.86
5490,"roc",170,42,6,163,-2.23,-1.6,4.18,0.75,0.98,0.98,0,0.02,296.12,4.95,2331349.84,3
5491,"roc",267,53,18,248,-2.65,-1.66,8.94,0.98,0.97,1,0,0,737.81,5.26,5735389.38,3.77
5492,"roc",186,41,16,169,-2.07,-1.35,5.85,1.09,0.9,0.88,0,0.03,315.48,3.86,2450067.44,2.77
5493,"roc",280,62,11,268,-2.57,-2.24,4.37,1.1,0.98,0.98,0,0.01,365.77,9.36,2269049.65,7.42
5494,"roc",159,32,19,139,-2.97,-1.89,13.4,1.06,0.95,0.94,0,0.06,525.56,6.68,3686813.11,5.21
5495,"roc",276,58,13,262,-2.86,-1.84,6.07,1.25,0.96,0.96,0,0.01,462.71,6.37,2604853.38,5.05
5496,"roc",230,47,12,217,-2.99,-2.05,6.71,1.12,0.96,0.95,0,0.02,648.27,7.77,4417651.61,5.85
5497,"roc",242,53,5,236,-3.12,-2.88,7.17,1.83,0.99,1,0,0,478.42,17.81,3625137.39,16.32
5498,"roc",184,39,12,171,-2.66,-1.96,8.35,1.59,1,1,0,0,408.02,7.1,2629361.54,5.94
5499,"roc",256,54,18,237,-3.17,-1.93,8.41,1.29,0.97,0.96,0,0.03,808,6.9,5508854.45,5.79
5500,"roc",133,26,15,117,-3.13,-1.77,11.35,1.44,0.93,0.92,0,0.07,1237.72,5.9,10059702.27,4.83
5501,"roc",195,40,4,190,-3.04,-1.91,9.93,1.1,0.96,0.97,0,0.03,892.53,6.77,7084919.73,5.31
5502,"roc",236,44,23,212,-3.82,-2.88,9.28,1.93,0.95,0.95,0,0.05,1253.85,17.9,8520136.94,15.51
5503,"roc",175,41,7,167,-2.58,-1.8,5.85,1.41,0.97,0.97,0,0.03,545.21,6.05,4604070.52,4.63
5504,"roc",193,47,8,184,-2.76,-2.29,6.76,1.2,0.98,1,0,0,489.01,9.87,4049537.02,8.24
5505,"roc",297,68,12,284,-2.31,-1.48,5.95,1.11,1,1,0,0,333.09,4.42,2842812.31,3.28
5506,"roc",181,37,11,169,-3.24,-2.64,7.64,1.81,1,1,0,0,545.92,14.01,3831031.81,12.47
5507,"roc",288,62,13,274,-3.06,-2.62,5.73,1.86,0.98,1,0,0,313.14,13.74,796858.39,12.54
5508,"roc",218,49,4,213,-2.73,-2.3,5.24,1.73,0.99,1,0,0,326.46,9.97,1732428.23,8.7
5509,"roc",331,73,30,300,-2.84,-2.4,7.03,1.53,0.99,1,0,0,390.96,11.02,2109270.97,9.94
5510,"roc",174,40,12,161,-2.19,-1.96,3.63,1.15,0.99,1,0,0,267.72,7.1,2429361.01,5.5
5511,"roc",310,68,9,300,-2.42,-1.54,7.76,0.97,0.97,1,0,0,454.67,4.7,3488412.84,3.02
5512,"roc",253,55,9,243,-2.85,-2.32,5.99,1.64,0.93,0.9,0,0.02,473.94,10.18,3497479.66,8.93
5513,"roc",172,36,11,160,-2.21,-1.36,4.82,1.09,0.97,1,0,0,324.68,3.92,2692871.12,2.64
5514,"roc",239,47,23,215,-2.85,-2.03,10.37,1.22,0.96,1,0,0,350.11,7.61,2220839.25,5.75
5515,"roc",190,41,9,180,-2.84,-1.54,9.07,1.24,0.98,1,0,0,1013.15,4.66,8742026.43,3.5
5516,"roc",255,50,17,237,-3.01,-2.25,5.5,1.19,0.95,1,0,0,627.1,9.48,4131931.34,7.67
5517,"roc",170,39,8,161,-3.33,-2.74,7.58,1.83,0.98,1,0,0,658.79,15.49,5025076.08,14.1
5518,"roc",255,55,24,230,-2.58,-1.63,7.66,1.46,0.96,0.95,0,0.04,705.02,5.1,5290563.88,4.09
5519,"roc",186,39,15,170,-2.43,-1.88,7.33,1.38,0.96,0.94,0,0.02,283.59,6.55,2486902.63,5.2
5520,"roc",239,49,5,233,-3.16,-1.89,8.32,1.03,0.96,0.95,0,0.01,902.24,6.62,6451248.77,4.33
5521,"roc",218,51,10,207,-2.94,-2.16,6.85,1.55,0.98,1,0,0,596.85,8.67,4416387.05,7.48
5522,"roc",221,48,15,205,-2.97,-2.09,8.83,1.28,1,1,0,0,704.92,8.13,5809496.65,6.6
5523,"roc",227,52,15,211,-2.43,-1.81,7.29,1.41,0.92,1,0.01,0,331.08,6.11,2068452.78,4.91
5524,"roc",297,66,14,282,-2.75,-1.62,10.15,1.4,0.91,0.9,0.01,0.08,700.73,5.07,5878678.08,4.06
5525,"roc",282,68,7,274,-2.65,-1.66,8.13,1.59,1,1,0,0,594.4,5.29,4236748.67,4.27
5526,"roc",372,76,18,353,-3.54,-2.5,11.08,1.71,1,1,0,0,940.17,12.18,5820241.71,10.92
5527,"roc",217,46,13,203,-3.06,-2.19,9.99,1.48,0.97,0.97,0,0.03,765.2,9.15,5252990.04,8.04
5528,"roc",163,36,8,154,-2.74,-1.97,5.57,1.29,0.97,1,0,0,363.25,7.19,2697257.55,5.59
5529,"roc",347,72,9,337,-3.17,-1.96,10.08,1.4,0.99,1,0,0,924.93,7.1,7553960.49,5.78
5530,"roc",172,40,12,159,-2.42,-1.64,5.04,1.19,0.97,0.97,0,0.03,343.13,5.15,2461515.6,3.98
5531,"roc",301,68,4,296,-2.51,-1.78,6.64,1.57,1,1,0,0,467.78,5.9,3239374.22,4.84
5532,"roc",256,55,11,244,-2.95,-1.68,9.48,1.32,0.99,1,0,0,667.98,5.37,4184307.5,4.29
5533,"roc",299,62,20,278,-2.13,-1.18,6.45,1.01,0.99,1,0,0,355.14,3.28,3109780.08,2.23
5534,"roc",230,51,7,222,-2.93,-1.77,8.64,1.34,1,1,0,0,895.55,5.87,6620226.15,4.52
5535,"roc",224,46,17,206,-2.6,-1.78,6.19,1.25,0.95,0.94,0,0.04,442.06,5.93,2979425.63,4.54
5536,"roc",222,50,11,210,-2.59,-1.64,6.35,1.06,1,1,0,0,484.05,5.13,3869953.81,4.03
5537,"roc",300,59,14,285,-2.5,-1.54,8.93,1.05,0.99,1,0,0,307.52,4.66,1930664.32,3.32
5538,"roc",320,71,11,308,-2.58,-1.66,6.08,1.18,0.98,0.97,0,0.01,571.04,5.26,3897058.85,3.91
5539,"roc",275,61,9,265,-2.43,-1.58,5.6,1.23,0.97,0.96,0,0.02,481.09,4.85,3704530.03,3.74
5540,"roc",181,37,11,169,-3.21,-2.06,10.1,1.43,1,1,0,0,815.79,7.85,5982410.62,6.25
5541,"roc",359,70,56,302,-2.26,-1.48,6.49,1.31,0.97,1,0,0,243.79,4.42,1462181.64,3.33
5542,"roc",227,48,10,216,-3.09,-2.3,7.54,1.7,0.98,1,0,0,702.27,9.98,3643263.62,8.75
5543,"roc",203,42,23,179,-2.46,-1.96,4.66,1.59,0.98,1,0,0,322.21,7.1,2387662.46,5.91
5544,"roc",162,35,6,155,-2.92,-2.12,4.13,1,0.95,0.94,0,0.06,205.2,8.33,293083.01,5.74
5545,"roc",169,37,14,154,-2.67,-1.91,8.74,0.92,0.99,1,0,0,381.11,6.75,2731370.99,4.84
5546,"roc",235,46,14,220,-2.66,-1.52,6.44,1.34,0.99,1,0,0,535.78,4.6,4160114.35,3.49
5547,"roc",214,47,10,203,-2.62,-1.91,5.4,1.39,0.99,1,0,0,388.09,6.75,2608708.37,5.27
5548,"roc",219,45,9,209,-2.43,-1.47,6.39,1.23,0.95,0.93,0,0.01,321.56,4.35,2286242.86,3.32
5549,"roc",238,51,6,231,-2.92,-2.34,6.92,1.69,0.99,1,0,0,561.33,10.38,4204274.75,9.11
5550,"roc",241,54,8,232,-2.84,-1.96,7.07,1.53,0.98,0.98,0,0.02,686.73,7.1,5352247.88,6.03
5551,"roc",285,55,21,263,-2.39,-1.49,6.98,1.14,0.97,1,0,0,409.17,4.44,3497018.32,3.24
5552,"roc",204,40,8,195,-3.04,-1.8,13.87,1.11,0.96,0.96,0,0.02,779.61,6.1,6898134.36,4.18
5553,"roc",249,47,13,235,-2.44,-1.98,3.93,0.96,0.98,0.98,0,0.02,236.83,7.24,913491.66,5.45
5554,"roc",225,44,11,213,-2.7,-1.33,7.08,0.99,0.87,0.84,0.01,0.05,581.9,3.78,3423419.03,2.67
5555,"roc",282,57,8,273,-3.42,-2.5,8.62,1.55,0.99,1,0,0,807.31,12.18,5785503.41,10.23
5556,"roc",222,50,13,208,-2.72,-1.69,8.64,0.88,0.97,0.96,0,0.01,794.97,5.45,6259734.37,3.4
5557,"roc",234,50,12,221,-2.33,-1.3,6.79,1.01,0.98,0.98,0,0.02,547.86,3.66,4308278.19,2.58
5558,"roc",188,40,14,173,-2.89,-1.81,8.76,1.21,0.98,1,0,0,785.87,6.08,6890541.93,4.71
5559,"roc",132,32,5,126,-2.48,-1.25,7.48,0.9,0.84,0.9,0.02,0.1,728.93,3.51,5853438.05,2.11
5560,"roc",294,60,19,274,-3.12,-2.16,10.24,1.45,0.99,1,0,0,859.8,8.62,6896983.97,7.44
5561,"roc",172,36,15,156,-2.35,-1.86,5.95,1.32,0.92,0.94,0.01,0.06,500.23,6.43,3443558.65,5.12
5562,"roc",249,54,6,242,-2.68,-1.72,7.06,1.21,0.92,0.92,0,0.05,616.82,5.61,5212626.73,4.59
5563,"roc",242,48,21,220,-2.95,-2.16,9.35,1.32,0.98,1,0,0,685.95,8.68,5808722.99,7.17
5564,"roc",217,47,10,206,-2.57,-1.87,6.79,1.08,0.9,0.93,0.01,0.07,293.01,6.49,2118169.98,4.97
5565,"roc",282,63,11,270,-2.15,-1.12,6.17,1.03,0.95,0.96,0,0.04,455.41,3.06,3338571.49,2.04
5566,"roc",246,56,18,227,-3.05,-2.2,8.12,1.3,0.99,1,0,0,738.41,8.98,4639979.35,7.43
5567,"roc",312,62,11,300,-3.06,-2.27,8.71,1.29,0.97,0.97,0,0.03,688.65,9.74,4933676.99,8.38
5568,"roc",174,38,12,161,-3.27,-2.4,9.93,1.51,1,1,0,0,947.91,11,7383962.67,9.43
5569,"roc",172,39,11,160,-2.82,-2.46,7.42,1.1,0.99,1,0,0,647.89,11.7,5198501.85,9.62
5570,"roc",220,41,10,209,-3.27,-2.6,8.09,1.78,0.99,1,0,0,593.42,13.46,3458999.98,11.69
5571,"roc",316,67,11,304,-2.37,-1.42,6.04,0.98,0.98,1,0,0,441.13,4.14,3239594.54,2.82
5572,"roc",239,49,11,227,-2.72,-2.05,5.77,1.54,1,1,0,0,426.77,7.77,2414442.18,6.69
5573,"roc",193,47,8,184,-2.63,-1.91,5.88,1.56,0.94,0.96,0,0.04,531.94,6.75,3252956.89,5.35
5574,"roc",197,40,20,176,-2.86,-2.09,7.56,1.4,0.99,1,0,0,339.45,8.12,2436629.55,6.77
5575,"roc",238,45,22,215,-2.99,-1.9,10.27,1.55,0.98,1,0,0,883.89,6.69,6892833.74,5.53
5576,"roc",301,64,9,291,-2.59,-2,5.98,1.63,0.96,0.96,0,0.02,359.9,7.36,2784888.55,6.14
5577,"roc",228,50,25,202,-2.29,-1.38,8.11,0.9,1,1,0,0,532.75,3.97,4247794.94,2.69
5578,"roc",244,51,10,233,-2.61,-1.76,6.93,1.35,1,1,0,0,476.25,5.81,3771020,4.59
5579,"roc",216,41,32,183,-3.77,-2.02,18.78,1.86,1,1,0,0,1160.55,7.54,7899542.27,6.48
5580,"roc",189,40,16,172,-2.7,-1.83,7.89,1.1,0.98,1,0,0,352.92,6.24,2519642.36,4.76
5581,"roc",262,53,15,246,-3.28,-2.58,9.66,1.52,1,1,0,0,915.6,13.2,7130488.49,11.95
5582,"roc",246,52,22,223,-2.18,-1.6,6.7,1.09,0.94,0.92,0,0.04,433.48,4.97,3711916.99,3.82
5583,"roc",202,45,6,195,-3.04,-2.28,5.97,1.44,0.95,0.95,0,0.05,487.06,9.78,2850512.73,8.62
5584,"roc",219,50,8,210,-3,-2.4,8.93,1.75,0.99,1,0,0,615.21,10.98,4006768.01,9.75
5585,"roc",300,59,24,275,-2.63,-1.91,6.63,1.38,0.99,1,0,0,557.77,6.75,3968646.08,5.3
5586,"roc",205,42,14,190,-2.25,-1.34,7.73,0.73,0.91,0.92,0.01,0.07,507.84,3.8,4513287.01,2.26
5587,"roc",173,39,5,167,-2.88,-2.26,7.44,1.73,0.96,0.95,0,0.03,605.14,9.58,4826608.46,8.33
5588,"roc",260,50,22,237,-2.14,-1.26,5.42,0.98,0.92,1,0.01,0,318.69,3.53,2091534.04,2.32
5589,"roc",189,40,11,177,-2.55,-2.04,6.39,0.9,0.98,0.97,0,0.03,280.9,7.73,2430592.32,5.89
5590,"roc",157,34,10,146,-2.97,-2.58,7.13,1.8,1,1,0,0,363.27,13.28,2837334.17,11.71
5591,"roc",354,73,13,340,-3.19,-2.51,7.96,1.47,0.98,0.97,0,0.03,857.71,12.3,6130774.88,10.73
5592,"roc",271,54,25,245,-2.98,-2.26,9.35,1.84,0.96,1,0,0,521.31,9.63,3908535.78,8.43
5593,"roc",266,53,20,245,-2.6,-1.69,5.53,1.16,0.96,0.96,0,0.01,432.44,5.42,2982719.74,4.26
5594,"roc",286,62,14,271,-2.18,-1.54,6.28,1.18,0.92,0.93,0.01,0.07,240.85,4.68,1651595.01,3.64
5595,"roc",135,34,14,120,-2.93,-2.06,7.13,1.18,0.92,1,0.01,0,746.84,7.85,4533097.65,5.75
5596,"roc",243,48,14,228,-2.79,-1.81,5.66,1.06,0.98,1,0,0,406.43,6.14,2328890.59,4.66
5597,"roc",240,54,7,232,-2.95,-2.22,7.42,1.84,0.98,1,0,0,635.48,9.26,4232234.38,8.14
5598,"roc",220,45,9,210,-2.96,-2.26,8.82,1.57,0.96,0.95,0,0.01,642.57,9.58,4781190.13,8.09
5599,"roc",192,46,10,181,-3.11,-2.24,11.88,1.83,1,1,0,0,720.05,9.44,6037531.93,8.23
5600,"roc",270,59,10,259,-2.41,-1.63,6.63,1.27,0.94,0.93,0,0.05,588.73,5.1,4841194.06,3.83
5601,"roc",163,39,4,158,-2.67,-1.72,5.24,1.19,0.99,1,0,0,346.01,5.58,2521132.24,4.28
5602,"roc",245,52,17,227,-2.31,-1.62,4.85,0.98,0.98,1,0,0,367.13,5.06,1943045.41,3.35
5603,"roc",295,56,8,286,-3.35,-2.78,7.09,1.62,0.97,0.97,0,0.03,708.15,16.2,5100578.65,14.23
5604,"roc",232,53,8,223,-2.31,-1.8,4.44,1.24,0.97,1,0,0,237.18,6.05,1857014.11,4.83
5605,"roc",232,52,15,216,-2.49,-1.81,6.31,1.24,0.99,1,0,0,320.61,6.08,1982224.16,4.74
5606,"roc",271,60,15,255,-2.59,-2.34,4.22,1.4,1,1,0,0,241.31,10.38,1653549.82,8.68
5607,"roc",233,55,10,222,-2.72,-1.87,5.84,1.36,0.98,1,0,0,414.73,6.49,2426293.97,5.26
5608,"roc",223,44,14,208,-2.8,-1.52,6.95,0.81,0.97,0.97,0,0.02,591.34,4.58,3932665.62,3.17
5609,"roc",225,44,21,203,-2.4,-1.7,5.12,1.24,0.99,1,0,0,361.95,5.51,2450926.81,4.13
5610,"roc",226,49,9,216,-2.93,-2.16,9.87,1.71,0.99,1,0,0,673.34,8.67,5694188.84,7.58
5611,"roc",143,32,8,134,-2.84,-1.8,6.15,1.22,0.96,0.95,0,0.05,649.9,6.06,4154369.94,4.61
5612,"roc",187,40,20,166,-2.65,-1.84,8.21,1.4,0.89,0.88,0.01,0.09,396.27,6.71,2582328.78,5.27
5613,"roc",229,46,8,220,-3.38,-3.03,9.17,1.64,0.96,0.94,0,0.01,709.24,20.61,6031395.28,19.19
5614,"roc",278,52,14,263,-2.49,-2.14,4.89,1.54,0.98,1,0,0,441.91,8.5,3680726.66,6.83
5615,"roc",310,63,14,295,-2.28,-1.46,9.87,1.06,0.97,1,0,0,458.2,4.31,3704332.08,3.11
5616,"roc",210,48,10,199,-2.33,-1.6,5.07,1.33,0.97,1,0,0,294.27,4.92,2110267.1,3.83
5617,"roc",194,40,10,183,-3.15,-2.74,5.95,1.4,0.98,1,0,0,439.17,15.58,2805880.25,13.41
5618,"roc",210,45,8,201,-2.83,-2.05,5.09,1.07,0.97,0.97,0,0.03,348.35,7.77,1226204.34,5.67
5619,"roc",149,39,5,143,-2.8,-1.94,5.25,1.15,0.98,1,0,0,519.29,6.96,3964675.21,5.53
5620,"roc",218,48,16,201,-2.5,-1.74,7.77,1.34,0.95,1,0,0,278.55,5.7,2051762.4,4.67
5621,"roc",259,57,20,238,-2.68,-2.31,6.03,1.72,1,1,0,0,514.04,10.07,3598030.02,8.8
5622,"roc",130,32,10,119,-2.64,-1.46,7.22,1.3,0.95,1,0,0,751.35,4.34,5244744.47,3.24
5623,"roc",278,60,6,271,-2.49,-1.42,7.54,1.19,0.99,1,0,0,286.25,4.14,1760227.36,2.96
5624,"roc",202,42,19,182,-2.32,-1.18,6.91,1.02,0.94,1,0.01,0,298.82,3.28,2316112.64,2.21
5625,"roc",202,42,12,189,-3.11,-1.98,9.94,1.47,0.94,1,0,0,693.48,7.27,4814624.5,5.73
5626,"roc",179,41,6,172,-2.8,-1.6,10.44,1.23,0.94,0.93,0,0.04,618.03,4.95,4670808.85,3.68
5627,"roc",235,55,4,230,-2.98,-2.6,6.84,1.66,0.99,1,0,0,457.82,13.46,3536585.83,11.66
5628,"roc",310,63,12,297,-2.94,-2.2,8.01,1.85,0.99,1,0,0,544.51,9.03,3496318.36,8
5629,"roc",225,47,14,210,-2.46,-1.04,8.59,0.84,0.98,1,0,0,578.1,2.83,4182677.5,1.66
5630,"roc",319,63,11,307,-2.91,-1.5,9.62,1.31,0.93,0.9,0,0.01,610.59,4.48,3816243.63,3.35
5631,"roc",169,39,10,158,-3.12,-2.43,11.55,1.4,0.99,1,0,0,375.12,11.36,2510863.11,10.04
5632,"roc",301,65,8,292,-2.61,-1.98,5.79,1.22,0.96,0.97,0,0.03,313.06,7.24,1961446.02,5.59
5633,"roc",215,49,15,199,-2.5,-1.65,7.19,1.52,1,1,0,0,719.25,5.21,5332925.07,4.18
5634,"roc",266,59,5,260,-2.86,-2.32,6.96,1.62,0.98,0.98,0,0.01,454.89,10.18,3355455.9,8.58
5635,"roc",129,30,9,119,-2.74,-1.78,10.39,1.62,0.97,1,0,0,703.07,5.94,6178111.41,4.93
5636,"roc",280,59,9,270,-2.36,-1.87,4.68,1.14,0.96,1,0,0,378.5,6.49,3043951.82,5
5637,"roc",220,45,8,211,-2.41,-1.89,4.98,1.43,0.98,1,0,0,396.06,6.62,2867048.39,5.17
5638,"roc",299,62,10,288,-2.86,-2,6.54,1.56,0.99,1,0,0,489.41,7.5,3326302.1,6.34
5639,"roc",242,51,9,232,-3.46,-2.84,8.74,2.02,0.98,0.97,0,0.02,891.65,17.12,6050918.57,15.44
5640,"roc",309,67,9,299,-2.63,-1.96,6.04,1.33,0.97,0.98,0,0.02,342.78,7.1,2876544.55,5.43
5641,"roc",173,38,10,162,-2.58,-1.28,8.26,1.22,0.93,0.95,0.01,0.05,830.91,3.62,7115468.44,2.58
5642,"roc",293,68,4,288,-2.42,-1.7,5.63,1.19,0.96,0.94,0,0.01,431.01,5.48,3133033.16,4.13
5643,"roc",242,49,13,228,-3.06,-2.02,8.69,1.32,0.94,0.96,0,0.04,669.79,7.54,4370487.41,6.46
5644,"roc",176,36,22,153,-3.11,-2.75,7.84,1.65,0.97,0.96,0,0.02,651.86,15.66,4441453.82,14.46
5645,"roc",237,52,19,217,-2.64,-2.42,5.8,1.83,0.96,0.98,0,0.02,592.73,11.19,5003924.95,9.77
5646,"roc",247,57,6,240,-2.66,-2.41,5.34,1.4,0.97,1,0,0,403.36,11.13,2683620.63,9.43
5647,"roc",151,36,15,135,-2.65,-1.82,8.66,0.86,0.95,0.94,0,0.04,656.61,6.21,5311085,4.78
5648,"roc",257,54,18,238,-3.07,-1.97,10.55,1.27,0.96,0.96,0,0.03,445.36,7.25,2216840.19,6.09
5649,"roc",275,58,11,263,-2.41,-2.06,4.81,1.33,1,1,0,0,230.82,7.85,1719191.46,6.76
5650,"roc",141,31,4,136,-2.13,-1.17,5.85,0.8,0.8,0.85,0.04,0.15,416.74,3.22,3158173.16,1.84
5651,"roc",236,50,15,220,-2.75,-1.94,6.87,1.09,0.98,1,0,0,520.81,6.94,4026713.12,5.64
5652,"roc",249,59,6,242,-2.89,-2.11,6.81,1.44,1,1,0,0,722.89,8.25,6270042.46,6.82
5653,"roc",280,63,7,272,-3.2,-2.3,11.07,1.81,0.97,0.96,0,0.01,841.38,9.97,6088636.77,8.89
5654,"roc",274,51,18,255,-2.83,-1.85,8.35,1.35,0.99,1,0,0,770.38,6.36,5865450.69,5.13
5655,"roc",212,37,21,190,-2.95,-2.24,7.77,1.9,1,1,0,0,442.35,9.39,2976642.49,8.34
5656,"roc",229,54,13,215,-2.83,-2.25,6.34,1.62,0.96,0.96,0,0.03,660.22,9.48,5245115.04,8
5657,"roc",311,63,18,292,-3.23,-2.66,6.66,1.79,1,1,0,0,345.4,14.3,1870128.17,13.1
5658,"roc",237,54,16,220,-2.78,-2.16,6.15,1.28,1,1,0,0,499.67,8.72,3661277.82,6.85
5659,"roc",207,44,9,197,-2.9,-2.18,7.96,1.57,0.98,1,0,0,756.72,8.93,6297141.25,7.6
5660,"roc",285,61,16,268,-2.46,-1.75,5.64,1.27,0.96,0.97,0,0.03,295.68,5.75,1730779.39,4.56
5661,"roc",333,64,13,319,-2.31,-2,4.88,1.17,0.96,0.97,0,0.03,181.75,7.4,1532628.96,5.83
5662,"roc",151,32,5,145,-2.54,-1.89,6.2,1.4,0.94,1,0.01,0,428.65,6.63,3101104.99,5.39
5663,"roc",284,64,10,273,-2.44,-1.65,5.09,1.19,0.97,0.96,0,0.01,354.53,5.24,2209878.19,3.92
5664,"roc",286,58,14,271,-2.45,-1.51,8.08,0.88,0.98,0.97,0,0.03,452.53,4.53,3363648.02,3.1
5665,"roc",253,55,13,239,-2.22,-1.42,5,1.19,0.92,0.9,0,0.07,304.69,4.14,1887906.7,3.11
5666,"roc",240,50,14,225,-2.7,-1.82,9.1,1.12,1,1,0,0,502.94,6.14,3823210.96,5.1
5667,"roc",228,53,7,220,-2.65,-1.52,7.79,1.13,0.95,1,0.01,0,439.66,4.57,2328785.04,3.45
5668,"roc",291,62,14,276,-2.99,-2.01,8.05,1.51,1,1,0,0,742.21,7.51,4901325.82,6.14
5669,"roc",222,51,11,210,-3.22,-2.32,7.6,1.92,0.98,1,0,0,721.09,10.18,4356211.93,8.93
5670,"roc",323,67,8,314,-2.43,-1.9,6.13,1.08,0.97,1,0,0,279.85,6.69,1726340.08,5.24
5671,"roc",269,63,5,263,-2.49,-1.95,4.52,1.34,0.95,0.96,0,0.04,228.83,7.03,1583965.89,5.57
5672,"roc",278,56,8,269,-2.84,-2.64,5.65,1.6,0.98,0.98,0,0.02,337.81,13.94,1911211.55,12.19
5673,"roc",213,54,5,207,-2.63,-1.9,5.29,1.31,1,1,0,0,352.64,6.68,2056528.69,5.59
5674,"roc",275,61,7,267,-3.02,-1.72,8.66,1.37,1,1,0,0,784.71,5.58,6066969.96,4.47
5675,"roc",249,43,8,240,-3.36,-3.36,5.63,1.91,0.99,1,0,0,580,28.79,4337990.33,25.44
5676,"roc",308,62,23,284,-3.18,-2.2,8.38,1.29,1,1,0,0,680.64,8.98,4325292.99,7.58
5677,"roc",185,41,4,180,-3.04,-2.86,4.61,1.38,1,1,0,0,319.32,17.46,2368142.92,15.07
5678,"roc",231,47,13,217,-2.77,-1.67,9.28,1.09,0.96,0.95,0,0.01,650.28,5.31,5135646.68,3.74
5679,"roc",290,60,5,284,-2.39,-2.02,6.15,1.24,1,1,0,0,352.46,7.58,2647555.09,6.43
5680,"roc",238,54,10,227,-3.24,-2.41,7.91,1.42,0.99,0.99,0,0.01,689.9,11.14,5218319.47,9.36
5681,"roc",199,45,19,179,-1.84,-1,5.53,0.96,0.99,1,0,0,241.84,2.72,2167699.4,1.7
5682,"roc",308,66,17,290,-2.16,-1.27,5.59,1.09,0.86,0.88,0.01,0.1,373.58,3.58,2428310.03,2.52
5683,"roc",184,37,7,176,-2.95,-2.22,7.62,1.59,0.96,0.95,0,0.04,700.82,9.21,5282439.3,7.93
5684,"roc",161,38,9,151,-2.67,-2.38,5.58,1.52,0.91,0.9,0,0.03,578.69,10.86,4946712.3,9.59
5685,"roc",155,37,10,144,-2.39,-1.56,6.34,1.29,0.93,1,0.01,0,436.47,4.76,2799987.29,3.67
5686,"roc",225,49,14,210,-2.75,-1.96,8.07,0.98,0.99,1,0,0,681.26,7.1,4728653.1,5.78
5687,"roc",212,52,9,202,-2.67,-1.84,6.95,1.52,0.99,1,0,0,631.72,6.3,4391255.69,5.22
5688,"roc",240,51,10,229,-2.96,-2.17,9.94,1.39,0.94,0.96,0,0.04,506.52,8.76,3793407.23,7.73
5689,"roc",308,60,20,287,-2.29,-1.15,8.76,1.02,0.94,0.97,0,0.03,688.68,3.16,6195779.92,2.16
5690,"roc",212,45,18,193,-2.28,-1.71,5.78,1.12,0.98,1,0,0,261.77,5.53,2170670.59,4.11
5691,"roc",285,63,9,275,-2.35,-1.61,5.58,1.14,0.99,1,0,0,384.59,5,2855072.25,3.73
5692,"roc",244,53,18,225,-2.42,-1.92,7.62,1.39,0.82,0.76,0.02,0.08,581.72,6.82,5082576.5,5.65
5693,"roc",150,32,6,143,-3.1,-2.04,9.69,1.67,1,1,0,0,551.19,7.73,3458399.85,6.49
5694,"roc",165,38,12,152,-2.68,-1.82,8.27,1.27,0.97,0.97,0,0.03,631.04,6.21,4214368.55,5.04
5695,"roc",205,45,16,188,-2.81,-2.18,6.53,1.55,1,1,0,0,439.37,8.85,1566740.97,7.72
5696,"roc",208,46,5,202,-2.74,-1.81,7.88,1.17,0.96,0.94,0,0.03,616.99,6.11,4584280.95,4.61
5697,"roc",193,44,5,187,-2.89,-1.99,6.29,1.31,0.97,0.95,0,0.02,534.02,7.32,2838857.32,5.92
5698,"roc",217,42,9,207,-2.54,-1.54,7.69,1.17,0.99,1,0,0,542.22,4.69,3642636.97,3.41
5699,"roc",237,44,16,220,-2.63,-1.72,7.53,1.38,1,1,0,0,608.45,5.58,4839347.62,4.53
5700,"roc",188,47,8,179,-2.58,-2.09,6.34,1.35,0.99,1,0,0,302.78,8.08,2114670.55,6.92
5701,"roc",289,64,16,272,-2.54,-1.65,6.74,1.17,0.97,0.98,0,0.01,730.95,5.24,5747238.69,3.72
5702,"roc",130,31,12,117,-2.64,-2.63,5.64,1.48,0.9,0.87,0.01,0.05,353.62,13.87,3104688.11,12.03
5703,"roc",308,60,12,295,-2.48,-1.7,6.58,0.98,0.98,1,0,0,430.2,5.52,3461943.49,4.22
5704,"roc",169,40,19,149,-2.13,-1.11,8.12,1.08,0.89,0.88,0.01,0.04,594.31,3.04,4929542.01,2.02
5705,"roc",258,57,9,248,-3.03,-2.22,8.18,1.7,1,1,0,0,655.39,9.21,4444049.29,7.75
5706,"roc",244,58,16,227,-1.93,-1.07,3.96,1,0.82,0.81,0.01,0.03,191.21,2.92,1688999.22,1.86
5707,"roc",286,61,10,275,-2.52,-1.76,5.58,1.34,0.95,0.94,0,0.02,317.28,5.81,1869567.04,4.58
5708,"roc",328,61,21,306,-3.07,-2.72,6.83,1.58,0.98,1,0,0,311.56,15.18,1804739.52,13.41
5709,"roc",166,32,17,148,-2.46,-1.78,4.57,0.99,1,1,0,0,362.57,5.94,3018464.41,4.18
5710,"roc",275,62,15,259,-3.47,-2.6,10.28,1.85,1,1,0,0,1057.41,13.68,7416205.5,12.38
5711,"roc",233,53,5,227,-3.28,-2.79,6.84,1.56,0.99,1,0,0,766.99,16.28,5376744.42,13.82
5712,"roc",316,59,18,297,-2.98,-2.38,6.53,1.38,0.98,1,0,0,451.22,10.8,3287961.53,9.05
5713,"roc",270,57,8,261,-2.86,-1.89,8.99,1.61,1,1,0,0,851.21,6.62,6535317.82,5.42
5714,"roc",221,45,13,207,-2.52,-1.25,7.54,1.16,0.91,0.89,0.01,0.07,328.23,3.49,2193856.02,2.45
5715,"roc",175,40,20,154,-2.51,-1.6,11.16,1.19,0.98,0.97,0,0.03,331.58,4.98,2475223.84,3.66
5716,"roc",337,65,17,319,-2.78,-1.41,10.02,1.08,0.99,1,0,0,747.22,4.1,5726168.87,3.04
5717,"roc",280,62,17,262,-2.38,-1.54,5.54,1.16,0.99,1,0,0,285.27,4.7,1771649.78,3.42
5718,"roc",189,42,7,181,-2.94,-2.3,8.61,1.7,0.96,1,0,0,619.59,9.93,4211745.19,8.66
5719,"roc",293,52,13,279,-3.01,-2.14,8.73,1.27,0.98,1,0,0,864.46,8.57,6386057,6.96
5720,"roc",307,65,6,300,-2.79,-1.77,8.3,1.25,0.98,0.98,0,0.01,677,5.87,4964542.44,4.45
5721,"roc",203,45,8,194,-2.41,-1.68,6.15,1.2,0.96,0.96,0,0.04,283.83,5.37,2171490.89,3.98
5722,"roc",267,54,14,252,-2.7,-2.18,5.66,1.37,0.99,1,0,0,337.07,8.9,2203275.03,7.62
5723,"roc",244,51,15,228,-2.55,-1.69,7.64,1.31,1,1,0,0,568.34,5.42,4545611.26,4.38
5724,"roc",186,40,12,173,-3.16,-2.55,7.91,1.58,0.95,0.94,0,0.02,605.49,12.81,4718183.15,11.52
5725,"roc",182,42,11,170,-3.01,-1.88,10.85,1.34,0.99,1,0,0,963.04,6.56,7145230.08,4.99
5726,"roc",246,59,12,233,-2.84,-1.95,8.85,1.27,0.99,1,0,0,612.59,7.03,4507043.63,5.58
5727,"roc",255,52,13,241,-2.86,-1.98,7.02,1.61,0.99,1,0,0,545.69,7.27,3926042.65,6.04
5728,"roc",267,54,13,253,-2.08,-1.63,4.13,0.91,0.97,0.96,0,0.03,218.88,5.13,1819971.23,3.52
5729,"roc",299,65,5,293,-3.08,-2.19,7.51,1.73,0.98,0.97,0,0.02,601.81,8.94,3532349.34,7.78
5730,"roc",170,41,7,162,-2.31,-1.5,7.67,1.25,0.91,1,0.01,0,546.73,4.48,4621680.74,3.46
5731,"roc",205,45,9,195,-2.94,-1.99,7.62,1.31,0.99,1,0,0,556.46,7.32,3175101.31,5.97
5732,"roc",308,63,19,288,-2.33,-1.11,7.74,0.91,0.94,0.95,0,0.02,543.52,3.03,4301070.68,1.87
5733,"roc",233,50,13,219,-2.96,-2.74,4.91,1.54,0.98,1,0,0,325.06,15.57,2033616.65,14.03
5734,"roc",206,39,10,195,-2.76,-2.03,7.7,1.42,0.94,0.95,0,0.05,584.54,7.61,4837671.08,6.27
5735,"roc",269,58,14,254,-2.68,-1.67,8.82,1.31,0.99,1,0,0,658.38,5.33,4981991.64,4.21
5736,"roc",307,68,12,294,-2.6,-1.49,7.94,1.29,0.97,1,0,0,610.5,4.44,5375282.93,3.36
5737,"roc",251,55,14,236,-2.86,-2.17,8.69,1.63,0.95,0.95,0,0.05,656.38,8.76,5161554.78,7.46
5738,"roc",213,47,10,202,-2.75,-2.34,7.9,1.65,0.99,1,0,0,429.5,10.38,2883408.1,9.08
5739,"roc",268,55,21,246,-2.21,-1.37,5.81,1.07,0.99,0.98,0,0.02,311.81,3.94,2110966.49,2.91
5740,"roc",215,47,14,200,-2.59,-1.73,5.69,1.26,0.98,1,0,0,355.69,5.64,2175086.12,4.36
5741,"roc",178,39,12,165,-3.15,-2.69,7.67,1.97,0.99,1,0,0,744.03,14.73,5707063.32,13.18
5742,"roc",277,56,10,266,-2.9,-2.22,6.79,1.52,0.96,0.96,0,0.04,501.07,9.32,3493087.54,7.8
5743,"roc",135,31,9,125,-2.61,-1.38,9.47,1.2,0.98,1,0,0,726.56,3.97,4312333.56,2.95
5744,"roc",265,53,12,252,-2.45,-1.65,5.89,0.81,0.93,0.91,0,0.03,543.79,5.21,3836341.02,3.58
5745,"roc",262,47,16,245,-3.43,-2.62,6.87,1.48,0.99,1,0,0,815.83,13.74,6063026.16,11.54
5746,"roc",203,44,6,196,-3.07,-1.84,9.6,1.48,0.98,0.99,0,0.01,869.1,6.44,6435888.67,5.34
5747,"roc",194,40,5,188,-3.09,-1.77,7.54,1.54,0.97,0.96,0,0.04,526.4,5.92,2812921.96,4.87
5748,"roc",350,71,15,334,-2.64,-1.95,5.68,1.3,0.99,1,0,0,445.1,7.03,3005595.86,5.72
5749,"roc",265,54,11,253,-3.42,-2.56,8.77,1.69,0.9,0.9,0,0.02,829.29,13.04,5379650.31,11.14
5750,"roc",158,37,8,149,-2.66,-1.74,6.13,0.81,0.98,1,0,0,346.6,5.7,2628489.62,3.6
5751,"roc",321,73,15,305,-2.24,-1.4,5.86,1.11,0.96,0.97,0,0.03,263.58,4.06,1518909.54,3.03
5752,"roc",254,57,5,248,-3.55,-2.72,8.17,2.4,1,1,0,0,729.86,15.18,3874741.19,14.15
5753,"roc",274,53,9,264,-3.81,-3.28,9.14,2.21,0.99,1,0,0,831.55,26.58,5182570.03,25
5754,"roc",211,46,7,203,-2.76,-2.2,6.98,1.21,0.97,1,0,0,280.53,9.07,2119511.96,7.46
5755,"roc",279,65,7,271,-1.78,-0.97,5.83,0.89,0.98,0.97,0,0.02,328.69,2.64,1922271.07,1.63
5756,"roc",323,67,12,310,-2.16,-1.64,4.24,1.1,0.89,0.89,0.01,0.11,314.92,5.16,2454231.54,3.82
5757,"roc",221,45,14,206,-2.6,-1.84,8.09,1.36,1,1,0,0,423.56,6.3,2737962.65,5.24
5758,"roc",223,45,11,211,-3.51,-3.22,12.06,1.91,0.99,1,0,0,671.33,25.03,4484271.17,23.96
5759,"roc",304,58,24,279,-2.94,-2.41,7.85,1.28,0.99,1,0,0,637.51,11.14,4343533.46,9.71
5760,"roc",240,55,10,229,-2.73,-1.36,10.05,0.94,0.99,1,0,0,831.74,3.9,6180694.48,2.47
5761,"roc",254,59,7,246,-2.57,-2.27,4.66,1.23,0.99,1,0,0,289.45,9.68,1841842.09,8.43
5762,"roc",295,61,23,271,-2.87,-2.11,6.05,1.5,0.99,0.98,0,0.01,466.64,8.25,2337791.14,6.91
5763,"roc",270,53,18,251,-3.32,-2.52,11,1.64,0.98,0.98,0,0.02,660.18,12.43,4628686.76,10.94
5764,"roc",220,50,13,206,-2.87,-1.7,8.82,1.36,1,1,0,0,545.59,5.48,3971315.15,4.41
5765,"roc",271,54,16,254,-2.53,-2.02,6.69,1.21,0.97,0.97,0,0.03,559.31,7.56,4849929.81,5.99
5766,"roc",257,56,7,249,-2.93,-2.04,8.82,1.65,0.97,0.96,0,0.02,597.41,7.74,4110461.91,6.6
5767,"roc",234,49,9,224,-2.84,-1.46,9.39,1.16,0.96,1,0,0,660.15,4.31,4756479.58,3.11
5768,"roc",260,57,14,245,-2.43,-1.33,6.74,1.19,0.99,1,0,0,443.71,3.78,3498669.71,2.77
5769,"roc",302,65,11,290,-2.62,-2.03,5.9,1.28,0.94,0.94,0,0.02,500.8,7.61,4373091.91,5.86
5770,"roc",204,40,10,193,-2.62,-1.95,5.8,1.47,0.89,0.88,0.01,0.05,340.44,7.08,1062769.33,5.59
5771,"roc",211,46,8,202,-2.96,-2.68,6.52,1.37,0.98,0.98,0,0.02,320.69,14.77,2170543.41,13.45
5772,"roc",286,62,12,273,-2.62,-2.12,6.88,1.3,0.99,1,0,0,448.33,8.5,3472764.15,7.12
5773,"roc",203,39,5,197,-3.07,-2.46,6.62,1.7,0.95,0.96,0,0.04,633.53,11.7,4106275.07,10.4
5774,"roc",337,65,17,319,-2.17,-1.55,5.43,1.09,0.98,1,0,0,352.6,4.71,2984785.29,3.54
5775,"roc",208,44,8,199,-3.44,-2.42,10.31,2.01,0.98,1,0,0,987.23,11.34,6696887.05,10.02
5776,"roc",176,40,9,166,-2.87,-1.98,7.46,1.47,0.97,0.97,0,0.02,760.48,7.52,6145673.84,6.49
5777,"roc",207,50,7,199,-2.4,-1.58,6.94,1.24,0.99,1,0,0,550.52,4.88,4103214.61,3.65
5778,"roc",239,52,15,223,-2.6,-2.12,4.55,1.33,0.96,0.96,0,0.03,259.03,8.29,1910483.62,6.77
5779,"roc",281,62,15,265,-2.73,-1.65,8.11,1.29,1,1,0,0,442.59,5.23,2344182.17,4.02
5780,"roc",204,41,15,188,-2.8,-2.42,6.67,1.75,1,1,0,0,655.94,11.25,4837058.42,9.97
5781,"roc",282,55,11,270,-2.7,-2.23,7.02,1.6,0.97,1,0,0,421.14,9.3,3487838.56,8.02
5782,"roc",281,62,6,274,-3.04,-2.62,5.2,1.35,0.99,1,0,0,470.07,13.73,2451147.05,11.72
5783,"roc",235,57,5,229,-2.71,-2.28,4.68,1.34,0.94,0.91,0,0.03,233.75,9.78,598604.55,7.94
5784,"roc",228,49,5,222,-3.25,-2.45,8.13,1.57,1,1,0,0,549.75,11.59,3951318.03,10.27
5785,"roc",171,34,10,160,-3.02,-2.33,6.78,1.62,0.97,1,0,0,501.15,10.23,3099362.2,8.63
5786,"roc",180,38,15,164,-2.76,-1.9,7.18,1.23,0.99,1,0,0,432.76,6.72,2704198.07,5.37
5787,"roc",329,61,20,308,-3.63,-2.56,11.55,1.54,0.99,0.98,0,0.01,1199.74,12.94,8487340.34,11.26
5788,"roc",247,44,7,239,-3.56,-2.44,9.57,1.49,0.96,0.96,0,0.04,1106.78,11.44,8356647.86,9.68
5789,"roc",323,76,11,311,-3.21,-2.42,8.87,1.9,0.99,1,0,0,716.89,11.3,4959299.97,10.26
5790,"roc",282,54,10,271,-3.62,-2.66,7.3,1.5,0.99,1,0,0,885.05,14.37,5587357.55,12.34
5791,"roc",243,50,23,219,-3.16,-2.34,7.99,1.83,0.99,1,0,0,722.3,10.33,4166960.53,9.25
5792,"roc",281,56,7,273,-2.38,-1.84,6.6,1.26,0.98,1,0,0,309,6.26,2007270.59,5.06
5793,"roc",211,47,9,201,-2.5,-1.89,5.79,1.11,0.99,1,0,0,480.27,6.62,4065317.21,5.02
5794,"roc",268,58,13,254,-2.96,-2.16,7.94,1.42,0.98,1,0,0,612.96,8.72,4699986.65,7.38
5795,"roc",204,45,12,191,-2.74,-2.41,7.82,1.34,0.99,1,0,0,605.38,11.13,4651379.82,9.51
5796,"roc",276,60,8,267,-2.49,-1.42,9.28,1.11,0.97,0.96,0,0.02,642.14,4.14,4955570.85,2.96
5797,"roc",205,47,8,196,-2.41,-1.61,8.68,1.27,0.97,1,0,0,657.15,5,5952034.72,3.86
5798,"roc",189,39,17,171,-2.67,-1.35,9.17,1.02,0.93,0.9,0,0.04,364.07,3.86,2511979.82,2.86
5799,"roc",200,44,17,182,-2.68,-1.95,6.26,1.56,0.99,1,0,0,368.75,7.03,2366290.99,5.71
5800,"roc",172,38,10,161,-3.37,-2.46,9.04,1.75,0.95,0.95,0,0.04,932.54,11.87,7160456.61,10.56
5801,"roc",248,49,11,236,-3.46,-2.89,8.31,1.96,0.98,0.97,0,0.02,954.69,17.99,6472118.83,16.48
5802,"roc",221,50,10,210,-2.7,-1.97,5.89,1.31,0.96,0.95,0,0.03,501.66,7.18,3123999.57,5.96
5803,"roc",241,51,7,233,-2.74,-1.85,6.74,1.26,0.99,1,0,0,444.3,6.36,3743324.26,5.11
5804,"roc",184,40,13,170,-2.33,-1.48,6.68,1.4,0.87,0.83,0.01,0.06,373.77,4.37,2611418.16,3.37
5805,"roc",264,59,9,254,-2.91,-2.2,8.78,1.72,0.96,0.96,0,0.04,516.56,9.03,3425865.03,7.94
5806,"roc",266,67,4,261,-2.18,-1.56,4.38,1.16,0.92,0.89,0,0.01,209.71,4.76,1477753.29,3.6
5807,"roc",201,50,9,191,-2.41,-1.4,8.25,0.92,0.93,0.91,0,0.02,549.22,4.04,4053000.76,3.04
5808,"roc",217,41,16,200,-2.57,-1.91,7.57,1.17,0.86,0.85,0.02,0.15,326.36,6.75,2400405.03,5.03
5809,"roc",235,48,11,223,-2.41,-1.08,9.11,0.94,0.94,1,0,0,581.93,2.96,4346388.25,1.9
5810,"roc",183,33,16,166,-2.69,-1.87,8.33,1.56,1,1,0,0,376.19,6.49,2926665.73,5.33
5811,"roc",299,65,13,285,-2.89,-2.33,5.45,1.62,0.97,1,0,0,342.29,10.28,2198917.5,9.25
5812,"roc",150,35,4,145,-3.36,-2.39,8.48,1.45,0.97,0.96,0,0.02,1005.87,10.91,7838861,9.24
5813,"roc",281,53,15,265,-2.81,-2.31,7.13,1.49,0.99,1,0,0,384.39,10.07,2612916.4,8.47
5814,"roc",301,68,6,294,-2.3,-1.41,6.07,0.97,0.78,0.74,0.02,0.05,401.97,4.1,2990985.16,2.88
5815,"roc",354,76,16,337,-2.42,-1.44,6.31,1.31,1,1,0,0,398.16,4.24,2808406.18,3.21
5816,"roc",201,46,5,195,-2.65,-1.77,6.5,1.22,0.96,1,0,0,652.79,5.88,4384315.42,4.47
5817,"roc",200,42,6,193,-2.81,-1.7,6.87,1.07,0.97,1,0,0,669.47,5.51,5239902.39,4.46
5818,"roc",248,53,19,228,-2.04,-1.39,4.71,1.08,0.97,0.97,0,0.02,390.42,4.01,3621673.5,2.94
5819,"roc",221,47,13,207,-3.13,-1.95,6.96,1.08,0.97,0.95,0,0.01,505.8,7.03,2434347.94,5.08
5820,"roc",221,47,17,203,-2.75,-1.69,6.82,1.39,0.99,1,0,0,384.84,5.42,2212602.97,4.26
5821,"roc",303,63,18,284,-2.34,-1.4,8.06,1.06,0.93,0.94,0,0.06,427.12,4.06,3320996.95,2.97
5822,"roc",256,48,8,247,-3.85,-3.56,8.19,1.71,1,1,0,0,1030.1,35.23,7632347.77,33.45
5823,"roc",210,46,13,196,-2.61,-1.44,11.57,1.12,0.99,1,0,0,526.1,4.28,3360449.28,2.94
5824,"roc",189,44,13,175,-3.17,-2.32,10.34,1.7,0.98,0.99,0,0.01,792.01,10.24,6284616.89,8.96
5825,"roc",268,55,14,253,-2.27,-1.82,4.77,1.12,0.98,1,0,0,255.78,6.17,1863721.51,4.33
5826,"roc",187,38,16,170,-2.79,-2.02,9.25,1.24,0.96,0.94,0,0.02,820.76,7.54,7226021.35,6.51
5827,"roc",162,39,12,149,-2.49,-1.57,8.9,1,0.95,1,0.01,0,576.42,4.81,4877358.37,3.73
5828,"roc",281,60,14,266,-2.37,-1.78,5.9,1.4,0.88,0.86,0.01,0.05,239.12,5.9,1659246.04,4.71
5829,"roc",247,49,12,234,-2.33,-1.47,5.56,1.26,0.93,0.93,0,0.07,252.18,4.35,1991687.9,3.19
5830,"roc",159,40,9,149,-2.25,-1.76,3.11,1.05,0.85,0.82,0.01,0.06,179.2,5.84,927219.17,3.89
5831,"roc",202,46,7,194,-2.6,-1.89,5.84,1.19,0.91,0.89,0.01,0.06,600.56,6.64,4026939.38,4.96
5832,"roc",257,57,5,251,-2.45,-1.78,6.62,1.28,1,1,0,0,545.92,5.93,4897731.81,4.91
5833,"roc",188,43,4,183,-3.17,-2.01,10.69,1.49,0.98,1,0,0,943.5,7.46,5821509.43,5.86
5834,"roc",262,58,15,246,-2.74,-1.54,8.64,1.4,0.98,0.98,0,0.02,748.3,4.66,6357017.47,3.53
5835,"roc",271,58,11,259,-2.66,-1.68,7.31,1.46,0.99,1,0,0,373.21,5.43,2135242.48,4.42
5836,"roc",277,60,10,266,-2.99,-1.98,7.79,1.53,0.98,0.98,0,0.02,586.98,7.28,3641697.44,6.07
5837,"roc",259,56,11,247,-2.25,-1.43,5.31,1.19,0.93,0.9,0,0.02,278.57,4.18,1860549.25,3.08
5838,"roc",161,35,6,154,-3.3,-2.69,6.84,1.49,0.98,1,0,0,651.47,14.73,3707122.02,13.48
5839,"roc",251,54,8,242,-2.55,-1.86,5.26,1.29,1,1,0,0,299.97,6.51,1878797.55,5.1
5840,"roc",211,48,9,201,-3.23,-2.6,8.74,1.74,0.97,0.96,0,0.02,825.1,13.48,6275244.32,12.08
5841,"roc",246,51,8,237,-3.67,-2.25,11.99,1.73,0.99,1,0,0,1422.66,9.49,9565208.53,8.44
5842,"roc",303,67,14,288,-2.24,-1.59,5.53,1.14,0.98,1,0,0,283.13,4.9,1888535.97,3.65
5843,"roc",191,39,8,182,-2.89,-1.74,10.01,1.28,0.98,1,0,0,946.65,5.7,7479326.47,4.38
5844,"roc",256,51,8,247,-2.6,-2.11,4.16,1.31,0.93,0.92,0,0.04,242.71,8.25,1920693.47,6.97
5845,"roc",298,64,14,283,-2.59,-1.83,6.29,1.22,1,1,0,0,520.32,6.23,3435701.36,4.81
5846,"roc",251,48,9,241,-2.62,-1.83,6.68,1.25,0.89,0.85,0.01,0.03,435.01,6.2,3062205.8,5.03
5847,"roc",279,61,15,263,-2.87,-2.16,9.44,1.4,1,1,0,0,701.42,8.67,5271460.94,7.31
5848,"roc",231,50,11,219,-2.81,-2.05,7.67,1.44,0.96,0.98,0,0.02,489.81,7.81,3332219.27,6.29
5849,"roc",240,50,14,225,-3.03,-3.14,6.01,1.57,1,1,0,0,520.21,23.12,3154009.73,21.27
5850,"roc",241,49,10,230,-3.42,-2.47,10.33,1.76,0.94,0.93,0,0.06,1088.28,11.82,7643492.02,10.68
5851,"roc",170,38,4,165,-2.87,-2.04,7.83,1.41,0.96,0.96,0,0.02,473.31,7.74,3044904.84,6.29
5852,"roc",282,56,21,260,-2.57,-1.33,7.14,1.26,1,1,0,0,711.94,3.76,5229468.85,2.76
5853,"roc",193,44,9,183,-2.61,-1.82,8.28,1.3,0.98,1,0,0,354.8,6.2,2471185.99,4.6
5854,"roc",224,44,16,207,-2.94,-1.97,6.25,1.43,1,1,0,0,349.23,7.19,2221195.52,5.5
5855,"roc",201,44,8,192,-3.2,-1.7,9.59,1.45,1,1,0,0,1237.04,5.52,8604040.11,4.43
5856,"roc",227,45,9,217,-2.58,-1.71,6.46,1.39,0.93,0.91,0,0.02,399.88,5.53,2727438.08,4.44
5857,"roc",180,38,20,159,-2.26,-1.04,8.97,0.95,0.98,1,0,0,581.84,2.84,4959591.61,1.77
5858,"roc",199,41,14,184,-2.28,-1.71,4.35,0.97,0.93,1,0.01,0,298.25,5.53,1699703.99,4.05
5859,"roc",210,51,9,200,-2.34,-1.59,6.69,1.26,0.95,0.94,0,0.03,625.12,4.9,4964742.57,3.68
5860,"roc",266,55,14,251,-2.73,-1.7,6.53,0.98,0.96,0.94,0,0.02,386.19,5.47,2636335.67,3.98
5861,"roc",315,68,23,291,-2.58,-1.36,7.84,1.17,1,1,0,0,490.45,3.88,3391945.62,2.74
5862,"roc",260,55,21,238,-2.07,-1.1,5.02,0.75,0.96,0.96,0,0.01,250.54,3,1827794.02,1.6
5863,"roc",165,42,4,160,-2.81,-2.51,5.17,1.26,0.99,1,0,0,431.64,12.32,2785613.26,9.44
5864,"roc",250,58,12,237,-2.23,-1.49,4.75,1.1,0.96,1,0,0,263.46,4.44,1738811.35,3.25
5865,"roc",194,44,9,184,-2.57,-1.96,4.65,1.27,0.97,1,0,0,288.29,7.14,2213570.26,5.88
5866,"roc",201,44,11,189,-2.74,-2.01,6.02,1.33,0.99,1,0,0,531.46,7.5,3551954.43,5.97
5867,"roc",159,35,18,140,-2.89,-1.38,12.76,0.9,0.93,0.92,0.01,0.04,697.65,3.97,5404817.53,2.39
5868,"roc",246,44,18,227,-3.57,-2.75,9.38,1.69,0.98,1,0,0,856.31,15.66,6349591.33,13.86
5869,"roc",258,52,20,237,-2.49,-1.27,11.12,1.19,0.97,0.98,0,0.02,468.65,3.57,3694533.35,2.54
5870,"roc",179,37,17,161,-2.94,-2.25,8.78,1.63,0.98,1,0,0,495.25,9.49,3211881.98,7.86
5871,"roc",244,52,18,225,-2.67,-1.67,7.37,1.19,1,1,0,0,614.95,5.32,5402919.97,3.77
5872,"roc",247,49,10,236,-3.62,-2.77,11.27,1.78,0.98,1,0,0,1115.41,15.96,8883662.82,14.31
5873,"roc",345,66,16,328,-2.86,-2.42,6.17,1.57,0.99,0.98,0,0.01,464.3,11.26,3076648.74,9.85
5874,"roc",199,41,17,181,-1.9,-1.06,7.89,0.99,0.87,0.84,0.02,0.14,334.36,2.89,2572736.07,1.82
5875,"roc",119,27,5,113,-3.64,-2.65,8.76,1.19,0.98,1,0,0,814.01,14.15,4994315.87,10.52
5876,"roc",189,37,15,173,-2.89,-2,5.19,1.34,0.99,1,0,0,195.07,7.39,151993.27,6.05
5877,"roc",226,47,17,208,-2.71,-1.45,6.87,1.3,0.93,0.93,0,0.06,537.37,4.26,4062411.78,3.23
5878,"roc",217,52,9,207,-2.4,-1.67,7.77,1.38,0.96,0.96,0,0.02,343.89,5.34,2182503.68,4.08
5879,"roc",226,48,17,208,-2.16,-1.42,6.1,1.14,0.99,1,0,0,481.75,4.16,3664365.43,3.13
5880,"roc",232,49,10,221,-2.47,-2.07,5.13,1.5,0.99,1,0,0,298.18,7.92,2126911.1,6.2
5881,"roc",288,70,7,280,-2.7,-1.76,6.78,1.54,0.98,1,0,0,437.29,5.84,2930313.65,4.83
5882,"roc",235,51,10,224,-2.47,-1.75,6.55,1.36,0.97,1,0,0,490.81,5.75,3081641.05,4.45
5883,"roc",295,59,14,280,-2.39,-1.2,8.98,1.18,0.9,0.85,0.01,0.05,530.6,3.32,3648389.16,2.31
5884,"roc",290,60,8,281,-2.48,-2.06,5.92,1.33,1,1,0,0,216.61,7.85,1641860.27,6.65
5885,"roc",292,67,10,281,-1.94,-1.49,3.96,1.11,0.95,0.95,0,0.02,184.45,4.44,1477806.98,3.18
5886,"roc",174,43,9,164,-2.37,-1.36,7.27,0.89,0.96,0.96,0,0.02,758.55,3.9,5117240.97,2.56
5887,"roc",224,49,15,208,-2.5,-1.76,7.23,1.26,0.98,1,0,0,653.41,5.81,5432023.33,4.6
5888,"roc",300,66,17,282,-2.87,-1.86,11,1.42,0.95,1,0,0,798.73,6.43,5886165.57,5.17
5889,"roc",237,57,4,232,-2.6,-1.86,6.15,1.47,0.99,1,0,0,395.6,6.42,2166022.17,5.19
5890,"roc",277,55,26,250,-2.83,-2.27,6.8,1.23,0.98,1,0,0,448.19,9.68,2505718.3,7.88
5891,"roc",232,51,11,220,-3.01,-2.58,5.92,1.53,0.98,1,0,0,412.33,13.2,2352085.19,11.57
5892,"roc",299,59,15,283,-2.81,-2.29,6.11,1.58,1,1,0,0,371.63,9.87,2240897.54,8.47
5893,"roc",226,49,5,220,-3.41,-2.46,11.33,1.93,1,1,0,0,945.7,11.7,7410525.36,10.4
5894,"roc",191,43,10,180,-2.91,-2.71,5.99,1.19,0.99,1,0,0,322.28,15.03,2310701.82,12.95
5895,"roc",185,40,13,171,-2.4,-1.42,8.35,1.04,0.99,1,0,0,328.27,4.16,2500707.76,2.89
5896,"roc",316,63,29,286,-2.14,-1.07,5.96,0.91,0.81,0.74,0.02,0.09,329.93,2.92,1339001.82,1.88
5897,"roc",254,54,14,239,-2.12,-1.23,4.57,1.03,0.95,0.96,0,0.04,249.58,3.44,1825110.17,2.4
5898,"roc",219,44,15,203,-2.66,-1.8,5.53,1.36,0.95,0.94,0,0.03,310.95,6.04,2242375.43,4.62
5899,"roc",294,64,12,281,-2.67,-2.02,5.6,1.42,0.99,1,0,0,325.56,7.54,1827423.02,6.17
5900,"roc",226,48,7,218,-2.64,-1.92,7.9,1.03,0.95,0.97,0,0.03,705.01,6.82,5861768.93,5.52
5901,"roc",268,57,14,253,-2.9,-2.58,6.83,1.53,0.98,1,0,0,531.86,13.2,3635840.08,12.15
5902,"roc",228,49,15,212,-2.57,-1.85,8.08,1.17,0.97,1,0,0,690.26,6.36,5731486.68,5.11
5903,"roc",282,59,19,262,-2.86,-2.13,7.87,1.75,0.99,1,0,0,439.67,8.41,3272830.65,7.18
5904,"roc",228,55,5,222,-2.69,-1.63,9.72,1.1,0.98,1,0,0,652.87,5.1,5248486.55,3.68
5905,"roc",312,73,7,304,-2.45,-1.31,6.59,1.21,0.99,1,0,0,438.69,3.71,2319852.01,2.71
5906,"roc",236,54,4,231,-2.81,-2.19,5.79,1.68,0.99,1,0,0,443.77,9.06,2710262.85,7.94
5907,"roc",289,59,10,278,-2.88,-2.43,5.35,1.42,1,1,0,0,396.3,11.36,2600357.74,10
5908,"roc",245,41,8,236,-4.28,-3.23,13.31,1.97,0.89,0.93,0.01,0.07,1112.06,25.28,6914753.55,23.51
5909,"roc",182,39,11,170,-2.68,-1.56,9.31,1.17,0.96,0.94,0,0.02,518.8,4.76,4105640.59,3.41
5910,"roc",299,60,15,283,-2.88,-2.1,7.56,1.31,1,1,0,0,630.35,8.16,4022030.7,6.93
5911,"roc",240,55,12,227,-2.61,-1.96,8.22,1.47,0.99,1,0,0,612.21,7.1,5124158.91,5.82
5912,"roc",270,60,12,257,-2.39,-1.55,6.42,1.08,0.98,1,0,0,392.63,4.71,3229089.96,3.2
5913,"roc",288,60,13,274,-2.48,-1.91,5.09,1.1,0.97,1,0,0,402.06,6.77,2817869.55,5.58
5914,"roc",343,76,18,324,-2.75,-2.23,7.03,1.53,0.99,1,0,0,332.2,9.32,1757767.2,8.2
5915,"roc",295,50,25,269,-3.47,-2.13,8.71,1.54,1,1,0,0,1024.29,8.42,6244558.14,7.19
5916,"roc",149,38,4,144,-3.06,-2.73,7.45,1.7,0.97,0.97,0,0.03,805.55,15.34,6401374.28,13.69
5917,"roc",264,57,10,253,-2.11,-1.49,5.34,1.1,0.92,0.9,0,0.02,394.81,4.44,3375401.79,3.01
5918,"roc",234,56,11,222,-2.48,-1.98,5.77,1.36,1,1,0,0,447.74,7.28,3467645.1,5.95
5919,"roc",212,48,6,205,-2.73,-1.98,5.42,1.27,1,1,0,0,402.49,7.21,2333905.86,5.58
5920,"roc",278,60,6,271,-2.77,-2.28,7.26,1.42,0.99,1,0,0,546.86,9.81,4568205.26,8.34
5921,"roc",309,69,12,296,-2.61,-1.9,5.43,1.3,0.98,0.98,0,0.02,404.22,6.69,2354215.96,5.15
5922,"roc",271,54,12,258,-3.1,-2.41,8.4,1.81,1,1,0,0,700.35,11.09,4673398.12,9.74
5923,"roc",212,46,14,197,-1.9,-1.44,3.41,0.97,0.94,0.95,0,0.05,232,4.2,2120914.13,2.94
5924,"roc",268,56,15,252,-2.56,-2.01,4.95,1.28,0.92,0.96,0.01,0.05,287.55,7.46,1816909.9,5.93
5925,"roc",352,76,27,324,-2.76,-2,6.63,1.59,1,1,0,0,462.82,7.42,3218853.84,6.26
5926,"roc",203,47,11,191,-2.57,-1.38,9.45,1,0.99,1,0,0,950.32,3.97,7953090.34,2.97
5927,"roc",168,35,13,154,-3.33,-2.3,9.18,1.18,0.97,0.97,0,0.03,858.06,9.97,6245350.28,8.42
5928,"roc",242,46,9,232,-2.64,-1.66,9.01,1,0.99,1,0,0,526.07,5.31,4199459.85,4.12
5929,"roc",200,44,8,191,-2.53,-1.63,8.75,1,0.92,0.87,0.01,0.04,697.38,5.11,6332775.68,3.48
5930,"roc",192,43,7,184,-2.62,-1.89,4.27,1.07,0.93,0.94,0,0.06,270.72,6.62,1710263.46,4.94
5931,"roc",210,48,11,198,-2.87,-1.85,9.6,1.1,0.99,1,0,0,837.14,6.37,6867358.84,5.16
5932,"roc",286,59,26,259,-2.96,-1.93,7.82,1.6,0.98,1,0,0,723.19,6.89,5180730.02,5.87
5933,"roc",190,40,14,175,-2.89,-1.64,8.08,1.35,1,1,0,0,760.55,5.28,5089171.86,4.2
5934,"roc",169,34,17,151,-3.03,-1.86,8.54,1.32,0.98,1,0,0,1044.02,6.44,7113836.88,5.01
5935,"roc",216,45,20,195,-3.42,-2.08,11.22,1.4,0.99,1,0,0,1197.56,8,9289873.77,6.4
5936,"roc",221,44,14,206,-2.68,-1.92,5.09,1.16,1,1,0,0,309.6,6.86,2212082.73,5.18
5937,"roc",214,50,6,207,-2.49,-1.95,5.4,1.12,0.92,0.91,0,0.02,389.93,7.03,2825214.73,5.25
5938,"roc",210,46,8,201,-2.35,-1.57,6.03,1.33,0.98,0.98,0,0.02,627.22,4.9,5249822.99,3.86
5939,"roc",217,52,5,211,-2.54,-1.89,5.37,1.1,0.98,1,0,0,439.74,6.64,3687926.18,5.49
5940,"roc",202,45,7,194,-2.92,-2.28,6.45,1.43,0.97,0.97,0,0.03,514.86,9.78,2942675.34,8.35
5941,"roc",195,45,16,178,-2.3,-1.13,9.37,0.96,0.84,0.9,0.03,0.1,579.23,3.1,4088856.09,2.05
5942,"roc",266,55,14,251,-2.62,-2.15,8.31,1.57,0.98,0.98,0,0.02,589.64,8.58,5121186.55,7.43
5943,"roc",257,50,16,240,-3.04,-1.8,10.16,1.48,0.99,1,0,0,582.25,6.03,3382985.98,4.81
5944,"roc",302,70,10,291,-2.8,-1.81,8.05,1.41,0.98,1,0,0,591.26,6.08,4135123.97,4.82
5945,"roc",268,57,7,260,-3.49,-2.65,9.62,1.98,1,1,0,0,1046.24,14.15,7063361.05,12.64
5946,"roc",209,46,17,191,-2.43,-1.68,7.01,1.25,0.97,0.97,0,0.03,356.13,5.4,2577703.22,4.32
5947,"roc",197,40,17,179,-2.36,-1.06,8.47,0.67,1,1,0,0,603.89,2.9,4759876.31,1.61
5948,"roc",159,39,4,154,-3.09,-1.67,11.37,0.94,1,1,0,0,1358.06,5.31,10267774.49,3.73
5949,"roc",303,65,16,286,-2.49,-1.87,5.94,1.15,0.99,0.98,0,0.01,518.43,6.49,4385839.42,5.04
5950,"roc",225,48,9,215,-3.46,-2.54,10.02,1.39,1,1,0,0,898.11,12.62,6412352.43,11.31
5951,"roc",208,47,16,191,-2.67,-1.66,10,1.32,0.93,0.95,0,0.05,593.77,5.26,4654224.81,3.95
5952,"roc",288,63,7,280,-2.96,-2.17,7.59,1.52,1,1,0,0,730.51,8.76,5666754.06,7.74
5953,"roc",202,42,13,188,-2.73,-1.96,8.79,1.47,0.99,1,0,0,575.6,7.06,4120677.5,5.86
5954,"roc",316,67,8,307,-2.78,-2.04,7.78,1.53,0.97,0.97,0,0.02,769.46,7.69,6232942.92,6.41
5955,"roc",228,47,16,211,-3.13,-2.03,7.44,1.69,1,1,0,0,578.32,7.61,2871506.66,6.59
5956,"roc",266,48,15,250,-3.6,-2.56,10.07,1.66,1,1,0,0,892.16,13.07,5245889.16,11.22
5957,"roc",290,60,15,274,-2.74,-1.83,8.28,1.22,0.94,0.93,0,0.04,668.69,6.2,5236002.6,4.96
5958,"roc",347,72,19,327,-2.91,-2.1,6.84,1.25,0.97,0.97,0,0.03,385.31,8.22,1839655.5,6.54
5959,"roc",256,53,5,250,-2.96,-2.59,6.81,1.72,0.99,1,0,0,358.98,13.33,2052452.15,12.06
5960,"roc",162,38,20,141,-2.87,-1.08,13.86,0.89,0.99,1,0,0,602.7,2.96,3287670.29,1.75
5961,"roc",312,63,28,283,-2.52,-1.68,6.86,1.09,0.96,0.95,0,0.02,537.11,5.37,4507044.39,3.75
5962,"roc",325,60,45,279,-2.38,-1.57,6.18,1.12,0.96,0.95,0,0.01,360.4,4.81,2403908.64,3.8
5963,"roc",142,34,6,135,-2.52,-1.69,4.89,1.14,0.96,0.94,0,0.02,403.9,5.42,3005275.43,3.97
5964,"roc",251,55,19,231,-2.62,-1.63,7.03,1.29,0.99,1,0,0,259.68,5.1,1785993.07,3.93
5965,"roc",165,41,8,156,-2.7,-2.03,5.52,1.32,0.98,1,0,0,540.79,7.61,4346553.87,6.53
5966,"roc",277,59,28,248,-2.66,-1.9,6.58,1.23,0.98,1,0,0,558.75,6.69,3806930.47,5.15
5967,"roc",302,64,8,293,-2.43,-1.94,5.58,1.27,0.98,1,0,0,211.55,7,1548086.52,5.54
5968,"roc",190,44,9,180,-3.03,-1.9,7.07,1.25,1,1,0,0,350.76,6.68,2246179.82,5.36
5969,"roc",170,34,9,160,-3.14,-2.95,4.55,1.42,1,1,0,0,386.07,19.13,2851307.5,16.36
5970,"roc",311,74,12,298,-2.66,-2.02,5.88,1.25,0.98,0.98,0,0.02,532.42,7.6,3549424.71,5.88
5971,"roc",171,38,14,156,-3.02,-2.78,7.77,1.82,0.98,1,0,0,586.2,16.12,3397089.8,14.88
5972,"roc",307,64,31,275,-2.71,-1.59,9.23,1.23,1,1,0,0,866.54,4.9,7157910.8,3.62
5973,"roc",197,40,21,175,-3.11,-2.14,10.08,1.73,0.99,1,0,0,773.39,8.57,5903970.42,7.57
5974,"roc",246,49,18,227,-2.54,-1.64,7.28,1.29,1,1,0,0,333.94,5.16,2076944.54,3.86
5975,"roc",279,62,13,265,-2.52,-1.44,9.3,1.1,0.99,0.98,0,0.01,632.96,4.24,5045894.03,3.15
5976,"roc",244,53,9,234,-3,-1.74,9.2,1.21,0.96,0.95,0,0.02,779.7,5.7,4913439.42,4.31
5977,"roc",293,63,19,273,-2.63,-1.96,5.57,1.36,0.98,0.97,0,0.02,425.83,7.1,3134579.26,5.82
5978,"roc",243,48,14,228,-2.78,-1.88,9.51,1.2,0.95,0.95,0,0.02,296.48,6.58,2070102.4,4.82
5979,"roc",216,45,8,207,-3.21,-2.57,9.99,1.77,0.92,0.92,0,0.03,1052.84,13.07,8316825.68,11.75
5980,"roc",198,43,8,189,-3.21,-2.48,7.87,1.63,0.99,1,0,0,552.16,11.94,4384447.53,10.73
5981,"roc",225,52,17,207,-2.75,-1.96,7.55,1.82,0.99,1,0,0,613.6,7.1,4374688.51,6.1
5982,"roc",272,58,10,261,-2.29,-1.68,4.44,1.05,0.96,0.97,0,0.03,244.26,5.4,1707787.99,4.2
5983,"roc",272,59,14,257,-2.8,-2.24,5.52,1.54,0.99,1,0,0,488.37,9.39,3153276.97,7.91
5984,"roc",256,52,12,243,-2.71,-2,7.33,1.39,0.99,1,0,0,483.75,7.36,3730284.98,6.23
5985,"roc",326,70,14,311,-2.81,-2.05,6.12,0.95,0.99,1,0,0,530.89,7.81,4120729.68,5.95
5986,"roc",267,54,13,253,-2.35,-1.35,8.12,1.25,0.93,1,0.01,0,492.65,3.86,3647607.83,2.85
5987,"roc",295,60,5,289,-2.75,-1.46,10.44,1.26,0.93,0.92,0,0.05,655.45,4.34,5054189.09,3.33
5988,"roc",242,50,16,225,-2.58,-1.7,8.16,1.44,0.99,1,0,0,569.39,5.5,4461363.27,4.45
5989,"roc",264,53,22,241,-2.1,-1.12,5.67,0.74,0.97,1,0,0,433.99,3.06,3630510.03,1.75
5990,"roc",182,41,9,172,-2.75,-1.94,8.43,1.21,1,1,0,0,654.54,6.96,4944289.17,5.82
5991,"roc",156,33,9,146,-3.21,-2.44,7.6,1.55,1,1,0,0,762.2,11.47,5739028.84,10.01
5992,"roc",330,71,12,317,-3.88,-3.66,9.52,2.13,1,1,0,0,852.53,38.86,5151167.93,37.43
5993,"roc",257,56,18,238,-2.43,-1.71,5.48,1.1,0.98,0.98,0,0.03,458.27,5.54,3478743.2,4.41
5994,"roc",263,57,18,244,-3.02,-1.69,8.31,1.31,1,1,0,0,717.1,5.42,5161597.06,4.11
5995,"roc",231,45,12,218,-2.44,-2.05,5.29,1.58,0.98,1,0,0,284.05,7.77,2182942,6.28
5996,"roc",221,47,14,206,-2.73,-1.91,4.93,1.47,0.99,1,0,0,324.12,6.75,1764086.82,5.6
5997,"roc",150,34,15,134,-3.05,-2.86,7.26,1.67,1,1,0,0,607.16,17.47,4037146.12,16.24
5998,"roc",196,44,20,175,-2.17,-1.35,5.8,1.12,0.97,0.97,0,0.02,501.1,3.84,4339386.89,2.6
5999,"roc",201,42,11,189,-2.79,-1.66,7.19,0.96,1,1,0,0,874.73,5.26,6647477.57,3.91
6000,"roc",138,31,9,128,-2.87,-2.64,7.15,1.62,0.99,1,0,0,361.59,14.01,3100866.64,11.62
6001,"roc",252,57,5,246,-2.98,-2.21,9.11,1.32,1,1,0,0,963.14,9.12,7961711.22,7.57
6002,"roc",162,39,4,157,-3.49,-2.74,8.39,1.99,0.96,0.96,0,0.03,793,15.49,4991902.81,13.77
6003,"roc",163,37,10,152,-2.24,-2.2,5.22,1.39,1,1,0,0,307.57,9.03,2624312.13,7.86
6004,"roc",262,51,15,246,-2.74,-2.14,7.54,1.33,0.96,0.96,0,0.04,319.67,8.5,1970082.46,7.1
6005,"roc",203,45,13,189,-3.04,-2.06,10.82,1.49,0.95,0.94,0,0.01,872.78,7.85,6766437.91,6.82
6006,"roc",276,56,7,268,-2.61,-1.78,7.82,1.2,0.93,1,0.01,0,477.58,5.96,3497187.57,4.66
6007,"roc",239,53,11,227,-2.5,-1.49,7.46,1.13,0.87,0.94,0.02,0.06,510.1,4.44,3660588.79,3.21
6008,"roc",242,54,18,223,-2.81,-2.02,8.38,1.66,0.98,1,0,0,548.87,7.54,3698663.33,6.43
6009,"roc",194,44,11,182,-2.23,-1.81,3.91,1,0.98,1,0,0,297.5,6.11,2270980.58,4.62
6010,"roc",232,45,14,217,-2.39,-1.55,5.97,1.15,1,1,0,0,341.78,4.71,2317617.5,3.41
6011,"roc",216,47,19,196,-2.33,-1.34,9.95,1.06,0.98,0.97,0,0.01,317.76,3.82,2280419.28,2.69
6012,"roc",234,52,10,223,-2.52,-1.87,4.62,1.54,0.97,1,0,0,251.99,6.6,1881398.82,5.53
6013,"roc",273,56,19,253,-2.74,-1.92,8.24,1.46,0.99,1,0,0,515.51,6.8,3723286.16,5.79
6014,"roc",265,61,5,259,-3.48,-2.61,9.66,1.52,1,1,0,0,1006.01,13.6,7624313.35,12.19
6015,"roc",154,34,8,145,-2.57,-1.98,6.85,1.31,0.97,1,0,0,394.68,7.26,2951134.97,5.86
6016,"roc",296,60,11,284,-2.7,-1.79,8.19,1.31,0.95,0.94,0,0.01,548.01,5.99,3843078.7,4.82
6017,"roc",243,48,15,227,-2.44,-2.02,6.23,1.28,0.97,0.97,0,0.02,290.52,7.58,2087965.65,6.33
6018,"roc",252,48,15,236,-2.71,-1.86,5.28,1.18,0.95,0.96,0,0.04,472.43,6.4,3962587.92,5.05
6019,"roc",206,44,7,198,-2.94,-1.94,8.97,1.21,0.99,1,0,0,723.18,6.92,5759370.81,5.5
6020,"roc",230,47,17,212,-2.53,-1.87,5.99,1.33,0.97,0.97,0,0.03,486.81,6.49,4044735.35,5.43
6021,"roc",297,57,31,265,-2.93,-1.9,7.55,1.55,0.98,0.98,0,0.02,584.37,6.69,3605028.51,5.38
6022,"roc",247,52,12,234,-2.57,-2,7.35,1.43,1,1,0,0,331.67,7.36,2017018.56,6.17
6023,"roc",205,39,21,183,-2.37,-1.46,5.84,1.3,0.99,1,0,0,568.71,4.31,4855765.27,3.14
6024,"roc",274,62,10,263,-2.67,-1.88,5.51,1.13,0.98,1,0,0,294.43,6.58,1686391.61,5.48
6025,"roc",248,48,13,234,-2.28,-1.44,6.77,0.99,0.94,0.93,0,0.05,252.61,4.22,2032335.13,3.04
6026,"roc",266,52,18,247,-3,-2.08,8.68,1.58,1,1,0,0,545.14,7.98,3915084.9,6.86
6027,"roc",261,53,16,244,-2.55,-1.8,6.18,1.43,0.99,1,0,0,454.99,6.05,3651042.93,4.86
6028,"roc",209,45,17,191,-2.47,-1.76,8.78,1.28,0.96,1,0,0,494.41,5.81,4223816.07,4.67
6029,"roc",226,50,7,218,-2.62,-1.75,6.63,1.29,0.96,0.95,0,0.01,599.67,5.76,4633821.7,4.58
6030,"roc",184,42,11,172,-2.79,-1.84,12.32,1.14,0.99,1,0,0,714.09,6.38,5715761.55,4.83
6031,"roc",169,34,12,156,-3.58,-2.9,10.33,1.53,0.95,0.98,0,0.03,1013.59,18.43,7935484.95,16.8
6032,"roc",198,42,8,189,-3.25,-2.88,5.47,1.74,0.98,1,0,0,337.02,18.98,958762.54,17.63
6033,"roc",206,47,9,196,-2.91,-2.23,7.16,1.89,0.86,0.83,0.01,0.05,391.41,9.3,2222378.68,8.13
6034,"roc",194,42,4,189,-2.85,-1.5,10.51,1.19,0.96,0.95,0,0.02,1092.89,4.48,8183025.85,3.36
6035,"roc",169,35,8,160,-3.24,-2.37,8.14,1.42,0.89,0.88,0.01,0.09,985.06,10.7,7811700.94,9.51
6036,"roc",217,55,5,211,-2.59,-1.55,8.26,1.05,0.99,1,0,0,859.77,4.71,7231931.7,3.64
6037,"roc",228,50,19,208,-3.04,-2.22,7.86,1.25,1,1,0,0,916.64,9.16,7363232.15,8.06
6038,"roc",314,73,13,300,-2.79,-2.12,8.94,1.43,0.97,0.98,0,0.02,578.96,8.33,4523846.15,7.19
6039,"roc",205,43,11,193,-3.06,-2.68,6.36,1.36,1,1,0,0,606.71,14.59,4662091.75,12.18
6040,"roc",174,37,16,157,-2.74,-2.16,7.46,1.34,0.99,1,0,0,877.23,8.67,7331241.19,7.45
6041,"roc",249,55,12,236,-2.62,-1.61,6.57,1.34,1,1,0,0,486.34,5,3540661.13,3.95
6042,"roc",233,49,7,225,-2.5,-1.65,6.15,1.24,0.98,1,0,0,540.86,5.21,4115691.22,3.99
6043,"roc",307,65,8,298,-2.6,-1.8,7.56,1.52,0.99,1,0,0,756.07,6.05,6215286.53,4.99
6044,"roc",198,42,12,185,-2.19,-1.53,6.11,1,0.99,1,0,0,269.42,4.62,2315772.54,3.36
6045,"roc",240,47,16,223,-2.94,-2.18,9.53,1.56,0.98,1,0,0,663.4,8.85,4666831.36,7.6
6046,"roc",286,59,10,275,-2.54,-1.7,6.71,1.24,0.98,1,0,0,376.86,5.47,2126745.23,4.02
6047,"roc",199,43,10,188,-3.28,-2.55,7.99,1.49,0.98,1,0,0,765.32,12.81,6415491.72,10.54
6048,"roc",168,39,9,158,-2.56,-1.95,5.08,0.77,1,1,0,0,313.42,7.03,2487012.51,4.76
6049,"roc",301,60,13,287,-2.46,-1.43,6.92,0.92,0.98,0.97,0,0.02,484.77,4.19,3266104.4,3.01
6050,"roc",273,59,15,257,-2.72,-2.21,7.45,1.37,0.99,1,0,0,587.02,9.12,4048528.43,7.98
6051,"roc",189,41,19,169,-1.97,-1.44,6.71,1.04,0.92,0.9,0,0.05,262.72,4.22,2372087.46,2.99
6052,"roc",292,60,7,284,-2.84,-2.24,7.39,1.27,0.99,1,0,0,425.67,9.41,3241847.59,7.98
6053,"roc",204,43,11,192,-2.37,-2.05,5.57,1.11,0.98,0.97,0,0.02,318.8,7.77,2378359.53,6.2
6054,"roc",224,50,3,220,-3.15,-2.74,6.84,1.5,0.98,1,0,0,328.35,15.57,2005752.95,13.67
6055,"roc",152,32,7,144,-3.05,-1.92,9.93,1.51,0.88,0.86,0.01,0.1,1056.32,6.89,7394406.3,5.79
6056,"roc",201,44,12,188,-2.57,-1.86,5.89,1.05,0.96,0.95,0,0.02,620.2,6.44,4583168.16,5.04
6057,"roc",202,41,19,182,-2.91,-2.55,5.47,1.36,0.98,1,0,0,428.26,12.81,2646655.89,11.14
6058,"roc",270,50,16,253,-3,-2.2,8.12,1.55,1,1,0,0,324.53,9.03,2012317.93,7.99
6059,"roc",234,56,10,223,-2.24,-1.11,7.59,1.02,0.95,0.92,0,0.04,487.61,3.03,3453838.48,2.01
6060,"roc",285,58,18,266,-3.09,-2.14,9.17,1.86,0.98,1,0,0,970.04,8.57,7544651.99,7.38
6061,"roc",292,59,16,275,-2.81,-2.2,7.73,1.68,1,1,0,0,371.41,9.03,1966215.08,7.96
6062,"roc",196,44,4,191,-3.22,-2.51,5.53,1.03,1,1,0,0,717.15,12.3,4870603.19,9.01
6063,"roc",216,41,14,201,-2.47,-1.7,7.01,1.37,0.99,1,0,0,316.2,5.47,2391448.02,4.3
6064,"roc",298,61,12,285,-2.51,-2.17,5.22,1.43,0.99,1,0,0,417.31,8.76,2465037.11,7.11
6065,"roc",274,55,21,252,-2.71,-2.01,8.05,1.52,0.97,1,0,0,413.59,7.46,2914610.22,5.95
6066,"roc",292,68,9,282,-2.23,-1.68,4.99,1.12,0.92,0.9,0,0.03,478.28,5.37,4197408.36,4.09
6067,"roc",229,48,23,205,-2.56,-1.81,4.82,1.18,0.96,0.96,0,0.05,321.53,6.12,1528290.31,4.54
6068,"roc",187,40,9,177,-2.73,-1.8,7.74,1.23,0.98,1,0,0,668.34,6.14,4982686.03,4.83
6069,"roc",195,38,18,176,-2.61,-1.58,7.87,1.41,0.97,1,0,0,592.45,4.88,4947840.05,3.87
6070,"roc",300,66,4,295,-2.88,-2.04,7.46,1.47,0.99,0.98,0,0.01,485.46,7.69,3267754.65,6.49
6071,"roc",312,65,15,296,-2.53,-1.84,5.82,1.5,0.99,1,0,0,344.89,6.3,1861327.99,5.23
6072,"roc",272,59,12,259,-2.46,-1.42,9.88,0.91,0.99,1,0,0,503.82,4.14,3717369.69,2.95
6073,"roc",168,38,7,160,-3.14,-2.32,7.57,1.9,1,1,0,0,882.29,10.48,6467510.19,9.4
6074,"roc",207,45,10,196,-2.61,-1.62,7.31,1.23,0.9,1,0.01,0,719.31,5.05,4823190.26,3.69
6075,"roc",120,28,5,114,-3.85,-2.89,8.11,1.65,0.95,0.94,0,0.06,1134.21,18,6096511.41,16.46
6076,"roc",235,49,16,218,-2.75,-1.83,7.78,1.39,0.92,0.88,0,0.04,515.11,6.23,3922182.76,4.8
6077,"roc",315,65,17,297,-2.31,-1.54,7.23,1.19,0.97,0.97,0,0.03,466.03,4.66,3393698.08,3.64
6078,"roc",289,65,6,282,-2.5,-1.67,6.13,1.27,0.95,0.93,0,0.04,466.8,5.31,3415031.7,4.28
6079,"roc",285,63,19,265,-2.48,-2.06,6.33,1.39,1,1,0,0,452.32,7.85,3121269.68,6.72
6080,"roc",149,34,9,139,-3.06,-2.08,10.45,1.47,1,1,0,0,721.46,8.06,5678470.2,6.68
6081,"roc",139,32,12,126,-3.02,-2.46,6,1.47,0.99,1,0,0,576.91,11.7,3532760.91,9.26
6082,"roc",206,38,13,192,-2.91,-2.33,7.16,1.43,0.97,0.97,0,0.03,584.47,10.38,4954596.55,8.84
6083,"roc",153,35,15,137,-2.78,-1.72,14.06,1.27,1,1,0,0,644.98,5.58,5407186.52,4.07
6084,"roc",319,68,19,299,-1.98,-1.19,5.41,1.03,0.95,1,0,0,357.68,3.3,2885487.43,2.23
6085,"roc",258,52,7,250,-2.72,-1.6,7.39,1.17,1,1,0,0,546.14,4.98,3756220.53,3.59
6086,"roc",162,37,4,157,-2.82,-2.17,7.75,1.49,1,1,0,0,832.76,8.76,7416713.05,6.9
6087,"roc",269,54,13,255,-2.42,-1.72,5.39,1.06,0.86,0.83,0.01,0.02,438.73,5.65,3569908.86,4.27
6088,"roc",234,46,17,216,-2.93,-2.29,8.16,1.51,0.98,1,0,0,384.62,9.9,2418389.58,8.23
6089,"roc",256,60,11,244,-2.2,-1.86,4.85,1.22,0.98,1,0,0,245.88,6.4,1710696.02,4.85
6090,"roc",248,52,9,238,-3.44,-2.09,9.05,1.48,0.99,1,0,0,909.91,8.11,5809980.93,6.9
6091,"roc",182,38,14,167,-3.07,-1.9,9.93,1.47,1,1,0,0,750.31,6.73,5453662.03,5.51
6092,"roc",269,54,14,254,-2.48,-2.22,4.21,1.36,0.99,1,0,0,274.85,9.25,1895838.79,7.77
6093,"roc",255,55,10,244,-2.48,-1.74,6.57,1.36,0.98,0.98,0,0.02,410.26,5.7,3487718.67,4.51
6094,"roc",171,34,12,158,-2.55,-1.98,7.53,1.21,0.98,1,0,0,543.66,7.21,3968535.63,5.87
6095,"roc",165,37,18,146,-2.73,-1.92,7.64,0.98,0.88,0.85,0.01,0.04,552.2,6.82,4400646.8,4.81
6096,"roc",196,43,10,185,-2.42,-2.03,6.94,1.36,0.95,0.92,0,0.05,355.9,7.61,2393254.71,6.16
6097,"roc",340,64,17,322,-3.34,-2.51,10.72,1.7,0.97,0.97,0,0.01,1307.9,12.38,9843694.16,11.29
6098,"roc",214,46,14,199,-2.76,-2.17,7.82,1.59,0.98,1,0,0,709.13,8.83,5285034.13,7.62
6099,"roc",234,48,22,211,-2.83,-1.97,7.39,1.53,0.98,0.98,0,0.02,513.12,7.18,3967774.38,6.05
6100,"roc",251,55,11,239,-2.76,-1.82,7.02,1.38,1,1,0,0,599.33,6.17,4381648.61,5.13
6101,"roc",329,69,15,313,-2.43,-1.93,5.74,1.35,0.97,0.97,0,0.03,345.02,6.89,2810524.6,5.63
6102,"roc",197,43,16,180,-2.25,-1.59,6.03,1.23,0.93,1,0.01,0,306.51,4.9,2275792.95,3.84
6103,"roc",266,46,22,243,-3,-1.44,10.26,1.09,0.75,0.69,0.03,0.05,744.06,4.24,6040561.97,2.96
6104,"roc",197,40,22,174,-2.77,-1.94,6.9,0.99,0.96,0.96,0,0.02,402.75,6.97,2649202.13,5.54
6105,"roc",191,43,9,181,-2.55,-1.5,9.38,1.15,0.98,0.97,0,0.02,560.54,4.48,4514272.18,3.35
6106,"roc",130,30,9,120,-3.28,-1.87,10.85,1.28,0.99,1,0,0,732.55,6.5,6151618.44,5.18
6107,"roc",296,63,17,278,-2.65,-1.79,7.42,1.43,0.97,0.96,0,0.03,378.3,5.99,1801163.75,4.93
6108,"roc",220,42,13,206,-3.19,-2.2,8.36,1.33,0.95,0.94,0,0.02,997.27,9.03,8543405.65,8
6109,"roc",222,51,8,213,-2.34,-1.2,6.95,1.18,0.99,1,0,0,510.24,3.32,3071930.55,2.32
6110,"roc",208,45,8,199,-2.71,-2.16,6.24,1.25,0.98,1,0,0,268.18,8.67,2159153.77,7
6111,"roc",187,38,4,182,-2.67,-1.74,10.02,1.21,0.95,0.93,0,0.03,698.23,5.7,5148929.41,4.19
6112,"roc",227,47,16,210,-3.03,-2.27,11.45,1.86,0.99,1,0,0,893.44,9.68,6664498.05,8.52
6113,"roc",212,54,7,204,-2.6,-1.54,9.18,0.95,0.97,1,0,0,839.36,4.64,6866200.15,2.97
6114,"roc",162,37,7,154,-2.94,-2.35,6.1,1.42,1,1,0,0,594.01,10.49,5069232.9,8.61
6115,"roc",242,52,6,235,-2.9,-1.88,9.65,1.27,0.98,0.98,0,0.02,868.34,6.54,7137624.76,5.1
6116,"roc",250,53,9,240,-2.6,-1.97,5.68,1.26,0.95,0.95,0,0.01,458,7.17,3646265.07,5.44
6117,"roc",169,33,20,148,-3.68,-2.95,12.5,1.66,0.97,0.97,0,0.03,486.03,19.11,3070314.89,17.27
6118,"roc",298,66,8,289,-3.08,-1.86,12.61,1.57,0.99,1,0,0,878.53,6.43,6786452.12,5.21
6119,"roc",255,60,10,244,-2.2,-1.19,6.97,1.06,0.99,1,0,0,704.08,3.3,5702408.92,2.21
6120,"roc",183,39,12,170,-2.29,-1.7,5.32,1.21,1,1,0,0,344.73,5.47,2640493.42,4.27
6121,"roc",340,78,24,315,-1.87,-1.39,3.97,1.15,0.86,0.83,0.01,0.02,153.61,4.01,1263189.79,2.94
6122,"roc",260,55,4,255,-3,-2.29,6.56,1.42,0.95,0.95,0,0.01,655.67,9.87,5208314.33,8.24
6123,"roc",151,33,9,141,-3.03,-1.99,8.63,1.15,1,1,0,0,489.88,7.32,3542053.34,5.75
6124,"roc",233,49,20,212,-1.96,-1.48,4.12,1.22,0.92,0.9,0,0.04,237.99,4.39,1994639.31,3.13
6125,"roc",263,52,24,238,-2.55,-2.06,6.79,1.41,0.91,0.95,0.01,0.05,348.19,7.84,2534343.22,6.4
6126,"roc",207,44,13,193,-2.66,-1.53,8.98,1.35,0.99,1,0,0,376.71,4.62,2298517.56,3.48
6127,"roc",267,54,11,255,-2.24,-1.58,4.45,0.94,0.94,0.93,0,0.05,254.35,4.86,1841819.89,3.51
6128,"roc",178,33,21,156,-2.52,-1.69,8.93,1.23,0.99,1,0,0,365.64,5.42,2926970.64,4.12
6129,"roc",173,41,11,161,-2.73,-2.38,6.77,1.58,1,1,0,0,445.45,10.8,3130039.49,9.37
6130,"roc",268,61,9,258,-2.43,-1.82,7.29,1.05,0.97,1,0,0,355.87,6.17,3157986,4.74
6131,"roc",212,49,5,206,-2.86,-1.96,9.06,1.41,1,1,0,0,791.31,7.1,5152948.06,6.08
6132,"roc",252,52,8,243,-2.73,-2.09,6.11,1.08,1,1,0,0,509.54,8.11,3431017.63,6.45
6133,"roc",185,39,14,170,-2.98,-2.19,11.9,0.99,0.97,0.97,0,0.03,500.89,8.94,3349209.48,6.65
6134,"roc",239,50,11,227,-3.24,-2.13,7.12,1.36,1,1,0,0,587.84,8.46,3849426.48,7.12
6135,"roc",206,49,9,196,-3.08,-2.52,8.59,1.73,1,1,0,0,633.01,12.43,4112618.92,11.34
6136,"roc",263,51,13,249,-2.19,-1.45,6.24,0.94,1,1,0,0,439.35,4.26,3758030.02,3.06
6137,"roc",313,74,4,308,-3.16,-1.91,9.46,1.52,0.96,0.95,0,0.01,676.05,6.76,4330110.01,5.61
6138,"roc",218,45,13,204,-3.07,-1.97,8.7,1.46,0.99,1,0,0,1014.94,7.17,8018594.72,5.6
6139,"roc",277,54,18,258,-2.71,-1.77,7.26,1.19,0.88,0.85,0.01,0.06,468.85,5.87,3569025.9,4.69
6140,"roc",306,71,14,291,-2.7,-2.45,5.6,1.64,0.98,0.98,0,0.01,316.67,11.59,1805963.55,9.89
6141,"roc",291,67,7,283,-3.42,-2.38,10.98,2.05,1,1,0,0,1246.07,10.8,9670939.56,9.65
6142,"roc",188,41,11,176,-2.4,-1.36,6.94,0.86,0.96,1,0,0,799.02,3.9,6127922.26,2.59
6143,"roc",313,67,18,294,-1.91,-1.18,4.59,0.97,0.99,1,0,0,325.8,3.25,2887687.96,2.19
6144,"roc",174,39,9,164,-2.87,-2.31,6.08,1.44,0.99,1,0,0,597.91,10.07,4849357.4,8.73
6145,"roc",198,40,11,186,-3.3,-2.46,10.09,1.35,1,1,0,0,593.04,11.99,4726011.07,10.34
6146,"roc",204,45,11,192,-2.85,-2.38,6.8,1.67,0.99,1,0,0,360.02,10.8,2341589.01,9.59
6147,"roc",246,58,13,232,-2.63,-1.77,6.38,1.25,0.95,0.96,0,0.04,465.51,5.9,3487961.28,4.48
6148,"roc",176,38,17,158,-2.57,-1.82,7.75,1.29,1,1,0,0,405.48,6.22,2850440.87,4.81
6149,"roc",222,48,10,211,-2.94,-2.34,8.75,1.5,1,1,0,0,675.96,10.34,5816703.12,8.44
6150,"roc",274,60,13,260,-1.92,-1.04,5.81,0.88,0.96,0.98,0,0.02,400.35,2.84,3264122.96,1.73
6151,"roc",297,62,13,283,-2.54,-1.97,6.02,1,0.99,1,0,0,347.92,7.18,2419343.85,5.43
6152,"roc",247,51,12,234,-2.7,-2.06,7.14,1.6,0.99,1,0,0,315.8,7.85,2022913.96,6.57
6153,"roc",138,31,7,130,-3.01,-2.35,6.95,1.54,0.92,1,0.01,0,747.19,10.49,5984850.78,9.06
6154,"roc",213,46,7,205,-2.84,-1.65,6.91,1.39,0.96,0.94,0,0.02,721.49,5.24,5087294.07,4.09
6155,"roc",222,43,15,206,-2.74,-1.77,6.89,1.09,0.95,0.96,0,0.04,854.47,5.87,6925997.54,4.49
6156,"roc",186,40,6,179,-3.35,-2.97,6.15,1.66,1,1,0,0,658.08,19.52,3430214.15,16.32
6157,"roc",213,48,4,208,-2.8,-2.12,6.35,1.62,0.97,0.97,0,0.02,555,8.31,3527184.51,6.93
6158,"roc",306,63,7,298,-2.76,-2.01,7.88,1.6,0.99,1,0,0,519.75,7.46,4501622.25,6.39
6159,"roc",302,58,19,282,-2.62,-1.89,7.93,1.34,0.99,1,0,0,509.55,6.62,3629101.36,5.29
6160,"roc",258,47,15,242,-2.81,-1.91,6.62,1.34,0.98,0.98,0,0.02,617.9,6.75,4360065.41,5.32
6161,"roc",216,47,5,210,-2.87,-2,7.17,1.44,0.91,0.89,0,0.05,588.75,7.39,4322359.93,6.11
6162,"roc",227,44,22,204,-3.04,-1.93,11.53,1.34,1,1,0,0,848.75,6.96,6462850.39,5.86
6163,"roc",147,30,8,138,-2.49,-1.39,6.92,1.19,0.96,1,0.01,0,428.06,4.06,3222476.28,3.04
6164,"roc",260,51,12,247,-2.35,-1.68,7.29,1.13,0.98,1,0,0,331.07,5.37,2385213.51,3.99
6165,"roc",233,48,9,223,-2.98,-2.25,6.08,1.55,0.96,0.96,0,0.04,408.32,9.56,2406599.5,8.04
6166,"roc",308,58,23,284,-2.48,-1.76,5.78,1.36,0.94,0.91,0,0.03,381.19,5.78,2754211.91,4.62
6167,"roc",210,45,6,203,-2.68,-1.79,8.09,1.34,0.92,0.88,0,0.02,660.45,5.99,4805948.65,4.77
6168,"roc",165,33,9,155,-3.56,-2.07,12.34,1.31,0.98,1,0,0,1276.43,7.92,10526666.53,6.72
6169,"roc",199,42,7,191,-2.6,-1.82,6.56,1.21,0.99,1,0,0,556.66,6.14,4542750.91,4.64
6170,"roc",225,51,16,208,-2.47,-1.66,6.17,1.29,0.99,1,0,0,253.42,5.26,1933044.02,4.06
6171,"roc",259,56,16,242,-2.4,-1.52,5.8,1.14,0.99,1,0,0,400.06,4.55,2783518.96,3.35
6172,"roc",252,56,6,245,-2.76,-2.46,5.93,1.72,1,1,0,0,398.65,11.78,3419032.96,10.62
6173,"roc",195,41,14,180,-2.79,-1.5,11.43,0.94,0.98,1,0,0,734.7,4.48,5690493.43,3.32
6174,"roc",335,59,22,312,-3.63,-2.93,11,2.04,0.95,1,0,0,1242.51,18.73,8885644.82,16.85
6175,"roc",227,46,5,221,-2.88,-2.22,5.75,1.75,1,1,0,0,381.54,9.19,1776985.71,8
6176,"roc",224,50,14,209,-2.63,-1.86,7.1,1.54,0.95,0.95,0,0.02,548.77,6.45,3972983.5,5.39
6177,"roc",282,58,14,267,-2.52,-1.58,7.52,1.29,0.98,1,0,0,452.45,4.88,3374366.08,3.77
6178,"roc",195,41,8,186,-4,-2.62,10.32,1.6,0.97,0.97,0,0.02,1394.69,13.74,8942769.54,11.54
6179,"roc",153,32,14,138,-2.89,-1.8,8.28,1.46,0.96,0.96,0,0.03,685.77,6.14,5799487.46,4.98
6180,"roc",207,40,11,195,-2.83,-2.38,5.16,1.62,0.96,0.95,0,0.04,333.33,10.8,2428584.32,8.96
6181,"roc",180,40,5,174,-2.57,-1.92,5.51,1.6,0.91,0.92,0.01,0.08,344.56,6.79,2444527.5,5.55
6182,"roc",201,39,12,188,-2.57,-1.81,5.82,0.99,0.97,1,0,0,566.28,6.11,3573223.24,4.69
6183,"roc",246,50,10,235,-2.54,-1.78,6.16,1.02,0.99,1,0,0,402.27,5.93,2304709.57,4.25
6184,"roc",309,64,10,298,-2.57,-1.42,7.03,0.98,0.99,1,0,0,487.45,4.16,3385241.83,2.92
6185,"roc",248,55,4,243,-2.61,-1.72,5.17,1.28,0.98,0.98,0,0.02,298.63,5.58,1895062.04,4.38
6186,"roc",204,44,5,198,-3.52,-2.84,11.66,1.39,1,1,0,0,747.59,17.12,6290019.92,14.73
6187,"roc",196,45,11,184,-2.6,-1.96,6.14,1.49,0.94,0.91,0,0.03,525.98,7.1,4296488.04,6.06
6188,"roc",217,40,23,193,-3.27,-2.08,9.77,1.29,0.99,1,0,0,872.42,8,6972276.88,6.67
6189,"roc",236,46,10,225,-2.81,-2.19,7.71,1.68,0.98,1,0,0,327.98,8.94,2234167.02,7.58
6190,"roc",266,58,18,247,-2.34,-1.43,6.86,1.08,0.93,1,0.01,0,426.16,4.18,2309234.2,2.9
6191,"roc",220,47,9,210,-2.78,-1.97,6.63,1.43,0.98,0.98,0,0.02,594.64,7.17,4340676.63,5.97
6192,"roc",163,34,6,156,-3.45,-2.8,5.44,1.54,0.96,0.95,0,0.05,546.13,16.55,3299676.4,14.2
6193,"roc",245,51,20,224,-2.8,-1.82,8.53,1.24,0.98,1,0,0,523.09,6.17,3990838.4,4.89
6194,"roc",138,30,7,130,-3.36,-2.6,12.17,1.99,0.94,0.98,0.01,0.03,808.62,14.16,6186398.45,13.11
6195,"roc",251,66,9,241,-2.2,-1.78,5.02,1.28,0.98,0.98,0,0.02,256.59,5.9,1580224.39,4.69
6196,"roc",244,50,13,230,-2.44,-1.73,5.67,1.14,0.97,0.96,0,0.03,537.11,5.65,3760784.33,4.46
6197,"roc",245,56,15,229,-2.72,-2.26,5.98,1.73,0.98,0.98,0,0.02,394.54,9.67,2343577.92,8.53
6198,"roc",192,38,12,179,-2.83,-1.91,8.35,1.28,0.97,0.96,0,0.02,564.23,6.81,4952539.84,5.24
6199,"roc",227,53,4,222,-2.45,-1.57,5.9,1.24,0.99,1,0,0,398.65,4.81,2367457.18,3.77
6200,"roc",203,46,11,191,-2.37,-1.54,6.78,1.24,0.99,1,0,0,328.47,4.66,2205181.63,3.57
6201,"roc",210,43,14,195,-2.49,-1.81,5.52,1.37,0.94,0.92,0,0.03,287.73,6.11,2269224.54,5.07
6202,"roc",212,48,9,202,-2.31,-1.1,7.86,0.69,0.99,1,0,0,257.11,3.01,2030635.29,1.75
6203,"roc",268,53,14,253,-2.87,-2.42,6.09,1.58,1,1,0,0,527.87,11.25,3953667.67,10
6204,"roc",221,49,8,212,-2.52,-1.91,5.03,1.41,0.95,0.96,0,0.04,215.34,6.75,686714.36,5.43
6205,"roc",219,47,12,206,-2.74,-2.21,7.37,1.52,0.99,1,0,0,372.69,9.12,2225589.88,7.66
6206,"roc",287,60,9,277,-2.75,-2.09,6.4,1.25,1,1,0,0,303.56,8.08,1741155.54,6.79
6207,"roc",299,62,14,284,-2.98,-2.21,9.41,1.79,0.97,0.98,0,0.02,654.59,9.12,4945519.81,8.03
6208,"roc",282,61,14,267,-2.61,-2.04,6.71,1.11,0.99,1,0,0,337.08,7.69,2300887.89,6.29
6209,"roc",228,56,6,221,-1.87,-1.32,4.61,1.08,0.95,1,0.01,0,273.35,3.78,2072954.78,2.66
6210,"roc",152,39,8,143,-2.52,-2.06,4.72,1.16,0.94,0.94,0,0.06,368.96,7.85,2634459.17,5.99
6211,"roc",276,65,7,268,-2.48,-1.41,6.18,1.08,0.96,1,0,0,479.11,4.1,3166606.7,2.94
6212,"roc",211,41,26,184,-1.98,-1.25,5.43,1.02,0.98,1,0,0,315.1,3.49,2402312.97,2.4
6213,"roc",183,41,8,174,-2.86,-2.02,5.57,1.39,0.99,1,0,0,338.6,7.54,2378829.34,6.12
6214,"roc",305,63,8,296,-2.83,-1.76,9.15,1.31,0.98,0.97,0,0.01,888.1,5.81,7339633.29,4.39
6215,"roc",283,61,15,267,-2.23,-1.52,4.85,1.24,0.98,1,0,0,258.09,4.57,1018711.56,3.45
6216,"roc",262,56,9,252,-3.24,-2.8,7.93,1.98,1,1,0,0,760.95,17.2,5435438.89,16.19
6217,"roc",220,44,15,204,-2.87,-1.97,6.67,1.67,0.98,1,0,0,428.13,7.24,2450262.98,6.21
6218,"roc",223,48,8,214,-2.49,-1.54,6.49,1.29,0.97,0.96,0,0.02,468.31,4.67,3970621.87,3.65
6219,"roc",200,42,13,186,-2.62,-1.88,6.52,1.12,0.98,1,0,0,339.14,6.59,2367089.46,5.41
6220,"roc",178,37,16,161,-2.19,-1.74,6.02,1.04,0.99,1,0,0,290.93,5.7,2620559.85,4.35
6221,"roc",166,35,12,153,-2.68,-1.6,7.03,1.25,1,1,0,0,413.99,4.95,2994180.93,3.9
6222,"roc",306,65,12,293,-2.83,-2.12,6.13,1.14,1,1,0,0,467.71,8.33,3069038.12,6.94
6223,"roc",164,39,3,160,-3.61,-3.13,8.02,1.97,0.96,0.96,0,0.04,923.48,22.87,6241551.24,21.15
6224,"roc",222,50,12,209,-2.89,-1.95,8.78,1.38,1,1,0,0,709.48,7.24,5288819.78,5.81
6225,"roc",161,33,21,139,-2.99,-2.36,7.9,1.34,1,1,0,0,701.56,10.59,5687879.76,9.17
6226,"roc",241,52,20,220,-2.93,-1.64,9.7,1.39,0.96,1,0,0,533.57,5.18,3713927.91,4.12
6227,"roc",210,44,15,194,-2.98,-1.84,11.48,1.42,0.98,1,0,0,474.09,6.34,3013723.17,5.21
6228,"roc",198,46,5,192,-2.81,-1.75,6.46,1.09,0.97,1,0,0,628.07,5.76,4812155.53,4
6229,"roc",209,46,12,196,-2.85,-1.81,9.09,1.45,0.97,0.96,0,0.02,842.44,6.08,6491400.09,4.94
6230,"roc",284,63,13,270,-2.58,-1.83,6.97,1.54,0.97,1,0,0,254.84,6.23,1596594.89,5.18
6231,"roc",206,49,11,194,-2.78,-2.01,6.65,1.83,0.99,1,0,0,521.61,7.46,3463501.95,6.41
6232,"roc",257,47,25,231,-2.13,-1.48,5.02,1.04,0.99,1,0,0,290.32,4.39,2100689.43,2.96
6233,"roc",245,56,9,235,-2.87,-2.13,7.49,1.24,0.99,1,0,0,451.12,8.48,3432863.57,6.44
6234,"roc",285,56,15,269,-3.24,-2.08,10.94,1.69,0.96,0.96,0,0.04,998.42,8.05,6407878.09,6.86
6235,"roc",224,47,13,210,-2.75,-1.49,9.62,0.85,0.99,1,0,0,788.06,4.44,6375354.3,2.74
6236,"roc",335,66,18,316,-2.29,-1.6,6.41,1.26,0.96,0.96,0,0.04,352.26,4.95,2303449.39,3.92
6237,"roc",223,48,23,199,-1.85,-1.12,5.54,1.01,0.95,0.92,0,0.03,271.74,3.08,2093650.72,2.02
6238,"roc",196,45,8,187,-2.58,-1.73,6.2,1.25,0.95,0.96,0,0.04,497.13,5.64,3277697.36,4.26
6239,"roc",299,65,7,291,-2.92,-2.07,6.88,1.5,0.98,1,0,0,629.74,7.92,4103970.37,6.57
6240,"roc",248,56,12,235,-2.73,-2.13,7.45,1.44,0.96,0.96,0,0.02,549.94,8.45,4679509.69,7.39
6241,"roc",156,35,13,142,-2.96,-1.84,14.41,1.21,0.96,0.94,0,0.04,623.36,6.3,5359846.68,4.65
6242,"roc",342,63,22,319,-2.77,-1.64,11.32,1.21,0.99,1,0,0,624.1,5.16,4958918.16,3.99
6243,"roc",328,60,21,306,-3.34,-2.73,9.09,1.46,0.99,1,0,0,669.95,15.34,5143566.72,13.47
6244,"roc",204,50,7,196,-2.74,-2.11,5.81,1.68,0.97,0.97,0,0.02,326.91,8.28,2023130.24,7.06
6245,"roc",170,34,9,160,-3.38,-2.51,10.7,1.91,0.99,1,0,0,879.65,12.38,6488181.9,11.23
6246,"roc",235,48,9,225,-2.58,-1.72,7,1.34,0.99,1,0,0,300.99,5.56,2056954.7,4.35
6247,"roc",157,34,12,144,-2.52,-1.58,5.46,1.17,0.99,1,0,0,378.71,4.9,2408753.95,3.83
6248,"roc",198,47,9,188,-2.52,-1.87,6.62,1.44,0.98,1,0,0,440.64,6.49,3327735.78,5.21
6249,"roc",226,47,7,218,-3.04,-1.81,8.74,1.38,0.94,0.96,0,0.04,769.34,6.11,5066084.81,4.96
6250,"roc",203,38,16,186,-2.88,-1.61,9.7,0.97,0.98,0.97,0,0.03,783,5.03,4984559.35,3.54
6251,"roc",186,38,11,174,-2.53,-1.8,8.03,1.27,0.98,1,0,0,573.22,6.02,4961332.27,4.67
6252,"roc",133,30,12,120,-2.64,-1.62,8.97,1.15,1,1,0,0,359.82,5.04,3206651.28,3.55
6253,"roc",265,69,6,258,-2.61,-1.96,6.78,1.56,1,1,0,0,384.8,7.1,2827372.38,6.09
6254,"roc",224,51,12,211,-2.95,-2.12,6.05,1.67,1,1,0,0,362.79,8.33,1560044.01,7.29
6255,"roc",235,51,11,223,-2.7,-2.12,7.03,1.56,0.99,1,0,0,445.93,8.33,3738289.49,6.88
6256,"roc",287,58,13,273,-2.61,-1.61,7.3,1.21,0.98,1,0,0,465.22,5.01,2643186.8,3.73
6257,"roc",230,57,9,220,-2.23,-2.07,2.46,1.04,0.98,1,0,0,78.89,7.92,162853.87,6.17
6258,"roc",250,52,10,239,-3.12,-1.8,10.18,1.33,0.99,1,0,0,771.64,6.05,5478324.24,4.52
6259,"roc",223,51,11,211,-2.31,-1.46,4.74,1.09,0.98,1,0,0,325.66,4.31,2002012.66,3.08
6260,"roc",325,69,7,317,-2.41,-1.74,7.4,1.2,0.98,0.97,0,0.02,567.51,5.7,4323530.69,4.15
6261,"roc",182,40,3,178,-2.54,-1.69,6.14,1.24,0.93,0.95,0,0.05,543.75,5.44,4715427.54,4.12
6262,"roc",154,33,11,142,-3.32,-2.03,12.46,1.45,0.97,0.96,0,0.02,753.14,7.61,5675541.09,6.18
6263,"roc",248,61,15,232,-2.54,-1.62,8.2,1.24,0.97,1,0,0,634.16,5.05,4503776.09,3.83
6264,"roc",296,57,9,286,-3.5,-3.02,8.46,1.53,1,1,0,0,919.78,20.49,7120665.32,19
6265,"roc",200,46,4,195,-2.12,-1.21,4.87,0.95,0.97,1,0,0,247.46,3.35,781411.53,2.31
6266,"roc",279,59,15,263,-2.52,-1.71,8.84,1.35,0.93,0.93,0,0.07,239.61,5.53,1680416.38,4.28
6267,"roc",297,66,5,291,-2.86,-1.96,9.17,1.38,0.98,0.97,0,0.01,816.26,7.19,5642629.12,6.16
6268,"roc",288,64,11,276,-3.13,-1.95,11.35,1.55,1,1,0,0,791.6,7.06,4793446.07,5.92
6269,"roc",208,38,9,198,-2.8,-1.9,4.79,1.05,0.99,1,0,0,334.52,6.72,2549369.88,4.37
6270,"roc",246,54,17,228,-2.33,-1.76,6.95,1.34,0.97,0.97,0,0.02,271.7,5.86,1839226.2,4.77
6271,"roc",219,45,14,204,-2.98,-1.81,8.52,1.25,0.99,1,0,0,763.27,6.11,5057485.86,4.77
6272,"roc",345,69,14,330,-3.42,-2.34,10.03,1.72,0.99,1,0,0,890.85,10.38,6150716.89,8.99
6273,"roc",287,60,11,275,-3.32,-2.16,9.82,1.75,0.98,1,0,0,889.61,8.72,5571299.94,7.7
6274,"roc",173,34,5,167,-3.28,-3.03,5.63,1.87,0.99,1,0,0,500.73,20.93,2956378.83,18.92
6275,"roc",167,38,19,147,-3.33,-2.28,7.99,1.36,1,1,0,0,854.82,9.82,5819886.39,7.68
6276,"roc",182,33,10,171,-2.94,-1.56,8.38,1.3,0.81,0.75,0.02,0.1,741.53,4.76,5648932.03,3.6
6277,"roc",290,60,17,272,-2.65,-1.94,7.6,1.31,0.93,1,0.01,0,472.34,7.08,3429970.4,5.8
6278,"roc",136,33,6,129,-2.37,-1.5,5.01,1.1,0.97,0.96,0,0.03,463.29,4.48,3479258.21,3.33
6279,"roc",231,52,8,222,-2.31,-1.46,5.86,1.15,1,1,0,0,272.08,4.32,1926149.24,3.15
6280,"roc",294,63,25,268,-2.79,-2.28,6.6,1.65,0.96,0.96,0,0.04,312.27,9.78,1676824.24,8.56
6281,"roc",176,39,9,166,-2.77,-2.41,7.7,1.74,0.98,1,0,0,455.96,11.13,2850206.81,9.78
6282,"roc",282,60,12,269,-2.82,-2.05,7.89,1.52,1,1,0,0,658.93,7.8,4726674.68,6.59
6283,"roc",284,63,17,266,-2.88,-1.96,8.86,1.52,1,1,0,0,765,7.1,5158773.65,6.05
6284,"roc",247,52,7,239,-3.17,-2.26,10.47,1.78,0.97,0.97,0,0.03,908.16,9.86,6648323.48,8.71
6285,"roc",203,47,6,196,-2.4,-1.67,5.12,1,0.98,1,0,0,271.23,5.31,2093280.1,3.99
6286,"roc",183,35,14,168,-2.49,-1.46,5.31,1.18,0.97,1,0,0,515.58,4.31,3853157.11,2.99
6287,"roc",309,67,13,295,-2.79,-1.92,8.02,1.46,1,1,0,0,590.14,6.82,4302793.41,5.44
6288,"roc",216,46,20,195,-3.14,-2.65,7.44,1.55,1,1,0,0,740.69,14.16,5713076.9,12.3
6289,"roc",319,71,15,303,-2.66,-2.2,7.84,1.63,0.93,0.93,0,0.07,605.02,9.03,5281031.32,7.55
6290,"roc",238,54,15,222,-2.45,-1.47,8.54,1.16,1,1,0,0,709.2,4.35,5975313.94,3.16
6291,"roc",212,50,10,201,-1.83,-1.02,3.77,0.94,0.96,0.96,0,0.04,153.95,2.78,634567.3,1.7
6292,"roc",230,46,11,218,-3.24,-2.36,9.63,1.92,1,1,0,0,737.31,10.61,5864698.25,9.39
6293,"roc",230,48,10,219,-3,-2.6,6.27,1.61,1,1,0,0,510.16,13.54,3980660.64,12.02
6294,"roc",187,40,14,172,-2.91,-1.7,10.61,1.12,0.99,1,0,0,672.82,5.51,5280310.05,4.04
6295,"roc",285,67,11,273,-2.6,-1.69,7.98,1.29,0.99,1,0,0,560.04,5.42,3595105.57,4.28
6296,"roc",252,53,15,236,-2.8,-1.92,7.31,1.55,0.98,1,0,0,675.39,6.82,4718985.65,5.75
6297,"roc",272,63,21,250,-1.93,-1.1,5.57,0.95,0.98,1,0,0,204.37,3,1586165.36,1.92
6298,"roc",184,53,3,180,-3.34,-2.09,11.5,1.89,1,1,0,0,1210.68,8.08,7601735.8,7.07
6299,"roc",216,51,5,210,-2.71,-1.75,6.88,1.42,0.99,1,0,0,603.69,5.75,3832877.25,4.72
6300,"roc",249,51,11,237,-2.57,-1.84,5.32,1.23,0.97,0.96,0,0.03,355.67,6.3,2235119.16,5.09
6301,"roc",310,63,8,301,-3.22,-3.06,6.39,1.88,1,1,0,0,478.21,21.33,3323440.88,19.36
6302,"roc",143,29,11,131,-3.22,-3,5.89,1.85,0.96,0.95,0,0.03,433.85,20.09,3287019.35,18.58
6303,"roc",231,51,9,221,-2.95,-2.2,6.82,1.45,0.97,0.97,0,0.03,546.61,9.03,2782107.33,7.54
6304,"roc",273,63,14,258,-2,-1.4,3.35,0.89,0.99,1,0,0,106.14,4.06,200835.51,2.97
6305,"roc",171,37,11,159,-3.11,-2.33,9.69,1.46,0.95,1,0,0,466.45,10.28,2856313.12,8.88
6306,"roc",249,50,13,235,-3.07,-1.81,7.81,1.56,1,1,0,0,617.7,6.08,2935443.48,4.99
6307,"roc",235,54,4,230,-2.72,-1.29,10.79,0.93,0.99,1,0,0,607.88,3.64,4083588.63,2.4
6308,"roc",257,59,17,239,-2.32,-1.46,5.67,1.16,0.96,1,0,0,372.83,4.31,2770332.09,3.17
6309,"roc",167,35,11,155,-3.15,-2.27,10.37,1.43,1,1,0,0,748.49,9.68,5452463.02,8.4
6310,"roc",183,43,14,168,-2.4,-2.07,5.46,1,0.98,0.97,0,0.03,319.64,7.92,2318898,6.22
6311,"roc",216,44,12,203,-2.86,-2.13,6.54,1.27,0.99,1,0,0,348.47,8.46,2279770.06,7.11
6312,"roc",237,50,19,217,-2.95,-2.62,6.57,1.57,0.99,1,0,0,287.18,13.79,1967099.5,11.83
6313,"roc",189,43,7,181,-2.92,-2.14,8.26,1.24,0.99,1,0,0,761.6,8.5,5012075.99,7.12
6314,"roc",229,47,8,220,-2.91,-2.18,7.49,1.74,1,1,0,0,695.75,8.85,5912259.49,7.8
6315,"roc",233,51,8,224,-2.8,-1.3,10.94,1.08,0.87,0.86,0.01,0.09,822.73,3.67,6806965.55,2.44
6316,"roc",239,44,12,226,-3.69,-2.66,13.03,2.18,0.97,0.98,0,0.02,1272.02,14.34,9502634.34,13.29
6317,"roc",194,43,10,183,-2.61,-2.15,6.37,1.3,0.94,1,0,0,582.87,8.58,4713367.07,7.15
6318,"roc",187,42,13,173,-2.8,-1.95,8.42,1.29,0.96,0.94,0,0.02,359.72,7.03,2489868.25,6.02
6319,"roc",167,39,9,157,-3.56,-2.24,11.22,1.59,0.97,0.96,0,0.02,1595.03,9.39,11996193.21,7.82
6320,"roc",203,46,11,191,-2.83,-1.54,10.06,1.19,0.98,0.98,0,0.02,615.5,4.69,4377918.8,3.54
6321,"roc",231,51,5,225,-3.27,-2.72,8.06,2.03,1,1,0,0,508.56,15.18,3739041.95,13.88
6322,"roc",189,39,18,170,-2.86,-1.88,7.54,1.34,0.99,1,0,0,618.9,6.55,4899857.18,5.48
6323,"roc",246,53,10,235,-2.71,-1.83,7.22,1.67,0.92,0.91,0,0.02,413.86,6.23,2143140.76,5.15
6324,"roc",166,31,7,158,-2.66,-1.36,7.99,1.05,0.94,0.92,0,0.03,435.15,3.9,3123499.04,2.84
6325,"roc",189,41,9,179,-2.63,-2.01,4.23,0.93,0.97,0.97,0,0.02,289.44,7.46,2366807.81,5.6
6326,"roc",158,34,15,142,-2.91,-2.04,7.99,1.29,1,1,0,0,674.61,7.74,5531449.35,6.11
6327,"roc",276,62,12,263,-2.58,-2.38,3.94,1.5,0.97,0.97,0,0.02,215.88,10.86,1582205.4,9.26
6328,"roc",212,46,9,202,-2.98,-1.9,8.99,1.23,1,1,0,0,607.6,6.65,4582864.8,4.9
6329,"roc",139,29,10,128,-2.97,-2.15,11.74,1.51,0.98,1,0,0,718.85,8.58,6384018.27,7.28
6330,"roc",290,63,14,275,-3.06,-2.39,10.25,1.67,0.99,1,0,0,606.07,10.91,4632107.33,9.52
6331,"roc",208,41,17,190,-2.77,-1.65,7.41,0.85,0.97,0.95,0,0.03,596.77,5.21,3532631.69,4.18
6332,"roc",225,52,5,219,-2.93,-2.12,7.11,1,0.96,0.95,0,0.03,880.44,8.33,7070204.19,6.6
6333,"roc",212,52,16,195,-1.96,-1.34,4.97,0.94,0.97,0.97,0,0.03,399.78,3.82,3687377.05,2.58
6334,"roc",222,45,6,215,-2.9,-2.41,5.37,1.24,0.99,1,0,0,336.7,11.13,2211282.68,9.14
6335,"roc",311,70,7,303,-2.63,-1.73,7.43,1.28,0.98,0.98,0,0.02,517.72,5.64,3533581.47,4.55
6336,"roc",299,60,15,283,-2.54,-1.9,5.52,1.42,1,1,0,0,447.06,6.73,2869973.4,5.43
6337,"roc",185,40,8,176,-2.31,-0.96,9.35,0.77,1,1,0,0,515.61,2.61,4413969.9,1.49
6338,"roc",243,50,22,220,-1.83,-0.94,5.97,0.76,0.96,1,0,0,280.62,2.57,2120253.8,1.43
6339,"roc",313,69,6,306,-2.68,-2.19,6.54,1.42,0.99,1,0,0,283.16,8.94,1616108.22,7.43
6340,"roc",239,48,12,226,-2.17,-1.06,7.37,0.88,0.96,0.95,0,0.02,378.54,2.89,2545726.09,1.84
6341,"roc",217,47,9,207,-2.65,-1.9,7.44,1.22,0.97,1,0,0,328.69,6.69,2185954.91,5.29
6342,"roc",222,46,14,207,-2.96,-2.19,9.1,1.35,0.95,0.93,0,0.02,756.06,8.94,6076599.01,7.08
6343,"roc",283,61,9,273,-2.34,-1.5,6.18,1.1,0.96,1,0,0,274.71,4.48,1736263.56,3.44
6344,"roc",214,46,8,205,-2.65,-1.83,6.77,1.58,0.99,1,0,0,411.41,6.24,2767013.09,4.99
6345,"roc",277,54,13,263,-2.98,-1.88,8.81,1.39,0.97,0.97,0,0.02,644.92,6.59,4556839.3,5.4
6346,"roc",269,58,25,243,-2.43,-1.74,5.71,1.33,0.97,0.97,0,0.03,538.05,5.74,4005865.99,4.53
6347,"roc",273,62,4,268,-2.71,-1.92,6.89,1.51,0.81,0.74,0.03,0.16,441.04,6.86,3157429.01,5.58
6348,"roc",318,68,16,301,-2.47,-1.54,6.51,1.03,0.94,0.93,0,0.02,377.13,4.69,2314289.95,3.58
6349,"roc",168,36,14,153,-3,-2.24,6.74,1.52,1,1,0,0,588.25,9.45,4111266.92,7.75
6350,"roc",216,56,8,207,-2.12,-1.27,6.74,1.06,0.99,1,0,0,443.5,3.56,2893443.55,2.52
6351,"roc",190,41,14,175,-2.12,-1.2,6.15,1.15,0.81,0.89,0.03,0.11,312.74,3.32,2452152.41,2.28
6352,"roc",284,54,15,268,-3.05,-2.55,6.32,1.42,1,1,0,0,392.02,12.84,2238571.18,11.55
6353,"roc",277,63,15,261,-2.51,-1.87,6.51,1.35,0.96,0.95,0,0.01,457.51,6.49,3275307.07,5.1
6354,"roc",243,56,14,228,-2.96,-2.21,8.28,1.41,0.99,1,0,0,731.69,9.18,5334341.34,7.8
6355,"roc",243,55,11,231,-2.58,-2.06,8.97,1.6,0.99,1,0,0,470.58,7.85,3652306.63,6.62
6356,"roc",227,48,9,217,-2.48,-1.72,5.11,1.42,0.98,0.98,0,0.02,362.98,5.56,2504910.7,4.39
6357,"roc",162,28,10,151,-3.27,-2.4,6.35,1.34,0.98,1,0,0,744.48,12.58,4502107.82,11.16
6358,"roc",265,56,8,256,-2.52,-1.37,8.76,1.14,0.94,0.93,0,0.02,613.14,3.94,4035087.63,2.86
6359,"roc",232,48,4,227,-3.02,-2.48,5.51,1.12,1,1,0,0,289.02,12,2037779.19,8.99
6360,"roc",165,40,7,157,-2.4,-1.43,6.34,0.95,0.92,0.9,0,0.02,409.47,4.18,2969748.8,2.76
6361,"roc",234,52,12,221,-2.66,-1.52,7.48,1.24,0.97,0.96,0,0.03,411.27,4.58,2147493.45,3.54
6362,"roc",310,57,22,287,-2.55,-1.76,8.37,1.06,0.96,0.96,0,0.04,582.23,5.81,4366327.71,4.02
6363,"roc",232,47,8,223,-2.79,-1.76,6.8,1.15,0.9,0.85,0.01,0.03,407.04,5.81,2463009.51,4.54
6364,"roc",219,46,16,202,-3.14,-2.88,6.47,1.59,1,1,0,0,591.61,17.91,4360421.55,15.77
6365,"roc",288,62,15,272,-2.48,-1.82,7.17,1.48,1,1,0,0,459.74,6.18,3083328,4.95
6366,"roc",151,35,3,147,-3.08,-2.16,7.95,1.36,0.97,0.97,0,0.03,485.45,8.67,3067514.54,6.77
6367,"roc",204,46,4,199,-3.15,-2.19,10.84,1.38,0.97,0.96,0,0.02,950.38,8.94,7856950.11,6.92
6368,"roc",155,33,15,139,-3.14,-2.41,7.41,1.02,1,1,0,0,658.39,11.13,5647356.82,9.23
6369,"roc",160,34,8,151,-2.92,-1.84,7.23,1.37,0.94,0.93,0,0.04,493.96,6.34,3012843.67,4.98
6370,"roc",335,69,15,319,-3.1,-2.14,8.02,1.66,1,1,0,0,740.71,8.5,5216048.75,7.31
6371,"roc",267,68,14,252,-2.43,-1.76,5.87,1.2,0.94,0.92,0,0.04,367.72,5.86,2881479.17,4.61
6372,"roc",220,49,11,208,-3.1,-2.14,8.17,1.18,0.98,0.98,0,0.02,450.96,8.5,2731654.69,7.24
6373,"roc",233,52,10,222,-3.05,-2.12,7.02,1.73,0.98,1,0,0,569.83,8.38,3384363.57,7.31
6374,"roc",260,52,15,244,-2.45,-1.88,4.67,1.23,0.98,1,0,0,331.85,6.59,2411339.89,5.34
6375,"roc",263,58,11,251,-3.04,-1.96,10.32,1.34,1,1,0,0,632.45,7.07,4868361.66,5.83
6376,"roc",175,36,11,163,-3.07,-2.68,4.77,1.35,0.98,1,0,0,230.52,14.58,250018.05,12.04
6377,"roc",212,46,4,207,-2.99,-2.58,7.33,1.65,0.99,1,0,0,719.31,13.27,6050048.08,11.72
6378,"roc",263,49,9,253,-3.43,-2.68,8.57,1.87,0.99,1,0,0,968.44,14.59,6851463.08,13.32
6379,"roc",210,46,12,197,-2.54,-1.66,10.56,1.19,0.98,0.97,0,0.02,458.94,5.26,4140420.99,4.2
6380,"roc",299,67,17,281,-2.22,-1.43,5,1.03,0.98,1,0,0,303.33,4.18,1885605.82,3.05
6381,"roc",235,51,13,221,-2.7,-2.16,4.83,1.36,1,1,0,0,297.42,8.67,1717835.25,7.37
6382,"roc",246,50,11,234,-2.94,-2.17,7.83,1.53,0.98,0.98,0,0.02,653.92,8.8,4601529.92,7.66
6383,"roc",192,43,7,184,-3.16,-2.23,7.54,1.62,0.98,1,0,0,693.8,9.3,4861134.5,8.19
6384,"roc",218,52,8,209,-2.72,-1.93,7.51,1.54,0.98,0.98,0,0.02,754.92,6.9,6165993.52,5.76
6385,"roc",218,48,10,207,-2.75,-1.9,8.06,1.48,0.96,0.95,0,0.01,698.19,6.72,5825821.62,5.53
6386,"roc",324,69,13,310,-3.47,-2.98,10.13,2.18,0.98,0.97,0,0.01,760.15,19.69,5450619.84,18.31
6387,"roc",291,62,5,285,-2.48,-1.82,6.98,1.48,0.97,0.96,0,0.04,566.52,6.15,4637289.88,5
6388,"roc",257,56,6,250,-2.94,-2.24,7.41,1.7,0.96,0.96,0,0.04,623.81,9.37,4361510.85,8.25
6389,"roc",237,54,7,229,-2.81,-2.47,5.17,1.7,0.96,0.94,0,0.05,466.02,11.89,3686585.33,10.71
6390,"roc",293,56,18,274,-2.48,-1.67,6.63,1.2,0.99,1,0,0,380.85,5.36,2540387.63,3.98
6391,"roc",277,63,16,260,-3.03,-3,7.02,1.72,1,1,0,0,402.73,20.09,2162914.7,18.92
6392,"roc",197,40,12,184,-2.79,-2.06,6.55,1.3,0.98,1,0,0,666.83,7.85,4912925.94,5.94
6393,"roc",231,48,7,223,-2.36,-1.28,8.78,0.86,0.99,1,0,0,511.96,3.63,3851340.41,2.27
6394,"roc",270,57,11,258,-2.52,-1.54,7.45,1.19,0.97,0.97,0,0.03,653.87,4.66,4652351.56,3.27
6395,"roc",152,36,7,144,-2.51,-1.46,7.56,1.05,0.96,0.94,0,0.02,585.68,4.34,5217370.57,3.12
6396,"roc",172,38,20,151,-3.28,-2.45,11.46,1.53,0.99,1,0,0,398.95,11.65,2676507.89,10.35
6397,"roc",299,71,8,290,-3.22,-2.5,7.56,1.69,0.99,1,0,0,733.39,12.18,4528935.74,10.72
6398,"roc",214,45,13,200,-2.83,-2,7.89,1.62,0.98,0.97,0,0.02,551.19,7.39,4290630.03,6.38
6399,"roc",204,43,4,199,-2.27,-1.25,8.43,1.16,0.94,1,0.01,0,514.78,3.49,4430148.15,2.4
6400,"roc",216,44,7,208,-3.5,-2.51,9,1.53,1,1,0,0,1014.91,12.38,6366873.22,10.88
6401,"roc",264,57,9,254,-3.01,-2.52,7.25,1.78,0.98,0.98,0,0.02,552.73,12.43,3872602.64,11.12
6402,"roc",201,44,6,194,-2.86,-1.69,8.47,0.88,0.95,0.93,0,0.06,734.97,5.44,6314150.54,3.73
6403,"roc",257,55,13,243,-2.45,-1.67,6.25,1.22,0.99,1,0,0,350.95,5.31,2483858.47,4.15
6404,"roc",266,56,13,252,-2.69,-2.16,6.95,1.16,0.98,1,0,0,395.68,8.68,2587407.17,7.29
6405,"roc",259,56,6,252,-3.12,-1.88,11.31,1.42,0.96,1,0,0,814.96,6.62,5854140.71,5.52
6406,"roc",228,48,18,209,-2.75,-1.96,6.99,1.5,0.98,1,0,0,622.19,7.14,3827092.31,5.9
6407,"roc",229,49,10,218,-2.42,-1.97,5.09,1.25,1,1,0,0,464.74,7.17,3529827.95,6.14
6408,"roc",214,43,19,194,-2.7,-1.66,13.27,1.14,0.82,0.86,0.03,0.14,799.02,5.26,6686471.36,3.94
6409,"roc",241,49,13,227,-3.38,-2.9,8.66,1.74,1,1,0,0,754.31,18.17,4147433.09,16.35
6410,"roc",274,54,13,260,-3.08,-2.43,6.71,1.61,0.99,1,0,0,591.93,11.36,3920452.79,10
6411,"roc",256,53,18,237,-2.82,-2.27,5.59,1.38,0.99,1,0,0,381.45,9.68,2214531.27,8.14
6412,"roc",241,48,13,227,-2.57,-1.7,8.34,1.33,1,1,0,0,464.24,5.48,3970120.85,4.24
6413,"roc",218,50,10,207,-2.88,-2.28,6.41,1.56,0.96,0.97,0,0.03,650.62,9.86,4561761.49,8.48
6414,"roc",201,43,11,189,-2.38,-1.68,6.57,1.22,1,1,0,0,265.95,5.37,2260806.87,4.02
6415,"roc",263,61,10,252,-2.13,-1.86,4.28,1.25,0.99,1,0,0,235.94,6.42,1698224.43,5.21
6416,"roc",301,75,9,291,-3.16,-2.35,8.23,1.56,0.97,0.97,0,0.03,787.96,10.49,6219003.43,9.34
6417,"roc",169,36,6,162,-2.47,-1.66,5.81,1.43,0.97,1,0,0,356.33,5.38,2686425.03,4.3
6418,"roc",320,66,13,306,-2.68,-1.78,8.89,1.5,0.83,0.92,0.03,0.07,669.79,5.9,4390833.42,4.86
6419,"roc",225,47,9,215,-2.77,-1.35,11.95,0.89,1,1,0,0,944.47,3.86,7772038.06,2.58
6420,"roc",259,54,19,239,-3.05,-2.33,8.47,1.38,0.99,1,0,0,844.03,10.26,6081810.29,8.79
6421,"roc",226,49,17,208,-2.7,-1.97,7.91,1.44,0.99,1,0,0,502.75,7.17,3996788.59,5.82
6422,"roc",251,56,11,239,-3.01,-1.77,9.36,1.25,0.99,1,0,0,890.53,5.87,6882827.94,4.48
6423,"roc",174,40,8,165,-2.71,-1.67,8.24,1.39,1,1,0,0,541.27,5.34,2944044.29,4.1
6424,"roc",229,51,5,223,-2.58,-2.16,6.1,1.57,0.94,1,0.01,0,278.3,8.67,1974638.44,7.12
6425,"roc",249,54,5,243,-2.82,-2.04,6.73,1.56,0.93,0.9,0,0.02,504.63,7.83,2637223.22,6.6
6426,"roc",218,45,7,210,-2.93,-2.58,5.96,1.6,0.94,0.94,0,0.05,542.35,13.2,4255423.86,11.15
6427,"roc",302,63,14,287,-2,-1.33,5.25,1.04,0.97,1,0,0,203.82,3.78,1575897.01,2.67
6428,"roc",349,69,37,311,-2.74,-2.35,5.41,1.9,1,1,0,0,278.23,10.49,1528616.29,9.49
6429,"roc",281,59,12,268,-2.7,-1.84,8.77,1.22,0.99,1,0,0,738.35,6.3,5378111.82,5.16
6430,"roc",315,64,19,295,-2.49,-1.44,8.84,1.14,0.96,0.97,0,0.03,632.31,4.25,4783188.79,3.1
6431,"roc",267,62,4,262,-2.83,-2.22,7.87,1.66,0.99,1,0,0,611.06,9.32,4431435.51,7.81
6432,"roc",240,56,15,224,-2.35,-1.78,4.03,1.02,0.98,1,0,0,218.4,5.9,1746906.42,4.4
6433,"roc",292,58,14,277,-2.98,-2.06,6.34,1.54,0.96,1,0,0,562.02,7.92,3229849.97,6.68
6434,"roc",226,46,21,204,-2.64,-1.92,7.86,1.07,0.94,0.97,0.01,0.03,501.39,6.82,4145596.31,5.68
6435,"roc",320,59,28,291,-2.3,-1.15,7.6,1.1,0.89,0.92,0.01,0.08,616.59,3.16,4955581.8,2.15
6436,"roc",271,59,9,261,-2.93,-2.6,8.25,1.74,0.99,1,0,0,558.67,13.46,3899273.86,12.16
6437,"roc",154,36,12,141,-2.28,-1.63,6.98,1.15,0.88,0.84,0.01,0.03,454.39,5.18,3497400.18,3.87
6438,"roc",273,59,12,260,-2.24,-1.46,6.77,1.2,1,1,0,0,434.02,4.31,3404423.7,3.18
6439,"roc",339,68,26,312,-2.91,-2.35,5.54,1.38,0.98,0.98,0,0.02,454.65,10.49,3300421.24,9.05
6440,"roc",244,48,12,231,-3.19,-2.17,8.45,1.57,0.97,0.97,0,0.02,874.04,8.96,5877489.29,7.72
6441,"roc",198,43,10,187,-3.18,-2.4,8.88,1.73,1,1,0,0,846.75,11.02,6674446.97,9.64
6442,"roc",203,39,17,185,-3.14,-2.79,5.64,1.3,0.98,1,0,0,384.53,16.28,2608917.56,14.33
6443,"roc",271,60,12,258,-2.76,-2.26,5.78,1.35,0.99,1,0,0,402.99,9.64,2369385.88,8.4
6444,"roc",290,70,9,280,-2.53,-1.88,5.67,1.49,0.8,0.75,0.01,0.03,287.83,6.56,1496525.51,5.38
6445,"roc",221,42,20,200,-2.27,-1.48,6.33,1.11,0.96,0.96,0,0.04,435.1,4.4,2529488.01,3.08
6446,"roc",337,65,24,312,-3.48,-2.25,9.82,1.66,0.97,0.97,0,0.03,878.64,9.49,5993216.28,8.24
6447,"roc",259,55,16,242,-2.63,-1.91,7.26,1.09,0.93,0.92,0,0.02,449.81,6.75,2792655.58,5.47
6448,"roc",285,60,11,273,-3.4,-2.74,8.76,1.8,1,1,0,0,891.2,15.48,5018902.15,13.69
6449,"roc",280,59,11,268,-2.31,-1.51,7.1,0.98,0.94,0.94,0,0.04,298.01,4.53,1826749.24,3.08
6450,"roc",183,34,15,167,-4,-3.37,9.59,1.78,1,1,0,0,1029.98,30.06,7872745.78,27.82
6451,"roc",245,61,8,236,-2.26,-1.15,5.65,1.07,0.83,0.77,0.02,0.05,310.1,3.16,1501149.37,2.15
6452,"roc",201,41,13,187,-2.57,-2.24,3.76,1.4,0.99,1,0,0,108.98,9.39,87949.79,7.85
6453,"roc",228,47,14,213,-2.84,-1.95,9.11,1.35,1,1,0,0,529.74,7.03,4085125.63,5.75
6454,"roc",173,37,17,155,-3.22,-2.93,11.94,1.68,0.99,1,0,0,1081.37,18.73,8886469.42,17.05
6455,"roc",219,49,4,214,-3.19,-2.41,8.41,1.75,0.97,0.96,0,0.03,946.94,11.13,7519307.04,9.64
6456,"roc",182,40,13,168,-2.92,-1.8,8.84,1.38,0.93,0.98,0.01,0.03,648.4,6.26,4237674.63,4.89
6457,"roc",231,46,8,222,-2.86,-2.07,6.4,1.63,0.96,0.95,0,0.05,469.32,7.93,2835310.91,6.63
6458,"roc",257,59,17,239,-2.44,-1.71,6.48,1.42,1,1,0,0,440.97,5.53,3333296.96,4.27
6459,"roc",271,60,6,264,-3.08,-2.22,8.36,1.57,0.99,0.98,0,0.02,706.94,9.18,5040294.15,8.04
6460,"roc",349,65,12,336,-3.12,-2.12,9.36,1.49,1,1,0,0,777.27,8.33,4363283.22,6.82
6461,"roc",240,53,9,230,-2.93,-2.19,6.94,1.56,0.97,0.97,0,0.02,671,8.94,5332626.93,7.77
6462,"roc",212,43,7,204,-3.1,-2.36,8.47,1.31,0.96,0.95,0,0.02,700.83,10.59,4907156.18,8.89
6463,"roc",236,46,7,228,-3.04,-2.86,7.09,1.63,1,1,0,0,426.16,17.46,2583800.26,15
6464,"roc",212,42,10,201,-2.47,-1.54,7.05,1.23,0.99,1,0,0,446.8,4.64,3200589.3,3.51
6465,"roc",317,68,17,299,-3.02,-1.81,7.59,1.38,0.98,0.98,0,0.01,593.43,6.08,3655511.94,4.7
6466,"roc",268,57,12,255,-2.6,-1.4,7.78,1.01,0.97,0.96,0,0.02,749.14,4.06,5782261.74,2.94
6467,"roc",164,35,9,154,-2.91,-2.22,6.12,1.7,0.99,1,0,0,357.21,9.21,2752208.73,7.82
6468,"roc",184,41,7,176,-3.24,-2.43,8.28,1.58,0.98,0.97,0,0.02,1142.08,11.36,8763650.21,10.2
6469,"roc",168,37,8,159,-2.81,-2.6,5.72,1.48,0.98,1,0,0,340.15,13.46,2623498.96,11.19
6470,"roc",232,43,13,218,-2.67,-2.22,6.17,1.53,0.96,0.95,0,0.04,549.17,9.21,4430306.36,7.93
6471,"roc",277,64,14,262,-2.25,-1.34,5.68,1.06,0.99,1,0,0,400.58,3.8,3057162.46,2.65
6472,"roc",180,38,14,165,-2.73,-2.12,5.95,1.37,0.95,0.94,0,0.05,394.15,8.33,2747877.5,6.84
6473,"roc",254,52,3,250,-2.74,-2.04,6.55,1.32,0.98,1,0,0,452.19,7.73,3688658.14,6.51
6474,"roc",231,53,16,214,-2.26,-1.6,7.14,1.1,0.93,0.95,0,0.05,417.74,4.95,3393253.39,3.73
6475,"roc",257,52,12,244,-3.13,-2.34,9.2,1.72,0.98,0.97,0,0.02,712.83,10.34,4413722.53,9.13
6476,"roc",230,46,17,212,-2.31,-1.42,7.74,0.86,0.99,1,0,0,461.96,4.14,4142454.47,2.73
6477,"roc",281,53,19,261,-3.11,-2.63,7,1.81,0.97,1,0,0,567.65,13.87,4102479.95,12.35
6478,"roc",324,61,35,288,-2.41,-1.54,7.76,1.12,0.98,0.98,0,0.02,571.38,4.66,4705980.73,3.58
6479,"roc",243,49,11,231,-2.43,-1.35,8.03,1.02,0.99,1,0,0,398.7,3.86,2616415.25,2.67
6480,"roc",282,63,19,262,-2.53,-1.91,6.55,1.47,0.99,1,0,0,658.62,6.75,4969283.34,5.41
6481,"roc",297,67,7,289,-2.61,-1.62,8.35,1.48,0.98,0.98,0,0.02,860.28,5.05,6773933.06,3.99
6482,"roc",262,53,12,249,-2.85,-2.03,8.22,1.61,0.98,1,0,0,669.95,7.61,5146567.1,6.57
6483,"roc",179,38,16,162,-2.8,-2.19,6.95,1.61,0.99,1,0,0,418.39,8.96,2830388.58,7.93
6484,"roc",256,54,7,248,-2.25,-1.44,8.7,1.1,1,1,0,0,510.8,4.2,3883183.79,3
6485,"roc",327,68,14,312,-3.34,-2.18,11.9,1.74,0.98,1,0,0,1178.96,8.98,8679599.16,7.82
6486,"roc",122,26,10,111,-3.35,-2.4,9.95,1.31,0.95,0.93,0,0.05,930.94,11.1,7083248.71,8.58
6487,"roc",250,50,18,231,-2.71,-1.97,6.77,1.29,1,1,0,0,613.66,7.18,4613724.62,5.75
6488,"roc",189,41,13,175,-2.82,-2.48,5.39,1.44,0.97,0.97,0,0.02,549.92,11.94,4603892.42,9.84
6489,"roc",228,54,5,222,-2.3,-2.12,5.12,1.35,0.95,0.94,0,0.02,291.72,8.38,1990917.21,6.87
6490,"roc",222,47,16,205,-2.78,-1.88,7.99,1.23,1,1,0,0,546.62,6.55,4173618.55,5.48
6491,"roc",275,55,21,253,-2.66,-1.62,9.06,1.13,1,1,0,0,636.6,5.05,5239002.11,3.7
6492,"roc",186,41,7,178,-2.98,-1.89,8.67,1.37,1,1,0,0,664.96,6.62,4438415.13,5.13
6493,"roc",166,37,15,150,-2.47,-1.94,5.38,0.93,0.94,1,0.01,0,350.37,6.96,2635846.67,5.44
6494,"roc",141,30,12,128,-3.43,-3.06,7.36,1.57,0.97,1,0,0,787.68,21.72,6198906,20.1
6495,"roc",212,42,16,195,-2.07,-1.66,3.74,0.93,0.93,0.96,0.01,0.04,269.25,5.26,2318864.62,3.65
6496,"roc",297,63,25,271,-2.18,-1.49,4.84,0.92,0.98,0.98,0,0.02,252.44,4.44,1685149.33,3.35
6497,"roc",179,40,8,170,-3.06,-2.98,7.33,1.64,0.98,1,0,0,598.74,19.81,3671443.76,16.97
6498,"roc",198,43,10,187,-2.77,-1.27,11.97,0.95,0.99,1,0,0,801.22,3.56,6460125.85,2.18
6499,"roc",237,49,11,225,-2.91,-2.44,5.99,1.65,0.97,0.96,0,0.02,587.25,11.47,3527499.36,10.2
6500,"roc",135,30,12,122,-3.06,-2.52,7.82,1.58,0.98,1,0,0,1029.91,12.43,7600618.02,10.48
6501,"roc",202,43,10,191,-3.02,-2.55,7.38,1.64,0.96,0.95,0,0.03,432.94,12.81,2598686.74,11.51
6502,"roc",185,39,10,174,-3.23,-3.19,6.33,1.68,0.99,1,0,0,496.89,24.29,3042549.38,22.47
6503,"roc",187,40,7,179,-2.68,-1.64,6.08,1.14,0.96,1,0,0,465.1,5.17,3164561.34,3.71
6504,"roc",201,45,13,187,-2.25,-1.41,6.33,1.18,1,1,0,0,487.61,4.1,4229010.96,3.03
6505,"roc",181,36,12,168,-3.19,-2.58,8.25,1.51,0.95,0.94,0,0.02,446.1,13.2,2780737.1,11.12
6506,"roc",160,34,9,150,-2.99,-2.28,8.64,1.33,0.98,1,0,0,696.97,9.86,5543608.88,7.89
6507,"roc",228,55,10,217,-2.25,-1.77,3.82,1.08,1,1,0,0,291.09,5.87,2044767.4,4.71
6508,"roc",273,46,11,261,-3.05,-2.28,8.15,1.57,0.98,1,0,0,367.48,9.84,2186936.42,8.64
6509,"roc",265,58,17,247,-2.52,-1.54,6.91,1.02,0.98,0.97,0,0.01,534.16,4.64,3642438.04,3.58
6510,"roc",257,61,6,250,-2.87,-1.67,8.96,1.2,0.87,0.84,0.01,0.03,848.08,5.31,6556561.32,3.8
6511,"roc",226,49,8,217,-2.68,-1.87,5.87,1.25,0.99,1,0,0,522.01,6.49,2919303.91,5.29
6512,"roc",163,37,6,156,-3.27,-2.56,6.62,1.48,0.95,0.94,0,0.02,632.05,12.94,5054103.31,11.59
6513,"roc",157,37,8,148,-2.47,-1.68,5.57,1.17,0.97,0.96,0,0.03,420.77,5.37,3054743.1,3.95
6514,"roc",244,58,12,231,-2.14,-1.38,6.16,1.22,0.97,1,0,0,410.64,4,2411792.98,2.94
6515,"roc",225,50,7,217,-2.94,-2.04,6.83,1.22,1,1,0,0,729.09,7.69,5743404.24,5.84
6516,"roc",312,56,8,303,-2.98,-2.42,7.13,1.63,0.99,1,0,0,628.97,11.3,5038348.2,9.85
6517,"roc",236,46,14,221,-2.53,-1.64,7.67,0.79,0.96,0.95,0,0.02,333.88,5.17,2255202.63,3.59
6518,"roc",290,69,13,276,-2.75,-1.88,7.98,1.3,0.96,1,0,0,569.79,6.55,4154574.32,5.48
6519,"roc",212,48,9,202,-2.79,-1.92,8.57,1.34,0.96,0.96,0,0.04,863.33,6.86,7592564.06,5.6
6520,"roc",237,58,10,226,-2.63,-2.1,7.16,1.7,0.98,0.98,0,0.02,486.51,8.18,3606633.83,7.16
6521,"roc",177,42,7,169,-2.49,-1.25,7.4,1.1,0.96,0.95,0,0.02,570.21,3.5,4136639.32,2.47
6522,"roc",222,45,11,210,-3.1,-2.14,8.25,1.24,1,1,0,0,502.55,8.5,2701879.95,7.12
6523,"roc",269,55,13,255,-3.62,-2.7,8.73,1.41,1,1,0,0,999.47,14.88,7051754.05,13.3
6524,"roc",224,53,6,217,-2.74,-1.94,9.4,1.28,0.99,1,0,0,745.87,6.96,5684296.34,5.57
6525,"roc",134,29,16,117,-3.85,-3.2,11.36,2.27,0.99,1,0,0,1157.04,24.53,7687756.94,22.74
6526,"roc",220,46,16,203,-2.98,-2.22,6.32,0.98,1,1,0,0,672.61,9.21,4403290.18,6.68
6527,"roc",275,60,12,262,-2.75,-1.84,7.34,1.26,0.98,0.98,0,0.02,808.62,6.28,6568697.04,5.03
6528,"roc",225,55,4,220,-3.34,-2.54,7.08,1.9,0.99,1,0,0,523.91,12.68,2316084.66,11.25
6529,"roc",139,30,4,134,-2.91,-1.61,10.05,1.06,0.94,0.92,0,0.04,885.93,5.02,6043145.63,3.75
6530,"roc",197,41,13,183,-2.55,-1.65,7.4,1.28,0.99,1,0,0,373.5,5.21,2587651.34,4.15
6531,"roc",272,52,6,265,-2.91,-2.64,5.46,1.51,0.97,0.96,0,0.03,274.81,14.2,1890157.56,12.04
6532,"roc",181,37,10,170,-3.26,-2.01,10.23,1.39,0.95,0.94,0,0.04,938.39,7.46,7405716.04,5.98
6533,"roc",343,65,26,316,-2.47,-1.51,9.49,1.17,0.99,1,0,0,448.36,4.53,3186373.42,3.44
6534,"roc",238,56,9,228,-2.81,-1.85,5.91,1.18,1,1,0,0,575.33,6.38,4597280.91,4.88
6535,"roc",322,62,16,305,-2.37,-1.37,6.76,1.26,0.97,0.96,0,0.01,466.65,3.94,3689285.96,2.91
6536,"roc",283,48,13,269,-2.98,-1.92,7.13,1.43,0.97,0.97,0,0.03,602.93,6.88,3432626.72,5.5
6537,"roc",163,31,8,154,-3.44,-2.76,6.88,2.22,0.91,0.92,0.01,0.08,614.04,15.8,3741436.25,14.63
6538,"roc",234,51,15,218,-2.86,-2.18,6.24,1.07,0.93,0.91,0,0.02,450.8,8.85,3739571.02,6.95
6539,"roc",218,46,20,197,-2.6,-1.65,6.96,1.19,0.99,1,0,0,465.31,5.2,2674132.51,3.92
6540,"roc",217,49,6,210,-2.42,-1.6,7.83,0.93,0.98,1,0,0,298.66,4.95,2053920.08,3.5
6541,"roc",313,67,17,295,-1.97,-1.06,5.97,0.9,0.99,1,0,0,216.39,2.89,1509232.87,1.85
6542,"roc",228,52,7,220,-2.38,-1.92,5.37,0.97,0.96,0.96,0,0.04,233.26,6.87,1880707.97,5.29
6543,"roc",230,48,4,225,-2.7,-1.98,7.88,1.39,1,1,0,0,557.89,7.29,4307393.61,6.02
6544,"roc",167,33,16,150,-2.28,-1.73,4.89,0.81,0.97,0.96,0,0.03,366.42,5.64,2953131.16,4.21
6545,"roc",202,44,11,190,-2.65,-2,7.42,1.47,0.99,1,0,0,762.61,7.45,6389495.83,6.04
6546,"roc",252,53,13,238,-2.52,-1.73,9.35,1.08,0.96,0.96,0,0.02,405.74,5.64,3614896.3,4.07
6547,"roc",244,54,10,233,-2.79,-2.28,6.44,1.75,0.98,0.98,0,0.02,445.55,9.73,3120064.87,8.58
6548,"roc",169,31,8,160,-2.84,-2.61,7.69,0.86,0.97,1,0,0,662.09,13.6,6014147.79,10
6549,"roc",204,44,4,199,-3.7,-3.09,10.93,1.57,1,1,0,0,944.63,21.98,6491878.58,20.62
6550,"roc",273,58,17,255,-2.66,-1.64,7.63,1.29,0.99,0.99,0,0.01,385.44,5.18,2160031.99,4.1
6551,"roc",226,42,14,211,-3.49,-2.8,10.79,1.71,0.95,0.94,0,0.02,798.7,16.36,5464358.25,15.15
6552,"roc",249,53,8,240,-2.48,-1.95,4.18,1.48,0.96,1,0,0,135.86,7.03,188313.98,5.86
6553,"roc",214,46,16,197,-1.99,-1.32,3.89,0.81,0.99,1,0,0,216.73,3.78,1476895.25,2.45
6554,"roc",296,57,21,274,-2.97,-2.37,8.17,1.55,0.97,0.95,0,0.02,687.53,10.7,5559137.24,9.42
6555,"roc",294,59,16,277,-3.56,-2.4,10.04,1.71,1,1,0,0,989.58,11.02,6548824.71,9.86
6556,"roc",261,54,10,250,-2.77,-2.06,7.26,1.66,0.99,1,0,0,704.37,7.86,4582573.58,6.55
6557,"roc",231,49,17,213,-2.25,-1.59,6,1.13,0.98,1,0,0,416.75,4.9,3788740.2,3.73
6558,"roc",152,38,9,142,-3.09,-2.55,5.82,1.54,1,1,0,0,563.33,12.81,3738108.46,11.61
6559,"roc",216,45,9,206,-2.73,-2.06,8.35,1.56,0.89,0.92,0.01,0.08,513.95,7.85,4207888.02,6.78
6560,"roc",187,38,24,162,-3.44,-2.46,6.82,1.27,0.95,0.96,0,0.05,836.43,11.7,3749035.3,10.45
6561,"roc",173,38,10,162,-3.22,-2.45,8.99,1.79,0.99,1,0,0,646.23,11.54,4935969.86,10.31
6562,"roc",273,58,15,257,-2.72,-1.62,7.13,1.24,0.99,1,0,0,744.74,5.05,5159671.82,3.94
6563,"roc",126,26,10,115,-3.36,-2.5,9.78,1.75,0.96,0.94,0,0.04,584.64,12.34,3825325.15,10.9
6564,"roc",274,57,15,258,-2.86,-1.97,7.95,1.27,1,1,0,0,403.64,7.17,2046880.47,5.83
6565,"roc",256,55,12,243,-2.88,-2.44,7.39,1.53,0.98,1,0,0,428.51,11.47,2812347.83,9.87
6566,"roc",212,45,8,203,-2.97,-2.1,8.04,1.43,0.99,1,0,0,383.32,8.17,2291287.85,6.47
6567,"roc",216,45,3,212,-3.15,-1.51,12.16,1.22,1,1,0,0,1230.54,4.53,9036132.6,3.25
6568,"roc",243,51,7,235,-2.95,-2.05,9.41,1.49,0.99,1,0,0,702.95,7.77,5514438.37,6.71
6569,"roc",170,41,10,159,-2.89,-1.93,7.56,1.4,0.92,0.91,0,0.02,833.54,6.89,6782526.58,5.37
6570,"roc",210,44,9,200,-2.4,-1.68,7.18,1.31,0.96,0.95,0,0.03,361.07,5.38,2582636.86,4.38
6571,"roc",219,48,8,210,-2.53,-1.32,8.53,1.18,0.95,0.94,0,0.01,546.19,3.73,4135120.48,2.62
6572,"roc",299,57,14,284,-3.18,-2.06,6.79,1.28,1,1,0,0,622.79,7.85,3794964.5,6.45
6573,"roc",166,38,8,157,-2.52,-1.44,9.8,0.94,0.96,0.94,0,0.03,643.29,4.24,5169288.7,3.04
6574,"roc",240,47,8,231,-3.23,-2.26,8.06,1.67,1,1,0,0,801.91,9.58,5088213.04,8.39
6575,"roc",217,48,9,207,-2.81,-2.33,5.03,1.32,1,1,0,0,325.32,10.36,2276217.4,8.53
6576,"roc",261,51,16,244,-3.32,-2.82,7.21,1.74,0.98,0.98,0,0.02,650.15,16.78,3748002.22,15.1
6577,"roc",176,37,16,159,-2.89,-1.83,7.92,1.43,0.97,1,0,0,651.44,6.23,5062942.27,4.98
6578,"roc",267,51,33,233,-2.24,-1.77,5.71,1.3,0.99,1,0,0,260.95,5.87,1930312.79,4.76
6579,"roc",235,47,19,215,-3.19,-1.96,10.77,1.48,0.94,1,0.01,0,1133.34,7.1,8650551.99,5.9
6580,"roc",226,46,23,202,-2.47,-1.69,8.25,1.5,0.96,0.96,0,0.04,689.68,5.42,5348000.78,4.37
6581,"roc",221,46,15,205,-3.11,-2.28,10.13,1.99,0.98,1,0,0,839.5,9.82,6176568.22,8.56
6582,"roc",296,64,13,282,-2.57,-1.72,7.77,1.28,0.98,1,0,0,382.06,5.56,2160899.63,4.39
6583,"roc",187,39,12,174,-3.05,-2.67,5.23,1.68,0.98,1,0,0,623.84,14.44,4946459.17,12.56
6584,"roc",272,56,12,259,-3.06,-2.36,4.83,1.44,0.96,0.95,0,0.02,301.21,10.6,1821856.83,9.52
6585,"roc",260,58,8,251,-2.81,-2.12,5.28,1.45,0.99,1,0,0,507.87,8.38,3617496.5,7.01
6586,"roc",180,39,17,162,-2.81,-2.14,6.39,1.47,1,1,0,0,381.25,8.5,2559237.85,7.14
6587,"roc",224,47,12,211,-3.39,-1.67,12.65,1.4,0.99,1,0,0,1333.57,5.31,9993121.04,4.17
6588,"roc",190,42,8,181,-2.57,-1.38,8.93,1.01,0.97,0.98,0,0.02,786.13,3.99,5748302.7,2.74
6589,"roc",301,54,20,280,-2.8,-2.02,6.08,1.44,0.96,0.95,0,0.01,278.7,7.58,1834378.09,6.24
6590,"roc",228,48,7,220,-2.66,-1.95,4.65,1.42,0.99,1,0,0,289.27,7.03,2040318.2,5.41
6591,"roc",242,54,16,225,-3.05,-2.24,7.11,1.47,0.97,1,0,0,566.44,9.44,3763773.97,8.19
6592,"roc",191,43,15,175,-2.49,-1.4,11.61,0.97,0.84,0.83,0.01,0.05,523.68,4.06,4426255.33,2.66
6593,"roc",297,59,14,282,-3.06,-2.2,7.86,1.62,0.97,0.96,0,0.03,670.05,9.03,4843735.7,7.81
6594,"roc",262,54,14,247,-2.72,-1.58,8.8,1.34,0.95,1,0,0,521.52,4.88,3676938.72,3.8
6595,"roc",184,37,13,170,-2.65,-1.89,7.69,1.56,1,1,0,0,494.22,6.62,3511709.6,5.58
6596,"roc",145,37,12,132,-2.63,-2.23,5.89,1.61,0.97,1,0,0,624.62,9.3,5106052.65,8.27
6597,"roc",268,57,14,253,-3.31,-2.75,7.96,2.15,1,1,0,0,652.87,15.64,4214203.95,14.33
6598,"roc",200,40,8,191,-2.76,-2.04,7.5,1.68,0.99,1,0,0,469.04,7.88,3356415.95,6.82
6599,"roc",255,57,8,246,-3.09,-2.57,8.06,1.78,1,1,0,0,780.68,13.07,4974253,11.82
6600,"roc",123,26,15,107,-3.58,-2.76,16.15,1.88,0.99,1,0,0,674.22,15.91,4097623.66,14.62
6601,"roc",316,63,26,289,-2.66,-1.93,8.56,1.23,0.99,1,0,0,308.38,6.89,2053903.73,5.53
6602,"roc",199,42,11,187,-2.96,-2.32,6.03,1.23,1,1,0,0,425.38,10.18,2642449.49,8.63
6603,"roc",116,28,6,109,-2.79,-1.19,9.11,1.02,0.89,0.88,0.01,0.09,908.34,3.32,6581375.34,2.2
6604,"roc",251,53,6,244,-2.66,-1.72,7.82,1.35,0.98,1,0,0,684.17,5.58,5399840.28,4.43
6605,"roc",182,43,8,173,-2.53,-1.77,5.97,1.11,0.98,1,0,0,470.91,5.87,3541880.03,4.05
6606,"roc",200,40,18,181,-2.63,-2.27,4.77,1.58,0.98,1,0,0,318.33,9.68,2126940.15,8.56
6607,"roc",185,42,15,169,-1.93,-1.09,7.67,1.02,0.97,0.97,0,0.02,257.87,3.04,2316925.26,1.99
6608,"roc",154,34,14,139,-2.89,-1.96,8.85,1.5,0.98,1,0,0,1107.91,7.12,7884543.78,5.75
6609,"roc",217,40,12,204,-2.47,-1.8,4.73,1.39,0.96,1,0,0,255.37,6.11,670529.87,4.88
6610,"roc",302,60,12,289,-2.34,-1.88,3.16,0.99,0.99,1,0,0,85.72,6.56,79805.64,5.07
6611,"roc",222,48,8,213,-2.78,-2.14,5.75,1.49,0.94,0.96,0,0.04,512.22,8.68,3984155.61,7.26
6612,"roc",179,33,3,175,-3.8,-2.78,11.37,1.93,0.96,1,0,0,1179.02,16.12,8314648.63,14.77
6613,"roc",224,43,26,197,-2.48,-1.69,6.38,1.44,0.98,1,0,0,291.19,5.42,2261839.42,4.25
6614,"roc",275,56,18,256,-2.35,-1.45,5.81,1.19,0.96,0.97,0,0.03,402.54,4.26,2537217.84,3.07
6615,"roc",219,52,6,212,-2.2,-1.34,6.94,1.05,0.95,0.94,0,0.02,432.57,3.83,3680539.7,2.67
6616,"roc",188,38,7,180,-3.34,-2.71,8.74,1.46,1,1,0,0,736.81,15.04,5511490.6,12.85
6617,"roc",233,48,9,223,-2.39,-1.92,4.99,1.4,0.99,1,0,0,262.9,6.83,2050059.66,5.59
6618,"roc",184,40,13,170,-2.57,-1.99,8.45,1.64,0.98,1,0,0,318.29,7.32,2444922.13,6.09
6619,"roc",177,39,11,165,-3.4,-2.58,9.31,1.61,0.98,1,0,0,671.38,13.2,4968038.89,11.21
6620,"roc",200,42,12,187,-2.43,-1.68,5.76,1.24,0.99,1,0,0,328.41,5.38,2404879.41,3.92
6621,"roc",232,48,5,226,-2.83,-1.84,7.28,1.29,1,1,0,0,476.47,6.3,2574548.77,5.15
6622,"roc",238,49,5,232,-2.92,-2.08,9.39,1.36,0.74,0.69,0.02,0.07,792.1,8,5764701.53,6.28
6623,"roc",243,51,6,236,-2.84,-2.01,8.24,1.24,1,1,0,0,725,7.46,5596639.77,6.03
6624,"roc",194,46,7,186,-2.73,-2.26,5.41,1.71,0.99,1,0,0,343.79,9.6,2216704.55,8.54
6625,"roc",224,45,18,205,-3.13,-1.9,8.74,1.38,0.99,1,0,0,444.19,6.69,2303782.09,5.55
6626,"roc",278,86,8,269,-1.86,-1.14,4.56,1.12,0.98,1,0,0,218.3,3.11,1377682.08,2.11
6627,"roc",256,50,18,237,-2.63,-2.24,6.57,1.5,0.98,1,0,0,272.28,9.44,1955121.03,8.13
6628,"roc",306,62,11,294,-2.81,-2.19,5.85,1.48,0.99,1,0,0,480.39,8.94,3334234.27,7.65
6629,"roc",255,51,19,235,-2.8,-1.98,9.61,1.28,0.97,0.96,0,0.03,670.81,7.24,5503966.98,6.08
6630,"roc",271,53,23,247,-3.44,-3.06,9.32,1.42,0.98,1,0,0,705.58,21.33,5368602.88,19.79
6631,"roc",202,46,5,196,-2.77,-1.7,7.14,1.2,0.98,1,0,0,568.93,5.49,4178936.27,4.31
6632,"roc",181,39,13,167,-2.44,-1.53,5.33,1.21,0.97,0.97,0,0.02,352.6,4.62,2514314.88,3.54
6633,"roc",253,50,11,241,-2.82,-1.55,9.26,1.33,0.99,1,0,0,679.93,4.74,4933985.03,3.73
6634,"roc",225,52,7,217,-2.53,-1.5,8.01,1.19,0.95,0.95,0,0.05,627.18,4.46,4757638.51,3.17
6635,"roc",285,59,13,271,-2.38,-1.52,8.23,0.9,0.97,1,0,0,572.08,4.57,3877056.74,3.27
6636,"roc",237,53,12,224,-2.54,-1.96,6.35,1.27,0.98,0.98,0,0.02,349.16,7.1,2278776.8,5.18
6637,"roc",275,57,15,259,-2.26,-1.4,6.88,1.11,0.99,1,0,0,284.72,4.06,1828337.56,2.91
6638,"roc",211,49,10,200,-2.56,-1.46,7.51,1.38,0.96,0.95,0,0.02,635.96,4.31,4846438.22,3.31
6639,"roc",302,60,11,290,-3.5,-2.36,10.82,1.79,0.98,0.99,0,0.01,761.89,10.66,4898700.12,9.63
6640,"roc",195,46,11,183,-2.93,-2.24,8.43,1.31,1,1,0,0,481.35,9.4,4132028.78,7.71
6641,"roc",229,47,16,212,-3.08,-1.96,8.66,1.94,0.98,1,0,0,711.94,7.1,3632840.93,6.1
6642,"roc",263,53,14,248,-2.9,-2.18,6.79,1.31,1,1,0,0,347.01,8.85,2113986.15,7.22
6643,"roc",282,60,18,263,-2.81,-2.04,7.96,1.63,1,1,0,0,604.6,7.74,4245026.09,6.58
6644,"roc",200,44,10,189,-2.56,-2.14,5.33,1.49,0.98,0.98,0,0.02,290.77,8.56,2211270.76,7.18
6645,"roc",179,41,12,166,-3.38,-2.33,8.41,1.58,0.99,1,0,0,526.5,10.28,3099975.65,8.55
6646,"roc",296,59,21,274,-2.39,-1.85,4.8,1.3,1,1,0,0,301.49,6.36,2018880.5,5.11
6647,"roc",218,44,8,209,-2.92,-1.92,8.23,0.84,0.97,0.96,0,0.04,714.33,6.82,6312458.55,4.71
6648,"roc",225,40,29,195,-2.7,-1.98,7.54,1.23,0.97,0.96,0,0.02,680.8,7.28,5137801.18,5.75
6649,"roc",174,35,16,157,-2.72,-1.36,11.39,1.16,0.95,0.94,0,0.06,779.62,3.9,5604285.46,2.7
6650,"roc",274,55,8,265,-2.92,-2.07,5.86,1.28,0.97,0.97,0,0.02,345.48,7.92,1941347.33,6.6
6651,"roc",210,40,13,196,-3.41,-2.66,11.96,1.67,0.99,1,0,0,1167.88,14.38,9127702.77,12.5
6652,"roc",209,45,15,193,-3.28,-2.22,8.89,1.41,0.99,1,0,0,872.26,9.21,6229730.46,7.67
6653,"roc",234,45,9,224,-3.06,-2.39,8.33,1.5,0.99,1,0,0,714.24,10.91,6172110.9,9.31
6654,"roc",211,43,9,201,-3.11,-2.67,9.88,1.29,0.97,0.96,0,0.02,325.13,14.44,2313175.98,12.52
6655,"roc",205,47,4,200,-2.84,-1.67,8.55,1.19,1,1,0,0,644.74,5.31,4608103.47,4.04
6656,"roc",151,32,5,145,-3.15,-2.4,7.53,1.58,0.98,1,0,0,875.62,11.02,6131954.19,9.16
6657,"roc",270,57,17,252,-3.09,-1.97,12.21,1.54,0.99,1,0,0,1024.32,7.17,7641598.3,6.1
6658,"roc",270,56,6,263,-3.22,-2.49,7.62,1.63,1,1,0,0,907.31,12.06,6480309.26,10.46
6659,"roc",269,62,18,250,-2.53,-1.28,9.6,1.12,0.96,1,0,0,737.54,3.6,5600927.65,2.5
6660,"roc",235,54,9,225,-2.89,-1.72,9.72,1.24,0.91,0.89,0,0.01,744.03,5.56,5529043.44,4.16
6661,"roc",189,42,5,183,-3.67,-2.88,7.34,1.84,0.96,0.95,0,0.03,770.97,17.76,4618766.4,16.28
6662,"roc",313,64,11,301,-2.8,-1.92,8.33,1.5,0.98,1,0,0,599.67,6.88,4658024.13,5.8
6663,"roc",267,56,24,242,-2.74,-1.84,7.2,1.33,0.94,1,0.01,0,599.28,6.34,2904907.98,5.01
6664,"roc",178,36,9,168,-3.02,-2.58,8.21,2.04,0.99,1,0,0,529.36,13.15,3767875.14,11.84
6665,"roc",272,57,7,264,-2.65,-2.1,5.61,1.58,0.99,1,0,0,394.26,8.17,2548848.09,6.94
6666,"roc",280,65,9,270,-3.32,-1.96,11.66,1.68,0.99,1,0,0,1514.82,7.1,11123921.15,5.9
6667,"roc",294,56,9,284,-2.92,-2,8.56,1.52,1,1,0,0,525.02,7.36,3029763.66,6.26
6668,"roc",248,53,8,239,-3.75,-3.51,7.57,2.16,1,1,0,0,845.77,33.45,5677576.32,32.1
6669,"roc",280,58,10,269,-2.86,-2.48,7.34,1.39,0.99,1,0,0,420.09,11.88,2400759.4,10.16
6670,"roc",200,40,10,189,-2.97,-2.43,8.11,1.79,0.97,1,0,0,427.43,11.44,2577295.28,10.29
6671,"roc",204,44,4,199,-2.73,-1.47,8.54,1.22,0.97,1,0,0,720.06,4.36,4832130.9,3.16
6672,"roc",227,41,15,211,-3.25,-3.18,7.68,1.52,0.99,1,0,0,591.7,24.05,4635747.32,21.95
6673,"roc",299,63,8,290,-3,-2.48,7.09,1.23,0.98,0.97,0,0.03,445.39,11.94,2839479.26,10.15
6674,"roc",227,44,11,215,-3.09,-2.09,13.07,1.33,0.96,0.96,0,0.04,867.39,8.12,6238513.51,6.27
6675,"roc",238,45,21,216,-2.19,-1.63,2.61,0.96,0.93,0.91,0,0.02,69.22,5.1,77361.76,3.79
6676,"roc",281,64,6,274,-2.05,-1.25,6.07,0.99,0.99,1,0,0,329.91,3.47,2077696.97,2.27
6677,"roc",290,54,17,272,-2.25,-1.2,6.4,1.08,0.99,1,0,0,237.46,3.35,1810958.65,2.34
6678,"roc",205,53,12,192,-2.27,-1.58,4.59,1.22,0.91,0.87,0,0.04,260.09,4.85,1862922.02,3.66
6679,"roc",251,42,8,242,-3.43,-2.28,9.46,1.49,0.98,1,0,0,893.13,9.74,5281038.18,8.44
6680,"roc",190,44,12,177,-2.31,-2,4.82,1.12,1,1,0,0,434.65,7.42,3279936.28,6.01
6681,"roc",302,63,19,282,-2.77,-2.37,6.65,1.53,0.98,1,0,0,277.22,10.7,1645287.27,9.24
6682,"roc",189,42,15,173,-2.61,-1.8,10.82,1.42,0.95,0.94,0,0.02,292.38,6.02,2312345.5,4.82
6683,"roc",167,39,8,158,-3.29,-2.52,7.81,1.54,0.95,0.95,0,0.02,849.6,12.43,6168224.61,11.2
6684,"roc",171,42,10,160,-2.29,-1.83,5.62,1.24,0.95,0.94,0,0.03,282.42,6.23,2320887.46,4.89
6685,"roc",228,51,3,224,-2.48,-1.92,5.64,1.2,0.88,0.87,0,0.02,301.71,6.82,1986959.06,5.57
6686,"roc",219,46,7,211,-3.44,-2.3,8.87,1.34,0.97,0.96,0,0.04,951.18,10.12,7556606.93,8.5
6687,"roc",282,55,22,259,-2.47,-2.02,4.73,1.11,1,1,0,0,417.13,7.54,3518288.21,5.92
6688,"roc",213,45,19,193,-2.25,-1.56,5.55,0.93,0.96,0.94,0,0.02,485.99,4.76,2972966.01,2.96
6689,"roc",300,68,21,278,-2.28,-1.54,5.84,1.19,0.98,1,0,0,476.19,4.69,4195785.02,3.35
6690,"roc",321,68,10,310,-3.09,-1.81,9.24,1.42,0.99,1,0,0,663.23,6.08,3576694.41,5
6691,"roc",249,51,12,236,-3.38,-2.13,11,1.4,0.98,0.97,0,0.02,1410.18,8.41,9892127.86,6.89
6692,"roc",206,44,17,188,-2.9,-1.98,7.4,1.4,0.98,1,0,0,360.9,7.24,2279257.6,6.11
6693,"roc",300,68,15,284,-2.76,-1.96,7.77,1.59,0.99,0.98,0,0.02,470.5,7.1,3038277.88,6.01
6694,"roc",274,53,17,256,-2.35,-1.49,5.06,0.97,0.97,1,0,0,293.76,4.44,1948332.31,3.14
6695,"roc",255,50,12,242,-2.66,-1.53,9.6,1.21,0.99,1,0,0,540.25,4.64,3920306.77,3.43
6696,"roc",220,44,16,203,-2.98,-2.06,7.67,1.12,1,1,0,0,843.02,7.88,6185558.29,6.67
6697,"roc",249,52,13,235,-3.14,-2.78,7.74,1.88,0.98,1,0,0,722.33,16.15,5491760.11,14.77
6698,"roc",304,62,14,289,-3,-2.28,8.51,1.39,0.99,1,0,0,899.41,9.75,6966366.44,7.88
6699,"roc",208,44,6,201,-2.97,-2.58,8.13,1.45,0.97,0.98,0,0.03,529.81,13.28,3442255.84,11.5
6700,"roc",286,63,12,273,-2.26,-1.35,7.32,1.01,0.96,0.95,0,0.01,268.91,3.86,1674782.12,2.67
6701,"roc",226,45,18,207,-2.95,-1.54,13.29,1.25,1,1,0,0,533.17,4.66,2598909.59,3.59
6702,"roc",251,51,15,235,-2.39,-1.41,4.65,1.1,0.98,0.98,0,0.02,357.18,4.1,2620718.65,3.07
6703,"roc",277,63,11,265,-2.69,-1.92,8.38,1.12,0.99,1,0,0,492.29,6.82,3310634,5.48
6704,"roc",273,67,4,268,-2.04,-1.41,5.53,1.12,0.98,0.98,0,0.02,435.98,4.1,3457432.09,2.97
6705,"roc",146,32,19,126,-3.09,-2.74,7.05,1.49,1,1,0,0,500.86,15.41,3323898,13.59
6706,"roc",245,54,17,227,-2.81,-1.74,10.52,1.37,1,1,0,0,720.47,5.72,5467667.76,4.48
6707,"roc",229,50,5,223,-2.65,-2.04,5.82,1.17,0.92,0.96,0.01,0.04,453.38,7.79,3812297.74,5.8
6708,"roc",249,55,8,240,-2.65,-1.9,8.09,1.39,0.99,1,0,0,635.45,6.69,4171088.21,5.27
6709,"roc",241,55,3,237,-2.91,-2.33,5.39,1.63,0.99,1,0,0,559.29,10.28,4128283.09,8.73
6710,"roc",180,40,7,172,-3.15,-1.98,7.59,1.6,0.96,0.94,0,0.02,700.2,7.27,4961482.63,6.21
6711,"roc",258,53,6,251,-3.02,-2.48,8.1,1.68,0.99,1,0,0,410.57,11.94,2145312.99,10.48
6712,"roc",171,40,10,160,-2.33,-1.49,6.7,1.04,0.99,1,0,0,419.32,4.45,3017718.47,3.35
6713,"roc",254,54,16,237,-1.94,-1.19,3.9,0.9,0.97,0.96,0,0.02,234.24,3.31,1843190.81,2.15
6714,"roc",230,51,15,214,-3.04,-2.17,5.64,1.37,0.99,1,0,0,500.04,8.76,3417804.47,7.3
6715,"roc",333,52,16,316,-3.55,-2.48,8.88,1.7,0.99,1,0,0,644.91,11.94,3930812.26,10.04
6716,"roc",301,61,17,283,-2.61,-2.13,5.95,1.39,0.99,1,0,0,379.51,8.41,2475772.7,7.34
6717,"roc",225,48,14,210,-2.76,-1.49,9.22,1.37,0.97,0.97,0,0.02,588.98,4.44,4180843.54,3.32
6718,"roc",228,52,11,216,-2.6,-1.69,9.07,1.21,1,1,0,0,472.15,5.46,3749937.24,4.27
6719,"roc",203,45,10,192,-2.35,-1.82,4.07,1.32,0.94,0.93,0,0.03,164.9,6.17,310218.35,4.96
6720,"roc",276,61,9,266,-2.3,-1.64,4.29,1.12,0.96,0.95,0,0.02,280.93,5.16,1921196.39,3.78
6721,"roc",231,49,12,218,-3.07,-2.37,9.42,1.67,0.92,0.9,0,0.04,562.64,10.7,3964562.82,9.49
6722,"roc",335,71,16,318,-2.98,-1.87,8.46,1.53,0.92,0.94,0.01,0.06,726.96,6.49,5269164.86,5.44
6723,"roc",208,49,16,191,-2.08,-1.53,6.56,1.25,0.98,0.97,0,0.01,235.76,4.62,1991794.82,3.46
6724,"roc",337,63,20,316,-2.6,-2.13,7.48,1.48,0.83,0.78,0.02,0.06,557.23,8.41,4517869.43,6.92
6725,"roc",206,46,11,194,-3.11,-2.3,9.35,1.64,0.97,0.96,0,0.02,612.74,9.96,4262228.54,8.9
6726,"roc",276,61,4,271,-2.58,-1.75,6.59,1.19,0.96,1,0,0,353.22,5.75,1861239.59,4.12
6727,"roc",261,57,9,251,-2.28,-1.74,5.91,1.11,1,1,0,0,213.58,5.7,1721272.48,3.91
6728,"roc",225,49,12,212,-3.23,-3.05,10.41,1.93,0.96,0.95,0,0.01,667.46,21.12,5010851.25,19.73
6729,"roc",238,54,12,225,-2.46,-1.65,5.49,1.24,1,1,0,0,435.18,5.28,3553797.67,4.03
6730,"roc",159,35,13,145,-2.77,-2.25,6.68,1.32,0.91,0.9,0.01,0.07,408.17,9.49,2904377.18,7.92
6731,"roc",214,44,15,198,-2.18,-1.6,5.04,1.21,0.91,0.92,0.01,0.07,257.45,4.97,2212562.95,3.79
6732,"roc",210,42,19,190,-2.37,-1.68,6.74,1.17,0.96,0.94,0,0.01,268.69,5.36,2313510.08,4.05
6733,"roc",293,66,9,283,-3.03,-2.2,9.6,1.72,1,1,0,0,722.95,9.04,5676993.23,7.8
6734,"roc",137,31,9,127,-3.06,-1.7,8.78,1.42,1,1,0,0,710.02,5.47,3876066.79,4.26
6735,"roc",225,49,5,219,-2.87,-2.26,7.08,1.36,0.93,0.94,0.01,0.06,414.12,9.58,2419043.83,7.29
6736,"roc",310,62,13,296,-3.51,-2.64,11.11,1.6,1,1,0,0,1169.03,14.02,8424326.46,12.72
6737,"roc",222,46,6,215,-2.53,-2,7.32,1.12,0.99,1,0,0,668.93,7.39,6075433.69,5.37
6738,"roc",226,47,13,212,-2.52,-2.08,3.3,1.16,0.98,1,0,0,185.09,8,791585.4,5.77
6739,"roc",285,57,15,269,-3,-2.4,8.61,1.24,0.98,1,0,0,749.78,11.02,6473407.66,9.27
6740,"roc",170,35,14,155,-2.73,-2.26,4.89,1.57,0.96,0.95,0,0.03,395.7,9.58,2866803.17,8.23
6741,"roc",225,49,8,216,-2.54,-1.63,8.44,1.35,0.96,0.95,0,0.02,462.89,5.1,3898216.29,3.88
6742,"roc",241,43,16,224,-2.99,-1.83,13.34,1.3,0.82,0.76,0.02,0.09,1029.44,6.23,8534268.86,4.75
6743,"roc",235,46,14,220,-2.87,-2.46,4.29,1.41,0.94,0.95,0,0.05,294.93,11.71,2122860.95,10.13
6744,"roc",341,63,15,325,-2.86,-2.14,8.14,1.97,0.98,1,0,0,490.28,8.5,3101197.91,7.46
6745,"roc",262,52,18,243,-2.68,-1.62,8.62,1.23,0.99,1,0,0,664.18,5.08,5465724.99,4.05
6746,"roc",223,47,8,214,-2.6,-2.11,6.64,1.25,0.96,1,0.01,0,298.05,8.25,2098251.46,7.12
6747,"roc",216,43,16,199,-3.93,-3.42,11.37,2.51,0.98,1,0,0,1253.84,30.57,7932514.89,29.15
6748,"roc",253,54,9,243,-2.44,-1.71,5.44,1.24,0.98,0.97,0,0.02,347.88,5.54,2258226.56,4.46
6749,"roc",232,45,17,214,-2.39,-1.86,3.9,1.21,0.99,1,0,0,258.38,6.42,2161187.43,4.63
6750,"roc",246,50,16,229,-3.89,-3.04,8.95,1.96,1,1,0,0,995.42,20.88,7236504.73,19.72
6751,"roc",248,48,15,232,-2.96,-2.16,9.4,1.63,0.99,1,0,0,703.9,8.72,5875349.24,7.46
6752,"roc",289,58,7,281,-3.45,-2.22,11.63,1.5,0.97,0.96,0,0.04,1297.72,9.27,9898767.7,7.82
6753,"roc",220,40,17,202,-2.11,-1.49,7.61,1.11,0.96,1,0,0,273.2,4.44,2429359.24,3.19
6754,"roc",229,44,24,204,-2.59,-1.45,8.33,1.25,0.99,1,0,0,654.45,4.26,5444335.91,3.23
6755,"roc",307,64,10,296,-3.13,-2.77,5.66,1.5,0.99,1,0,0,425.83,15.96,2190016.12,14.55
6756,"roc",199,44,5,193,-3.42,-2.96,11.04,1.71,0.99,1,0,0,405.82,19.34,2312308.14,17.78
6757,"roc",173,36,16,156,-2.34,-1.96,6.63,1.33,0.99,1,0,0,302.61,7.1,2690238.83,5.59
6758,"roc",325,72,15,309,-2.4,-2.09,4.46,1.21,0.97,0.97,0,0.01,233.06,8.09,1480260.33,6.67
6759,"roc",319,63,9,309,-2.36,-1.61,6.49,1.25,0.92,0.88,0.01,0.05,371.42,5,2979478.75,3.85
6760,"roc",238,51,17,220,-2.79,-1.54,8.86,1.01,0.96,0.97,0,0.03,836.1,4.66,5928492.76,3.17
6761,"roc",204,39,16,187,-2.85,-1.56,7.98,0.85,0.98,1,0,0,700.88,4.76,5011557.98,3.42
6762,"roc",338,73,18,319,-3.22,-2.43,6.61,1.73,1,1,0,0,680.17,11.36,4004118.87,10.36
6763,"roc",189,37,9,179,-2.65,-1.74,9.53,0.88,0.99,1,0,0,800.25,5.7,5942417.85,4.08
6764,"roc",209,45,10,198,-2.95,-2.47,6.62,1.31,1,1,0,0,450.53,11.82,2727191.13,10.05
6765,"roc",274,58,11,262,-2.06,-1.47,5.89,0.91,0.94,0.92,0,0.03,261.82,4.35,1823584.07,2.97
6766,"roc",221,47,15,205,-2.22,-1.49,5.77,1.08,0.93,0.93,0.01,0.07,245.65,4.44,2074569.84,3.28
6767,"roc",313,68,11,301,-2.29,-1.51,6.27,1.23,0.99,1,0,0,376.31,4.56,2925273.24,3.43
6768,"roc",272,63,11,260,-3.25,-2.14,7.99,1.47,1,1,0,0,871.82,8.5,5608112.74,6.88
6769,"roc",255,53,4,250,-3.1,-2.31,6.89,1.28,0.97,1,0,0,567.4,10.07,4073709.04,8.53
6770,"roc",232,49,5,226,-2.75,-1.95,7.06,1.39,0.99,1,0,0,571.69,7.03,4064985.17,5.28
6771,"roc",183,39,13,169,-2.47,-1.66,8.55,1.41,0.98,1,0,0,463.27,5.26,3444507.54,4.09
6772,"roc",215,47,3,211,-2.84,-2.22,6.86,1.69,0.98,1,0,0,337.86,9.21,2112579.02,7.94
6773,"roc",267,58,13,253,-2.37,-1.38,5.77,1.15,0.97,0.96,0,0.02,331.47,3.97,2057797.62,2.85
6774,"roc",249,54,6,242,-2.99,-2.4,8.24,1.9,0.99,1,0,0,377.39,11.02,2017334.75,9.98
6775,"roc",252,55,5,246,-2.7,-2.07,6.91,1.27,1,1,0,0,500.11,7.92,3771701.41,6.54
6776,"roc",236,52,16,219,-2.48,-1.66,5.33,1.44,0.99,1,0,0,501.85,5.26,3968887.56,4.11
6777,"roc",204,41,14,189,-2.7,-1.69,12.14,1.34,0.99,1,0,0,792.75,5.42,6762118.82,4.25
6778,"roc",316,66,17,298,-2.67,-1.78,6.99,1.21,0.97,0.98,0,0.02,492.62,5.9,3286270.12,4.2
6779,"roc",258,56,8,249,-3.41,-2.58,6.95,1.55,0.98,1,0,0,756.66,13.2,4343378.81,11.84
6780,"roc",187,37,14,172,-2.95,-1.55,11.63,1.33,1,1,0,0,790.36,4.71,4648515.87,3.68
6781,"roc",196,42,15,180,-2.88,-2.08,7.73,1.08,0.98,1,0,0,320.39,8,2351764.63,6.71
6782,"roc",224,49,9,214,-3.02,-1.87,8.58,1.32,0.96,0.96,0,0.04,813.6,6.49,5918255.01,4.95
6783,"roc",173,39,10,162,-3.1,-1.9,8.19,1.2,0.97,0.96,0,0.02,494.82,6.69,2935169.87,5.48
6784,"roc",184,44,9,174,-2.48,-1.88,5.39,1.07,0.97,0.97,0,0.02,262.74,6.55,2213251.03,4.57
6785,"roc",252,53,14,237,-2.53,-1.41,8.1,1.08,0.96,0.95,0,0.01,647.67,4.1,5319037.08,3.1
6786,"roc",222,49,7,214,-2.45,-1.64,6.98,1.29,0.94,0.93,0,0.01,410.25,5.16,3359793.41,3.96
6787,"roc",196,42,12,183,-2.54,-1.65,7.16,1.15,1,1,0,0,288.78,5.24,2312996.71,3.94
6788,"roc",251,54,4,246,-3.07,-2.37,7.16,1.46,0.98,1,0,0,636.08,10.7,5189227.37,9.54
6789,"roc",191,46,8,182,-2.31,-1.92,3.64,1,0.96,0.96,0,0.04,192.21,6.81,833366,5.33
6790,"roc",130,32,8,121,-2.26,-1.76,4.91,1.01,0.98,1,0,0,362.51,5.78,3030889.19,4.22
6791,"roc",325,63,17,307,-2.56,-1.96,5.62,1.32,0.98,1,0,0,409.83,7.1,3119257.1,5.68
6792,"roc",170,40,10,159,-3.05,-2.15,9.65,1.71,1,1,0,0,496.19,8.72,3074818.46,7.37
6793,"roc",268,51,14,253,-2.93,-1.85,9.09,1.33,0.99,1,0,0,590.6,6.36,3909578.78,5.1
6794,"roc",292,60,15,276,-2.89,-1.56,10.11,1.23,0.97,0.97,0,0.03,971.65,4.78,7142384.97,3.59
6795,"roc",142,35,6,135,-2.66,-1.52,5.14,0.91,0.91,0.88,0.01,0.05,315.57,4.57,1109009.57,3.44
6796,"roc",225,45,9,215,-3.01,-2.28,6.98,1.61,0.99,1,0,0,459.76,9.78,2598904.74,8.26
6797,"roc",166,35,9,156,-2.15,-1.32,4.03,0.69,0.99,1,0,0,259.47,3.74,1642977.66,2.02
6798,"roc",258,49,12,245,-2.94,-2.12,8.9,1.39,0.96,0.95,0,0.02,1020.36,8.33,8275265.95,6.88
6799,"roc",286,52,11,274,-2.78,-1.66,8.85,1.04,0.97,0.96,0,0.02,770.34,5.32,5934994.58,4.21
6800,"roc",339,65,21,317,-3,-1.97,9.88,1.76,0.97,1,0,0,605.09,7.17,4411472.2,6.14
6801,"roc",247,48,17,229,-2.7,-2.25,6.12,1.35,0.98,0.97,0,0.02,281.5,9.49,2085345.44,7.55
6802,"roc",256,53,4,251,-2.77,-1.63,8.5,1.19,0.98,1,0,0,630.85,5.1,5313996.57,3.75
6803,"roc",299,67,10,288,-2.4,-1.91,3.4,1.16,0.97,0.96,0,0.01,210.54,6.75,1489589.77,5.23
6804,"roc",346,78,8,337,-2.66,-1.94,7.92,1.51,0.97,0.96,0,0.03,613.99,6.96,4345146.59,5.84
6805,"roc",151,35,3,147,-2.67,-1.5,8.72,1.13,0.95,0.93,0,0.02,418.97,4.48,2806733.33,3.37
6806,"roc",184,40,14,169,-2.69,-2.14,5.25,1.4,0.98,0.97,0,0.03,302.24,8.5,2422224.64,6.51
6807,"roc",209,44,22,186,-2.2,-1.46,6.28,0.93,0.95,0.96,0,0.04,518.12,4.33,4324498.09,3.25
6808,"roc",218,45,11,206,-2.43,-1.79,4.67,1.3,0.99,1,0,0,231.34,5.99,855455.41,4.64
6809,"roc",325,76,13,311,-2.64,-2.25,4.92,1.35,1,1,0,0,283.96,9.5,1600255.45,8.23
6810,"roc",214,54,2,211,-2.52,-1.98,6.46,1.42,0.98,1,0,0,462.24,7.2,3647578.9,5.88
6811,"roc",261,60,8,252,-2.3,-1.59,5.87,1.19,0.97,0.97,0,0.03,443.17,4.93,3384161.84,3.69
6812,"roc",134,24,15,118,-3.57,-2.8,10.94,1.51,0.95,0.94,0,0.04,866.31,16.66,6729224.38,14.96
6813,"roc",250,52,5,244,-2.42,-1.42,8.04,1.03,0.95,0.95,0,0.05,784.55,4.12,6315153.19,2.85
6814,"roc",270,58,11,258,-2.52,-1.14,9.07,0.95,0.98,0.98,0,0.02,591.44,3.11,4863693.74,2.04
6815,"roc",296,54,13,282,-2.92,-2.24,6.17,1.78,0.99,1,0,0,450.01,9.4,3532079.82,8.21
6816,"roc",337,73,24,312,-2.98,-1.63,8.14,1.41,0.98,1,0,0,792.77,5.1,5948234.31,4.03
6817,"roc",205,43,14,190,-2.49,-1.9,6.56,1.01,0.96,0.96,0,0.04,383.57,6.69,2536274.74,5.06
6818,"roc",211,45,8,202,-3.1,-2.04,10.59,1.15,0.92,0.92,0,0.05,890.66,7.69,6396223.68,6.07
6819,"roc",227,49,5,221,-3.08,-2.48,7.11,1.63,0.89,0.88,0,0.02,676.93,11.94,4520581.11,10.66
6820,"roc",220,46,4,215,-3.18,-1.98,10.01,1.44,1,1,0,0,637.05,7.21,4320038.29,5.96
6821,"roc",167,36,7,159,-2.83,-1.59,8.53,1.3,0.91,0.88,0.01,0.05,844.03,4.9,5513977.06,3.81
6822,"roc",222,49,9,212,-2.69,-1.72,9.48,1.27,1,1,0,0,863.06,5.58,6955020.48,4.3
6823,"roc",269,59,4,264,-3.06,-2.09,9.1,1.29,0.98,1,0,0,839.86,8.08,6060815.9,6.29
6824,"roc",330,70,16,313,-2.35,-1.74,6.24,1.26,0.97,0.97,0,0.01,482.65,5.67,4090451.99,4.22
6825,"roc",272,61,17,254,-2.75,-2.03,8.94,1.36,0.98,0.98,0,0.02,581.69,7.61,3638568.42,6.04
6826,"roc",245,54,14,230,-2.87,-2.12,8.95,1.35,1,1,0,0,832.1,8.43,6833653.72,7.31
6827,"roc",210,41,15,194,-2.9,-1.71,12.66,1.35,0.91,1,0.01,0,628.47,5.53,4774159.54,4.27
6828,"roc",202,50,10,191,-2.53,-1.88,7.1,1.54,0.99,1,0,0,297.44,6.52,1973286.56,5.53
6829,"roc",209,47,15,193,-3.03,-2.38,7.42,1.62,0.99,1,0,0,360.17,10.8,2276554.6,9.77
6830,"roc",254,56,7,246,-2.89,-1.94,6.35,1.39,0.98,0.97,0,0.02,431.61,6.99,2551685.33,5.77
6831,"roc",179,33,16,162,-3.05,-2.04,8.19,1.65,0.98,1,0,0,505.75,7.69,3025429.84,6.58
6832,"roc",180,40,9,170,-2.8,-1.88,6.37,1.33,1,1,0,0,437.26,6.6,2900642,5.29
6833,"roc",288,62,22,265,-2.53,-1.54,5.55,1.25,0.83,0.81,0.02,0.09,459.1,4.69,3159258.75,3.46
6834,"roc",364,78,15,348,-2.91,-2.3,5.59,1.29,0.98,0.99,0,0.01,414.06,10,2215300.79,8.29
6835,"roc",233,52,8,224,-2.87,-2.14,7.68,1.41,0.96,0.95,0,0.02,643.54,8.51,4275352.31,7.02
6836,"roc",187,38,13,173,-3.02,-2.56,8.78,1.63,0.98,1,0,0,355.23,13.04,2567089.16,11.77
6837,"roc",254,51,10,243,-2.74,-2.13,6.67,1.47,0.99,1,0,0,572.16,8.41,4082991.11,7.06
6838,"roc",313,72,11,301,-2.01,-1.46,4.34,1.12,0.95,0.96,0,0.05,297.15,4.28,2691221.05,3.1
6839,"roc",185,37,17,167,-2.69,-1.55,13.53,1.26,0.99,1,0,0,613.38,4.71,4335617.41,3.37
6840,"roc",229,50,9,219,-2.26,-1.57,4.95,1.04,0.92,0.92,0.01,0.08,307,4.81,2142483.58,3.18
6841,"roc",232,52,16,215,-3.37,-2.05,10.31,1.54,0.98,0.98,0,0.02,898.86,7.77,6018254.72,6.7
6842,"roc",175,38,9,165,-3.27,-2.94,7.92,1.87,1,1,0,0,465.63,18.92,2866891.55,16.86
6843,"roc",214,45,12,201,-2.93,-2.19,7.13,1.59,0.95,0.94,0,0.02,716.43,8.94,6167837.72,7.82
6844,"roc",174,41,6,167,-2.69,-2.07,6.09,1.47,0.97,0.96,0,0.04,391.54,7.92,2531156.25,6.3
6845,"roc",246,50,9,236,-2.7,-1.75,9.18,1.24,0.97,0.96,0,0.01,426.19,5.76,3820894.68,4.22
6846,"roc",243,51,14,228,-1.87,-1.34,4.42,0.96,0.97,0.96,0,0.03,305.59,3.82,2096301.91,2.7
6847,"roc",158,36,3,154,-2.89,-2.02,8.09,1.69,0.98,1,0,0,642.09,7.56,5202640.76,6.56
6848,"roc",192,43,10,181,-2.83,-2.06,9.47,1.51,1,1,0,0,804.53,7.85,6438026.29,6.42
6849,"roc",160,32,19,140,-2.93,-2.38,8.74,1.52,0.97,1,0,0,406.77,10.82,3026416.23,8.98
6850,"roc",294,56,14,279,-2.69,-2.12,6.35,1.45,0.95,1,0.01,0,393.66,8.34,2291318.83,6.98
6851,"roc",199,45,7,191,-2.81,-2.16,7.3,1.77,0.99,1,0,0,422.1,8.67,2457671.84,7.51
6852,"roc",308,58,21,286,-2.93,-2.26,8.28,1.41,0.99,1,0,0,590.84,9.59,4905292.52,8.29
6853,"roc",214,43,11,202,-2.37,-1.62,4.09,0.91,0.88,0.88,0.01,0.09,201.57,5.05,525504.05,3.17
6854,"roc",296,62,16,279,-3.01,-2,8.91,1.82,0.97,1,0,0,727.8,7.44,5049557.53,6.44
6855,"roc",278,59,10,267,-2.82,-1.62,9.82,1.21,0.99,0.98,0,0.02,840.42,5.05,6411247.81,3.89
6856,"roc",242,49,11,230,-2.8,-1.91,6.16,1.52,0.99,1,0,0,312.1,6.75,2053185.98,5.55
6857,"roc",263,55,11,251,-2.21,-1.31,6.46,1.07,0.94,0.95,0,0.05,228.11,3.71,1788295.1,2.56
6858,"roc",153,39,6,146,-2.8,-2.42,4.73,1.66,0.98,0.97,0,0.03,319.43,11.25,2477541.98,10.08
6859,"roc",242,51,16,225,-3.11,-1.98,8.41,1.18,0.98,1,0,0,514.08,7.24,3765270.37,5.32
6860,"roc",217,46,12,204,-2.58,-1.57,7.14,1.11,0.99,1,0,0,486.18,4.82,3501284.84,3.61
6861,"roc",144,30,12,131,-2.71,-2.03,6.29,1.77,0.85,0.92,0.02,0.08,421.77,7.86,3204350.74,6.62
6862,"roc",275,57,20,254,-2.91,-1.83,8.26,1.25,0.98,1,0,0,619.81,6.23,4953781.04,4.89
6863,"roc",204,48,7,196,-1.91,-1.4,3.57,1.05,1,1,0,0,228.82,4.06,2032961.81,2.77
6864,"roc",253,55,7,245,-3.21,-2.07,7.92,1.29,0.98,1,0,0,688.57,7.92,5227735.02,6.32
6865,"roc",220,44,11,208,-3.09,-2.15,7.47,1.61,0.96,0.96,0,0.04,645.15,8.59,4652108.75,7.37
6866,"roc",203,44,9,193,-2.69,-2,7.13,1.55,0.98,1,0,0,509.37,7.36,4306802.78,6.33
6867,"roc",181,40,15,165,-2.49,-1.7,8.07,1.45,0.98,0.97,0,0.02,516.88,5.48,3756830.38,4.28
6868,"roc",304,63,14,289,-2.98,-1.83,8.85,1.54,0.98,0.97,0,0.01,553.2,6.23,2969848.76,5.04
6869,"roc",254,51,8,245,-3.85,-2.79,12.7,2.17,1,1,0,0,1392.55,16.28,9663545.24,15.14
6870,"roc",303,63,12,290,-2.46,-1.6,7.24,1.19,0.99,1,0,0,413.02,4.95,3081219.65,3.69
6871,"roc",116,27,9,106,-3.32,-2.35,9.27,1.33,0.98,1,0,0,914.7,10.49,7075766.66,8.77
6872,"roc",278,52,29,248,-2.91,-2.13,6.82,1.01,1,1,0,0,421.99,8.41,2544650.85,6.79
6873,"roc",208,46,6,201,-3.09,-2.7,6.94,1.84,0.98,1,0,0,370.43,14.84,2221121.81,13.25
6874,"roc",264,57,10,253,-2.37,-1.68,6.21,1.4,0.98,1,0,0,243.73,5.37,1764084.83,4.35
6875,"roc",214,45,18,195,-2.54,-1.82,7.85,1.47,0.97,0.96,0,0.02,284.87,6.17,2176421.76,5.05
6876,"roc",246,50,5,240,-2.44,-1.75,6.82,1.56,0.94,0.96,0,0.04,267.35,5.76,1973579.15,4.67
6877,"roc",273,51,20,252,-3.18,-2.44,8.59,1.67,0.99,1,0,0,824.45,11.47,6887651.04,10.09
6878,"roc",198,44,14,183,-2.42,-1.14,9.65,1.05,0.98,1,0,0,511.92,3.11,3186764.99,2.1
6879,"roc",206,50,13,192,-2.14,-1.4,5.25,1.1,1,1,0,0,317.31,4.07,2216458.97,3.02
6880,"roc",146,34,18,127,-2.48,-1.65,8.05,1.4,0.99,1,0,0,609.76,5.34,5512338.49,4.15
6881,"roc",137,34,7,129,-2.85,-2.64,6.36,1.82,0.97,0.97,0,0.03,569.63,14.02,3859513.12,12.64
6882,"roc",243,53,11,231,-2.91,-2.65,7.36,1.86,0.99,1,0,0,512.66,14.15,3667525.1,12.69
6883,"roc",174,37,11,162,-2.77,-1.71,9.79,1.16,0.99,1,0,0,493.33,5.53,3334550.76,4.11
6884,"roc",228,46,6,221,-3.01,-2.17,8.29,1.8,1,1,0,0,497.8,9.07,3921896.73,7.78
6885,"roc",172,39,11,160,-2.5,-1.64,4.74,1.1,0.94,0.94,0,0.06,338.29,5.16,2553818.19,4.16
6886,"roc",242,53,8,233,-2.67,-1.8,6.34,1.22,0.93,0.9,0,0.02,377.98,6.05,2009390.43,4.86
6887,"roc",209,53,8,200,-2.5,-1.96,5.13,1.29,0.99,1,0,0,389.13,7.1,1923709.62,5.88
6888,"roc",156,33,14,141,-2.77,-1.74,12.94,1,0.97,0.96,0,0.03,495.33,5.7,3513929.03,4.02
6889,"roc",213,47,8,204,-3.03,-2.31,6.4,1.68,0.97,0.96,0,0.03,632.07,10.07,4497107.43,8.55
6890,"roc",247,45,16,230,-2.81,-2.28,6.7,1.06,0.96,1,0,0,309.37,9.78,2187399.27,8.05
6891,"roc",252,56,17,234,-3.02,-1.72,14.31,1.34,0.97,1,0,0,973.31,5.64,7776471.67,4.36
6892,"roc",224,58,8,215,-1.94,-1.37,5.42,1.21,0.9,0.93,0.01,0.07,394.45,3.94,3352340.83,2.87
6893,"roc",233,50,14,218,-2.3,-1.27,8.16,0.99,0.86,0.9,0.02,0.09,609.97,3.56,4353118.31,2.38
6894,"roc",206,41,16,189,-3.09,-1.73,12.24,1.42,0.99,1,0,0,886.83,5.64,6904441.97,4.48
6895,"roc",254,52,4,249,-2.64,-1.3,7.52,0.96,0.96,0.95,0,0.02,438.76,3.67,3668971.76,2.41
6896,"roc",246,53,11,234,-2.39,-1.66,5.48,1.31,0.99,1,0,0,324.05,5.26,2026619.75,3.95
6897,"roc",222,50,12,209,-2.59,-2.18,6.6,1.42,0.97,0.97,0,0.02,234.73,8.9,1951554.81,7.67
6898,"roc",170,34,12,157,-2.73,-1.82,8.69,1.29,0.99,1,0,0,457.51,6.32,3255785.01,4.99
6899,"roc",230,49,4,225,-3.35,-2.25,9.36,1.89,0.99,1,0,0,751.19,9.49,5678710.91,8.29
6900,"roc",199,44,20,178,-1.85,-0.94,4.04,0.84,0.81,0.77,0.02,0.11,154.72,2.56,379807.77,1.49
6901,"roc",307,64,22,284,-2.4,-1.86,4.79,1.52,0.97,0.96,0,0.02,285.19,6.39,1771280.67,5.15
6902,"roc",274,58,12,261,-2.83,-2.13,9.81,1.54,0.97,0.96,0,0.02,426.15,8.45,3325511.01,7.25
6903,"roc",282,61,18,263,-2.83,-2.48,6.84,1.79,0.94,0.94,0,0.03,650.35,11.94,4863651.06,10.6
6904,"roc",226,45,13,212,-2.67,-1.5,6.96,0.9,0.99,1,0,0,729.68,4.48,6180310.22,3.18
6905,"roc",288,59,12,275,-2.72,-1.76,8.02,1.11,0.97,0.97,0,0.03,631.85,5.81,4225489.23,4.33
6906,"roc",239,51,10,228,-2.45,-2.04,4.98,1.65,0.97,0.97,0,0.03,335.23,7.69,2263903.62,6.37
6907,"roc",214,43,20,193,-3.58,-2.14,12.5,1.46,0.99,1,0,0,1287.94,8.5,10171417.47,6.98
6908,"roc",319,62,12,306,-3.18,-2.72,6.99,1.6,0.99,1,0,0,497.25,15.18,3458527.19,13.98
6909,"roc",284,55,12,271,-2.47,-1.59,6.67,1.12,0.97,0.96,0,0.02,229.85,4.9,1783944.16,3.51
6910,"roc",231,47,18,212,-2.79,-2.24,7.94,1.24,0.98,0.97,0,0.02,426.98,9.39,2453500.45,7.91
6911,"roc",301,58,13,287,-2.4,-1.68,5.61,0.96,0.98,0.97,0,0.02,367.09,5.41,2149428.71,3.83
6912,"roc",286,62,11,274,-2.52,-1.3,7.3,0.83,0.96,0.96,0,0.04,383.79,3.65,2390111.93,2.4
6913,"roc",157,37,9,147,-2.29,-1.83,7.55,0.95,1,1,0,0,307.47,6.23,2621397.21,4.39
6914,"roc",224,45,10,213,-2.64,-2.24,5.66,1.39,0.91,0.88,0.01,0.04,630.73,9.39,5056371.37,7.93
6915,"roc",332,74,19,312,-2.59,-1.72,6.36,1.29,0.99,1,0,0,444.84,5.61,3287562.49,4.54
6916,"roc",226,47,20,205,-2.95,-2.14,7.87,1.43,0.97,0.96,0,0.03,589.76,8.5,3527101.05,7.3
6917,"roc",167,36,13,153,-2.75,-2.06,5.93,1.31,1,1,0,0,374.45,7.88,2812125.07,6.31
6918,"roc",207,44,15,191,-2.21,-1.28,6.97,1.08,0.97,1,0,0,505.22,3.6,4332397.44,2.52
6919,"roc",305,58,25,279,-2.35,-1.26,7.06,1.01,0.98,1,0,0,485.36,3.53,3880495.68,2.34
6920,"roc",283,60,12,270,-2.3,-1.64,4.99,1.3,0.98,0.98,0,0.02,265.56,5.18,1076923.65,4.03
6921,"roc",228,41,14,213,-2.44,-1.67,5.77,1.15,1,1,0,0,512.26,5.31,4119788.64,4.11
6922,"roc",179,42,6,172,-2.93,-1.6,10.39,1.28,0.97,0.97,0,0.03,573.38,4.93,4496302.68,3.8
6923,"roc",206,43,15,190,-2.76,-1.81,7.55,1.47,1,1,0,0,589.81,6.11,4448714.79,4.97
6924,"roc",207,44,11,195,-2.73,-2.26,6.19,1.54,0.97,0.97,0,0.03,540.17,9.54,4324440.72,7.87
6925,"roc",178,36,9,168,-2.85,-1.83,7.3,1.15,0.98,1,0,0,432.51,6.2,2830078.89,4.85
6926,"roc",310,64,15,294,-2.44,-1.56,6.61,1.08,0.98,1,0,0,276.89,4.73,1619900.54,3.35
6927,"roc",167,37,12,154,-3.2,-2.48,6.33,1.37,0.96,0.96,0,0.02,659.64,11.94,5047684.09,9.38
6928,"roc",190,44,12,177,-2.54,-1.8,6.32,1.12,0.98,1,0,0,543.48,6.06,4356327.12,4.99
6929,"roc",206,46,12,193,-2.35,-1.72,4.69,1.15,0.97,0.97,0,0.03,262.59,5.56,920345.88,4.34
6930,"roc",154,34,3,150,-2.75,-1.78,8.19,1.42,0.94,0.93,0,0.07,633.75,5.94,5491932.75,4.56
6931,"roc",327,67,9,317,-2.68,-1.72,8.47,1.27,0.94,0.94,0,0.06,499.47,5.58,4276642.58,4.27
6932,"roc",185,45,4,180,-2.16,-1.31,4.34,0.85,0.97,1,0,0,229.39,3.71,722722.28,2.29
6933,"roc",263,49,6,256,-3.3,-2.56,7.28,1.85,0.98,0.97,0,0.03,711.06,12.94,4986131.77,11.55
6934,"roc",242,55,9,232,-3,-2.19,7.56,1.39,0.98,0.97,0,0.02,810.89,8.94,6671460.68,7.49
6935,"roc",268,57,9,258,-3.2,-1.65,11.49,1.22,0.98,0.97,0,0.01,1015.61,5.21,7802107.5,4.09
6936,"roc",320,62,15,304,-3.58,-2.78,8.3,1.98,0.96,0.96,0,0.03,890,16.14,6153241.4,15.03
6937,"roc",284,53,14,269,-3.17,-2.9,6.89,1.43,0.98,1,0,0,628.09,18.17,4527102.85,16.68
6938,"roc",178,39,6,171,-3.11,-2.32,8.56,1.55,0.98,1,0,0,456.36,10.18,3019354.54,8.82
6939,"roc",174,40,7,166,-2.39,-1.19,8.29,0.81,0.96,0.94,0,0.03,835.65,3.29,6920944.71,1.93
6940,"roc",296,67,9,286,-2.97,-1.85,8.73,1.75,1,1,0,0,642.51,6.36,4252820.04,5.35
6941,"roc",232,49,11,220,-2.88,-2.1,5.2,1.6,1,1,0,0,471.8,8.17,3876764.85,7.05
6942,"roc",194,42,9,184,-2.38,-1.83,6.22,1.37,0.93,0.94,0,0.06,395.29,6.2,2444911.79,4.92
6943,"roc",295,68,11,283,-2.62,-1.89,5.07,1.35,0.95,0.94,0,0.01,266.64,6.62,1514683.9,5.29
6944,"roc",289,63,11,277,-2.91,-2.27,5.59,1.25,0.99,1,0,0,559.24,9.68,4302999.32,8.28
6945,"roc",298,54,18,279,-2.62,-1.78,7.27,1.29,0.99,1,0,0,382.05,5.96,2262280.87,4.49
6946,"roc",154,33,14,139,-3.53,-2.52,11.35,2.19,0.95,0.93,0,0.02,968,12.43,7379722.86,11.26
6947,"roc",285,57,8,276,-3.07,-2.47,7.38,1.72,0.98,1,0,0,684.16,11.82,5255886.12,10.28
6948,"roc",281,61,16,264,-2.24,-1.4,6.3,1.21,0.97,1,0,0,398.21,4.06,3188761.25,3.03
6949,"roc",165,36,16,148,-2.75,-1.74,12.76,1.31,0.99,1,0,0,596.78,5.77,5213518.46,4.53
6950,"roc",248,54,9,238,-2.79,-2.17,6.92,1.46,0.97,0.96,0,0.02,618.87,8.83,5215822.2,7.54
6951,"roc",216,44,33,182,-3.28,-2.2,9.73,1.38,0.97,0.98,0,0.02,875.9,9.07,5900442.99,7.62
6952,"roc",258,54,17,240,-2.92,-2.1,11,1.5,1,1,0,0,516.04,8.18,3792067.35,6.79
6953,"roc",249,54,19,229,-2.41,-1.98,6.37,1.4,0.95,0.93,0,0.02,252.83,7.35,1834798.28,6.17
6954,"roc",180,40,15,164,-2.35,-1.7,5.35,1.38,0.94,0.94,0,0.02,491.64,5.51,3855421.26,4.47
6955,"roc",270,51,24,245,-2.34,-1.69,5.45,1.17,1,1,0,0,379.19,5.42,2488180.85,4.33
6956,"roc",251,55,12,238,-1.97,-1.13,5.83,0.83,0.96,0.97,0,0.03,320.99,3.1,2119334.48,1.85
6957,"roc",233,47,11,221,-3.22,-2.22,8.74,1.57,0.99,1,0,0,730.5,9.21,3737923.24,8.07
6958,"roc",223,48,12,210,-2.38,-1.47,8.15,0.99,0.98,1,0,0,344.84,4.36,2264758.82,2.76
6959,"roc",264,52,7,256,-2.38,-1.93,4.94,1.11,0.97,1,0,0,411.56,6.9,2305643.45,5.54
6960,"roc",205,41,20,184,-2.96,-2.48,7.9,1.58,0.96,0.95,0,0.02,795.44,11.94,6729755.32,10.72
6961,"roc",175,39,11,163,-2.81,-2.37,4.94,1.54,1,1,0,0,274.42,10.7,681221.83,9.24
6962,"roc",195,42,9,185,-2.25,-1.34,8.4,1.12,0.96,0.95,0,0.03,512.82,3.82,4509340.19,2.58
6963,"roc",250,45,20,229,-3.05,-1.81,12.07,1.22,0.96,0.95,0,0.04,570.98,6.11,4305793.47,4.76
6964,"roc",284,62,10,273,-2.47,-1.74,6.71,1.15,1,1,0,0,279.5,5.72,1688689.58,4.56
6965,"roc",184,41,7,176,-2.99,-2.09,7.32,1.19,0.97,0.97,0,0.03,689.88,8.08,5445174.57,6.62
6966,"roc",281,59,9,271,-2.6,-1.73,8.28,1.16,1,1,0,0,545.47,5.64,4349804.79,4.3
6967,"roc",258,59,11,246,-2.35,-1.64,5.14,1.37,0.86,0.86,0.01,0.12,264.86,5.16,1818259.83,4.05
6968,"roc",259,50,14,244,-2.51,-1.77,6.58,1.24,0.95,0.94,0,0.03,259.03,5.9,1952615.38,4.68
6969,"roc",226,47,11,214,-2.5,-1.85,6.79,1.04,0.99,1,0,0,542.35,6.36,4119317.18,4.88
6970,"roc",188,38,7,180,-3.11,-2.13,8.83,1.48,1,1,0,0,404.45,8.46,2648313.24,7.29
6971,"roc",235,54,10,224,-2.39,-1.44,6.44,0.94,0.98,1,0,0,749.26,4.22,6244389.24,2.57
6972,"roc",157,37,4,152,-3.04,-1.96,8.55,1.15,1,1,0,0,877.18,7.1,7375616.83,4.85
6973,"roc",245,52,9,235,-2.73,-1.68,8.39,1.06,0.96,0.95,0,0.01,462.03,5.4,3678277.85,3.95
6974,"roc",248,55,9,238,-2.77,-2.22,6.95,1.47,1,1,0,0,617.92,9.21,5141099.54,7.89
6975,"roc",193,41,11,181,-2.92,-2.56,5.85,1.51,0.98,1,0,0,549.44,12.94,4618439.44,11.64
6976,"roc",222,50,8,213,-2.68,-1.74,7.91,1.26,0.97,0.96,0,0.03,449.84,5.72,2616366.46,4.5
6977,"roc",151,36,11,139,-2.81,-1.64,9.78,1.12,1,1,0,0,1042.78,5.15,7149798.98,3.83
6978,"roc",244,48,13,230,-2.79,-1.87,8.2,1.1,0.98,1,0,0,420.52,6.48,2469783.08,4.96
6979,"roc",211,43,15,195,-2.78,-2.08,5.67,1.73,0.95,0.95,0,0.05,351,8,2294463.7,6.96
6980,"roc",237,55,8,228,-2.67,-1.85,8.15,1.46,0.99,1,0,0,505.58,6.36,2711253.93,5.22
6981,"roc",293,74,14,278,-2.52,-1.65,7.01,1.23,1,1,0,0,353.1,5.24,2643539.4,3.84
6982,"roc",237,53,10,226,-2.99,-2.07,6.83,1.43,1,1,0,0,667.44,7.92,5380609.07,6.19
6983,"roc",172,41,9,162,-2.36,-1.51,5.83,1.05,0.98,1,0,0,438.01,4.53,2989915.8,3.3
6984,"roc",341,67,16,324,-2.8,-2.02,8.33,1.72,0.98,0.97,0,0.01,651.34,7.54,4142025.21,6.51
6985,"roc",216,38,14,201,-2.33,-1.65,6.11,1.32,1,1,0,0,355.68,5.2,2633988.26,4.03
6986,"roc",270,60,7,262,-2.76,-1.83,8.02,1.33,0.99,1,0,0,707.86,6.2,5343767.3,4.94
6987,"roc",132,32,10,121,-2.62,-2.37,5.39,1.48,0.92,1,0.01,0,347.32,10.7,3008373.96,9.21
6988,"roc",354,78,17,336,-3.02,-2.17,8.52,1.48,0.97,1,0,0,833.25,8.83,7030318.96,7.27
6989,"roc",240,55,6,233,-2.82,-1.96,8.06,1.09,1,1,0,0,671.74,7.1,5408546.03,5.89
6990,"roc",265,55,13,251,-3.42,-2.31,8.59,1.94,1,1,0,0,796.42,10.07,5406246.85,8.98
6991,"roc",253,56,13,239,-2.36,-1.74,5.39,1.38,0.96,0.98,0,0.02,452.02,5.7,3506806.82,4.5
6992,"roc",166,36,9,156,-3.21,-2.05,10.23,1.29,0.99,1,0,0,930.89,7.86,7584387.16,6.15
6993,"roc",171,39,4,166,-2.96,-1.92,10.38,1.4,0.92,0.93,0,0.07,827.09,6.82,7034140.05,5.61
6994,"roc",269,59,10,258,-3.36,-2.29,9.34,1.72,1,1,0,0,830.55,9.87,6359146.87,8.42
6995,"roc",290,58,20,269,-2.11,-1.45,4.91,1,0.98,0.98,0,0.02,365.7,4.27,3316798.88,3.07
6996,"roc",224,55,5,218,-2.35,-1.55,5.07,1.23,0.99,1,0,0,277.92,4.71,1909687.81,3.54
6997,"roc",256,56,3,252,-2.66,-1.74,8.96,1.1,0.96,0.96,0,0.04,595.91,5.71,4777545.61,4.22
6998,"roc",198,44,7,190,-2.93,-2.14,5.71,1.73,0.94,0.94,0,0.06,404.63,8.54,2222988.32,7.44
6999,"roc",237,51,14,222,-2.67,-2.24,7.07,1.6,0.92,0.9,0,0.03,565.21,9.39,3975634.74,7.85
7000,"roc",266,58,9,256,-2.34,-1.88,6.34,1.17,0.94,0.93,0,0.01,238.6,6.53,1703968.6,5.22
7001,"roc",218,43,16,201,-2.72,-2.14,7.66,1,0.97,1,0,0,523.4,8.5,4405437.77,6.8
7002,"roc",222,48,8,213,-2.51,-2.02,6.16,1.41,0.94,0.94,0,0.06,257.62,7.58,2037574.59,6.22
7003,"roc",222,54,7,214,-2.57,-1.33,7.45,0.95,1,1,0,0,509.69,3.78,3673639.36,2.42
7004,"roc",233,53,9,223,-2.95,-2.33,6.1,1.74,0.99,1,0,0,487.65,10.28,3165034.05,9.09
7005,"roc",241,48,9,231,-2.58,-1.64,6.78,1.1,0.96,0.95,0,0.04,600.32,5.15,4507266.72,3.92
7006,"roc",290,65,18,271,-2.71,-1.63,8.26,1.24,1,1,0,0,602.59,5.1,4357067.05,4.01
7007,"roc",198,41,8,189,-2.24,-1.79,5.87,1.03,0.94,0.96,0.01,0.04,269.3,5.99,2371164.25,4.8
7008,"roc",269,53,12,256,-3.29,-2.33,11.53,1.81,0.94,0.95,0,0.02,1131.16,10.28,7997353.06,9.09
7009,"roc",199,42,9,189,-2.73,-1.96,7.16,1.13,0.99,1,0,0,394.06,7.06,2543870.47,5
7010,"roc",302,59,17,284,-2.68,-2.14,5.48,1.37,0.99,1,0,0,420.86,8.5,3280858.08,7.16
7011,"roc",299,63,8,290,-2.85,-2.01,7.91,1.54,0.99,1,0,0,440.15,7.46,3136014.05,6.24
7012,"roc",260,59,9,250,-2.75,-1.93,5.65,1.48,0.99,1,0,0,324.96,6.89,1868507.67,5.81
7013,"roc",225,50,10,214,-3.2,-2.48,7.95,1.5,0.99,1,0,0,935.78,11.95,7198950.71,10.68
7014,"roc",160,37,5,154,-2.3,-0.88,8.68,0.8,0.83,1,0.04,0,488.91,2.41,2964278.7,1.33
7015,"roc",227,55,8,218,-2.9,-2.09,7.76,1.31,1,1,0,0,590.63,8.08,3953765.95,6.13
7016,"roc",236,49,9,226,-2.77,-1.93,9.24,1.49,0.96,1,0,0,542.79,6.89,4022421.6,5.78
7017,"roc",179,36,19,159,-2.34,-1.58,6.94,0.81,0.99,1,0,0,485.71,4.86,3867413.35,3.63
7018,"roc",319,60,13,305,-2.92,-2.02,6.9,1.46,0.97,0.97,0,0.03,455.97,7.55,2303314.53,5.85
7019,"roc",242,51,14,227,-1.94,-0.96,6.48,0.84,0.91,0.87,0.01,0.07,286.42,2.61,2071265.27,1.52
7020,"roc",319,60,14,304,-3.17,-2.42,8.76,1.86,0.92,0.91,0,0.02,718.61,11.3,4530429.27,10.12
7021,"roc",280,59,11,268,-3.08,-1.44,12.13,1.19,1,1,0,0,1142,4.22,8907110.4,3.18
7022,"roc",237,50,12,224,-3.21,-2.58,6.9,1.58,1,1,0,0,510.35,13.28,3691726.76,11.6
7023,"roc",283,58,14,268,-2.54,-1.66,7.69,1.21,1,1,0,0,623.98,5.26,5029858.42,4.03
7024,"roc",167,35,16,150,-3.1,-2.42,7.91,1.83,0.96,0.94,0,0.02,363.96,11.25,2762370.29,9.85
7025,"roc",239,51,11,227,-3.12,-2.09,10.36,1.13,0.99,1,0,0,1037.81,8.08,7514908.9,6.51
7026,"roc",269,60,8,260,-2.5,-1.58,7.1,1.41,0.98,0.98,0,0.02,708.99,4.85,6181729.07,3.78
7027,"roc",304,71,10,293,-2.79,-2.05,7.4,1.07,0.94,0.94,0,0.01,665.96,7.77,4912397.17,5.78
7028,"roc",163,36,13,149,-3.17,-2.1,7.21,1.31,1,1,0,0,673.42,8.26,5245685.25,6.23
7029,"roc",185,43,3,181,-2.73,-1.89,6.21,1.5,0.96,1,0,0,555.17,6.62,3649077.11,5.4
7030,"roc",168,39,9,158,-2.58,-1.87,5.93,1.09,0.91,0.87,0.01,0.07,441,6.49,2947116,4.86
7031,"roc",269,55,15,253,-2.78,-1.95,5.7,0.93,0.97,0.97,0,0.03,488.16,7.03,3597899.23,4.56
7032,"roc",186,36,17,168,-2.87,-2.46,5.03,1.28,0.97,0.97,0,0.03,417,11.77,2913259.36,9.45
7033,"roc",194,42,10,183,-3.11,-2.36,8.87,1.62,0.99,1,0,0,601.46,10.64,4548921.33,9.21
7034,"roc",184,40,16,167,-2.93,-1.26,14.2,1.12,0.99,1,0,0,608.78,3.62,4721403.78,2.54
7035,"roc",285,56,24,260,-3.59,-2.74,8.96,1.29,1,1,0,0,879.94,15.5,6098129.97,13.87
7036,"roc",231,49,10,220,-2.53,-1.81,6.05,1.02,0.97,0.97,0,0.02,334.89,6.11,2398569.4,4.1
7037,"roc",266,56,14,251,-2.35,-1.52,5.28,1.29,0.98,0.98,0,0.02,298.96,4.6,1851502.78,3.51
7038,"roc",259,54,16,242,-3.48,-2.8,8.22,2.1,0.98,0.99,0,0.01,827.56,16.46,5359615.39,15.02
7039,"roc",166,34,10,155,-3.71,-2.85,13.73,1.6,0.98,1,0,0,1007.08,17.3,8009876.55,15.29
7040,"roc",219,50,10,208,-2.93,-2.58,5.32,1.61,0.98,0.97,0,0.01,410.41,13.14,2588967.52,11.7
7041,"roc",193,39,8,184,-3.04,-2.24,9.92,0.96,0.99,1,0,0,877.94,9.39,6392410.3,7.19
7042,"roc",280,58,8,271,-2.16,-1.5,4.92,1.02,0.9,0.84,0.01,0.04,291.88,4.54,2066104.1,3.31
7043,"roc",240,49,12,227,-2.44,-1.34,6.81,1.07,0.97,0.96,0,0.02,493.49,3.82,3988419.47,2.78
7044,"roc",287,57,22,264,-2.14,-1.67,5.09,1.16,0.98,0.97,0,0.02,397.77,5.31,3036013.45,3.97
7045,"roc",282,54,15,266,-2.67,-1.78,8.38,1.43,0.98,1,0,0,507.58,5.97,3751383.31,4.71
7046,"roc",185,44,7,177,-2.54,-1.54,6.18,1.27,1,1,0,0,471.97,4.69,2833649.12,3.68
7047,"roc",218,43,20,197,-2.99,-2.23,7.19,1.41,0.99,1,0,0,651.3,9.3,4624763.72,8.04
7048,"roc",166,35,17,148,-2.44,-1.58,8.16,1.17,0.94,1,0.01,0,311.88,4.85,2763307.12,3.66
7049,"roc",272,54,14,257,-2.95,-1.94,9.43,1.49,0.99,1,0,0,673.36,7,5336216.86,5.77
7050,"roc",256,55,5,250,-3.06,-2.45,6.43,1.67,0.96,0.96,0,0.04,487.66,11.59,2367596.01,10.56
7051,"roc",246,46,14,231,-3.19,-2.47,9.59,1.77,0.98,1,0,0,793.97,12.08,6138243.21,10.76
7052,"roc",324,62,31,292,-2.37,-1.6,6.41,1.33,0.99,1,0,0,431.74,4.97,3279620.91,3.76
7053,"roc",237,46,13,223,-2.75,-1.64,7.48,1.08,0.88,0.87,0.01,0.07,462.3,5.18,2615011.2,3.8
7054,"roc",287,66,16,270,-2.6,-1.36,6.16,0.97,0.99,1,0,0,385.93,3.88,2927199.6,2.71
7055,"roc",200,46,8,191,-2.95,-2.21,7.36,1.57,0.99,1,0,0,686.05,9.28,4783683.83,8.05
7056,"roc",233,49,15,217,-2.93,-2.49,3.49,1.47,1,1,0,0,105.78,12.06,53420.46,10.51
7057,"roc",309,66,18,290,-2.21,-1.15,6.09,0.97,0.99,1,0,0,208.34,3.16,1500366.85,2.11
7058,"roc",144,33,5,138,-2.87,-2.12,8.57,1.31,0.99,1,0,0,381.49,8.33,2931443.71,6.51
7059,"roc",213,50,16,196,-2.3,-1.52,7.05,1.02,0.98,1,0,0,408.59,4.61,2734874.59,3.41
7060,"roc",316,71,18,297,-2.99,-2.15,8.06,1.83,0.99,1,0,0,565.42,8.58,4181433.75,7.54
7061,"roc",200,40,8,191,-2.22,-1.42,4.94,1.1,0.97,1,0,0,300.81,4.14,1195909.14,2.82
7062,"roc",254,57,9,244,-2.41,-1.88,6.34,1.35,0.94,1,0.01,0,274.97,6.55,1845993.42,5.29
7063,"roc",169,36,11,157,-3.36,-2.73,8.42,1.32,0.96,0.94,0,0.03,871.26,15.46,7582517.1,13.85
7064,"roc",203,42,14,188,-2.56,-1.96,7.53,1.56,0.89,0.92,0.01,0.05,289.76,7.06,2310999.71,5.67
7065,"roc",204,43,17,186,-2.56,-1.68,8.12,1.06,0.96,0.95,0,0.02,589.44,5.37,4724046.83,3.79
7066,"roc",208,48,10,197,-2.3,-1.27,8.51,1.14,0.97,0.97,0,0.02,377.4,3.58,2398872.99,2.58
7067,"roc",154,34,4,149,-2.64,-1.86,6.93,0.98,0.93,0.97,0.01,0.03,684.71,6.44,5512958.44,4.8
7068,"roc",267,61,16,250,-3.15,-1.91,10.62,1.57,0.99,1,0,0,614.86,6.75,3939495.87,5.75
7069,"roc",259,56,8,250,-2.79,-2.16,5.42,1.6,0.98,0.98,0,0.02,393.65,8.79,2171610.71,7.56
7070,"roc",307,61,23,283,-3.17,-2.2,8.35,1.79,1,1,0,0,748.14,9.03,6058748.61,7.9
7071,"roc",188,44,8,179,-2.97,-2.37,8.16,1.54,0.96,0.96,0,0.04,677.29,10.7,5099875.49,9.04
7072,"roc",220,50,12,207,-2.79,-1.42,10.03,0.98,0.95,0.96,0,0.04,851.96,4.16,6500542.32,3.03
7073,"roc",211,45,10,200,-2.84,-2.07,9.53,1.52,0.99,1,0,0,568.25,7.92,4310806.46,6.52
7074,"roc",226,52,11,214,-3.23,-2.2,8.56,1.58,1,1,0,0,741.07,9.07,5610745.32,7.4
7075,"roc",235,52,11,223,-2.92,-1.52,9.85,1.48,0.99,1,0,0,725,4.6,4486813.01,3.57
7076,"roc",207,45,19,187,-2.5,-1.89,4.65,1.31,1,1,0,0,268.85,6.62,2159590.09,5.28
7077,"roc",188,43,12,175,-2.7,-2.34,5.89,1.22,0.99,1,0,0,369.64,10.38,2486500.33,9.08
7078,"roc",313,77,3,309,-2.88,-2.32,5.78,1.69,0.98,1,0,0,403.68,10.18,1895105.4,9.04
7079,"roc",256,54,9,246,-2.88,-1.49,7.61,1.31,1,1,0,0,591.14,4.44,3632549.25,3.34
7080,"roc",263,58,16,246,-2.36,-1.3,6.78,1.08,0.99,1,0,0,523.98,3.68,3871432.61,2.63
7081,"roc",219,44,10,208,-2.71,-1.8,8.23,1.46,0.96,1,0,0,370.77,6.06,2296174.29,4.76
7082,"roc",179,40,15,163,-2.66,-2.45,5.71,1.54,0.98,1,0,0,568.22,11.54,4734240.23,10.34
7083,"roc",192,41,12,179,-2.22,-1.52,7.82,1.28,1,1,0,0,382.97,4.57,2524795.95,3.48
7084,"roc",283,59,13,269,-2.62,-1.81,7.33,1.2,0.97,0.95,0,0.01,606.65,6.11,4001982.39,4.65
7085,"roc",185,37,17,167,-2.44,-1.82,7.69,1.49,0.93,0.92,0,0.03,482.83,6.17,3213477.64,5
7086,"roc",196,42,18,177,-3.32,-2.02,13.65,1.58,0.97,0.97,0,0.02,836.25,7.54,6564945.35,6.28
7087,"roc",169,34,8,160,-2.85,-1.94,8.79,1.47,0.88,0.93,0.02,0.07,905.04,7.28,6758503.48,5.76
7088,"roc",267,52,7,259,-2.83,-1.66,10.83,1.38,0.98,0.98,0,0.02,855.22,5.24,6934226.69,4.13
7089,"roc",329,71,10,318,-2.27,-1.46,6.81,1.03,0.99,0.98,0,0.02,546.24,4.31,3943308.64,3.03
7090,"roc",233,48,14,218,-2.43,-1.43,7.19,1,0.97,1,0,0,457.49,4.18,3967034.7,2.86
7091,"roc",201,42,14,186,-2.59,-1.54,7.12,1.13,0.96,0.96,0,0.04,536.32,4.69,4503067.71,3.34
7092,"roc",322,70,13,308,-2.69,-2.04,5.34,1.06,0.97,0.99,0,0.01,337.26,7.69,2706093.8,6.13
7093,"roc",307,62,10,296,-2.01,-1.18,5.44,0.82,0.85,0.78,0.01,0.04,328.18,3.24,2215745,2.1
7094,"roc",159,33,5,153,-3.27,-2.76,8.62,1.84,0.85,0.9,0.02,0.1,441.84,15.8,2947468.14,14.42
7095,"roc",187,44,12,174,-2.28,-1.48,4.93,0.96,0.94,0.98,0,0.02,323.06,4.43,2270318.42,3
7096,"roc",214,43,21,192,-2.73,-1.95,7.26,1.4,1,1,0,0,446.59,7.03,2856199.11,5.71
7097,"roc",209,43,12,196,-3.1,-2.24,8.9,1.23,0.95,0.93,0,0.03,756.49,9.39,6424715.47,8.31
7098,"roc",179,40,13,165,-2.7,-1.5,8.46,1.15,0.95,0.93,0,0.02,689.09,4.46,5391441.25,3.12
7099,"roc",204,46,14,189,-2.67,-2.12,4.91,1.36,0.98,1,0,0,267.51,8.45,1070576.64,6.62
7100,"roc",233,45,9,223,-3.23,-2.39,9.48,1.2,0.99,1,0,0,516.33,10.91,4205750.66,9.19
7101,"roc",175,39,9,165,-2.9,-2.17,8.03,1.83,0.99,1,0,0,651.9,8.76,5051793.57,7.71
7102,"roc",159,35,8,150,-2.56,-1.81,4.94,1.69,0.97,0.96,0,0.04,336.79,6.11,2755643.16,5.05
7103,"roc",188,43,13,174,-3.21,-3.08,5.99,1.67,0.97,0.97,0,0.02,583.65,21.76,4526565.53,20.27
7104,"roc",255,57,7,247,-2.81,-1.97,5.3,1.48,0.99,1,0,0,400.3,7.17,2339822.17,6.08
7105,"roc",242,50,10,231,-2.75,-2.28,6.58,1.59,0.98,1,0,0,449.56,9.84,3810696.08,8.81
7106,"roc",178,37,13,164,-2.99,-2.38,7.12,1.77,0.99,1,0,0,398.35,10.8,2810383.06,9.69
7107,"roc",263,54,11,251,-2.73,-2.22,5.85,1.42,0.97,1,0,0,385.27,9.25,2205181.97,7.72
7108,"roc",258,48,15,242,-3.42,-2.78,9.52,1.89,0.97,0.97,0,0.03,805.54,16.04,5884029.82,14.66
7109,"roc",254,55,17,236,-2.41,-1.61,6,1.24,0.99,1,0,0,369.51,5,2464009.51,3.73
7110,"roc",254,49,7,246,-3.06,-1.96,8.92,1.71,0.97,0.97,0,0.02,611.11,7.1,4242031.65,6.07
7111,"roc",211,45,10,200,-3.22,-2.66,6.85,1.34,1,1,0,0,886.81,14.3,5834783.06,12.2
7112,"roc",174,36,16,157,-3.4,-1.89,16.37,1.35,0.99,1,0,0,1072.92,6.62,8528129.99,5.34
7113,"roc",296,69,15,280,-2.47,-1.62,5.36,0.92,0.98,1,0,0,331.12,5.05,1942779.19,3.73
7114,"roc",191,40,18,172,-2.37,-1.5,6.85,1.15,0.99,1,0,0,343.08,4.51,2500764.23,3.47
7115,"roc",300,58,17,282,-2.66,-2.15,5.77,1.6,0.97,0.97,0,0.03,361.05,8.59,2000977.08,7.31
7116,"roc",251,56,15,235,-3.1,-2.44,6.48,1.52,0.98,1,0,0,644.37,11.42,4293858.68,9.57
7117,"roc",238,51,13,224,-2.45,-1.36,8.42,1.21,0.98,0.98,0,0.02,552.04,3.9,4030753.28,2.86
7118,"roc",180,36,13,166,-3.04,-2.36,11.15,0.93,0.96,0.95,0,0.02,474.2,10.54,3389186.96,7.75
7119,"roc",192,42,16,175,-2.25,-1.58,4.73,1.02,0.95,1,0.01,0,286.42,4.86,2324571.79,3.59
7120,"roc",248,60,3,244,-2.85,-2,6.4,1.53,0.99,1,0,0,544.86,7.39,2778473.5,5.91
7121,"roc",149,30,13,135,-2.67,-1.68,8.76,1.1,0.99,1,0,0,572.63,5.4,3884325.7,4.19
7122,"roc",211,47,10,200,-2.8,-2.21,6.69,0.89,0.93,0.91,0,0.02,378.63,9.12,2332297.94,6.68
7123,"roc",282,61,12,269,-2.35,-1.41,6.77,0.96,0.97,0.95,0,0.01,347.06,4.1,2202278.51,2.88
7124,"roc",164,36,8,155,-2.68,-2.3,7.35,1.55,0.97,0.97,0,0.03,586.98,9.98,5215940.49,8.14
7125,"roc",222,45,12,209,-3.62,-2.94,6.95,1.47,0.99,1,0,0,839.32,18.92,4566034.43,16.44
7126,"roc",196,42,11,184,-2.93,-2.13,9.76,1.44,0.97,0.96,0,0.03,756.48,8.5,5169534.21,7.08
7127,"roc",227,50,14,212,-2.61,-1.47,8.62,1.29,0.97,0.96,0,0.02,644.48,4.35,5603074.37,3.21
7128,"roc",229,56,9,219,-2.29,-1.2,6.61,1.15,1,1,0,0,560.91,3.32,4062378.05,2.32
7129,"roc",289,59,11,277,-3.21,-2.29,8.92,1.58,0.89,0.89,0.01,0.05,725.75,9.87,5003785.43,8.57
7130,"roc",272,57,16,255,-2.18,-1.64,5.37,1.11,1,1,0,0,369.34,5.16,2841420.28,3.88
7131,"roc",249,48,13,235,-3.04,-2.42,7.11,1.73,1,1,0,0,631.39,11.24,4407084.25,9.59
7132,"roc",310,59,10,299,-2.78,-2.13,6.99,1.31,0.99,1,0,0,346.85,8.41,1875079.91,6.73
7133,"roc",197,40,8,188,-3.54,-3.44,5.93,1.83,1,1,0,0,616.09,31.2,3646366.17,29.57
7134,"roc",253,54,10,242,-3.35,-2.96,6.44,1.44,0.98,1,0,0,336.87,19.46,1952739.85,17.34
7135,"roc",170,38,13,156,-2.3,-1.42,6.81,1.1,0.96,0.95,0,0.02,333.12,4.14,2598504.8,3.02
7136,"roc",247,52,9,237,-2.95,-2.12,6.77,1.71,0.96,1,0,0,520.17,8.34,2584554.91,7.04
7137,"roc",184,42,8,175,-2.82,-2.04,11.41,1.65,0.98,1,0,0,362.67,7.79,2412260.22,6.59
7138,"roc",270,57,8,261,-3.25,-2.39,9.36,1.54,1,1,0,0,1026.31,10.91,8011671.71,9.21
7139,"roc",279,59,16,262,-2.59,-1.51,7.74,1.35,1,1,0,0,426.05,4.53,3277955.66,3.5
7140,"roc",147,31,14,132,-3.53,-2.75,7.76,1.56,0.97,0.96,0,0.03,845.71,15.64,6035070.62,13.41
7141,"roc",255,54,11,243,-2.79,-1.9,6.17,1.23,0.98,1,0,0,507.99,6.74,3578444.21,5.16
7142,"roc",242,55,8,233,-2.67,-1.88,6.99,1.54,0.98,0.97,0,0.03,332.04,6.55,1904394.36,5.41
7143,"roc",170,38,8,161,-2.99,-2.32,7.68,1.21,1,1,0,0,634.9,10.18,5106730.28,8.31
7144,"roc",281,57,8,272,-2.77,-2.36,6.85,1.2,0.98,1,0,0,411.79,10.59,3374589.79,9.34
7145,"roc",205,41,15,189,-2.75,-1.93,7.28,1.3,0.96,0.95,0,0.01,412.38,6.89,2623342.39,5.67
7146,"roc",210,45,8,201,-2.73,-1.55,8.72,1.26,0.99,1,0,0,737.2,4.71,6168630.33,3.67
7147,"roc",198,40,19,178,-2.67,-1.48,7.34,1.3,0.99,1,0,0,618.36,4.38,4654117.64,3.32
7148,"roc",258,49,6,251,-3.22,-2.84,3.83,1.23,0.99,1,0,0,343.47,17.12,2193005.17,14.94
7149,"roc",261,58,11,249,-2.31,-1.18,6.65,0.88,0.98,1,0,0,568.6,3.26,4723848.08,2.12
7150,"roc",297,58,8,288,-3.02,-1.98,7.87,1.54,0.93,0.88,0,0.03,601.96,7.3,3732330.64,6.11
7151,"roc",252,56,13,238,-2.48,-1.75,5.18,1.21,0.99,1,0,0,393.11,5.76,2498522.25,4.57
7152,"roc",245,58,8,236,-2.43,-1.31,6.01,0.99,0.94,0.96,0,0.05,453.42,3.7,3409112.88,2.47
7153,"roc",233,44,21,211,-2.63,-1.87,8.6,1.3,0.98,1,0,0,385.48,6.51,2507901.11,5.15
7154,"roc",299,63,5,293,-3.12,-2.77,8.58,1.61,0.99,1,0,0,570.15,15.96,4526396.43,14.24
7155,"roc",231,45,13,217,-3.01,-1.91,9.14,1.35,0.98,1,0,0,693.3,6.75,4750497.13,5.36
7156,"roc",151,33,10,140,-3.43,-2.13,12.17,1.62,0.94,0.93,0,0.04,1139.28,8.41,8355375.06,7.35
7157,"roc",282,64,11,270,-2.88,-2.36,7.05,1.65,1,1,0,0,688.5,10.54,4540300.24,9.1
7158,"roc",316,53,20,295,-2.29,-1.26,8.08,1.17,0.87,0.87,0.01,0.09,522.26,3.53,3695862.89,2.46
7159,"roc",218,43,13,204,-2.29,-1.7,5,1.08,0.97,0.97,0,0.03,348.45,5.47,2414893.98,3.96
7160,"roc",222,46,9,212,-2.82,-1.82,9.67,1.71,1,1,0,0,758.69,6.15,6143340.21,5.14
7161,"roc",272,60,5,266,-3.02,-2.06,8.01,1.41,0.93,0.91,0,0.02,668.19,7.9,4865696.55,6.69
7162,"roc",169,38,8,160,-3.09,-1.67,8.81,1.46,0.99,1,0,0,839.28,5.34,6835525.82,4.12
7163,"roc",259,56,8,250,-2.17,-1.29,4.8,1.04,0.97,0.97,0,0.03,281.26,3.64,1304649.72,2.46
7164,"roc",269,53,25,243,-2.78,-1.76,7.11,1.33,0.95,0.94,0,0.02,427.72,5.81,3603654.67,4.74
7165,"roc",258,55,8,249,-2.21,-1.18,5,0.93,0.99,1,0,0,386.09,3.25,2719557.31,2.21
7166,"roc",215,47,6,208,-2.42,-1.52,6.93,0.94,0.98,1,0,0,390.95,4.57,2376792.02,2.95
7167,"roc",318,65,13,304,-2.59,-2,4.62,1.4,0.98,0.97,0,0.01,251.8,7.39,1564379.39,6.23
7168,"roc",173,40,4,168,-2.46,-1.68,7.13,1.27,0.95,0.96,0,0.04,681.17,5.43,5295312.57,4.34
7169,"roc",215,38,21,193,-2.95,-2.42,6.28,1.76,0.93,0.95,0,0.05,529.8,11.31,2197499.79,10.07
7170,"roc",169,35,13,155,-2.69,-2.23,5.43,1.3,0.99,1,0,0,338.01,9.3,2759401.28,7.25
7171,"roc",303,61,24,278,-2.47,-1.21,6.55,1.08,0.98,1,0,0,501.14,3.35,3551817.69,2.32
7172,"roc",193,41,11,181,-2.98,-2.31,8.87,1.56,0.94,0.93,0,0.02,586.19,10.07,4594125.8,8.81
7173,"roc",237,47,19,217,-2.65,-1.61,6.62,1.21,0.95,0.93,0,0.01,292.93,5,2087551.11,3.69
7174,"roc",275,59,18,256,-3.11,-2.5,5.15,1.48,1,1,0,0,436.64,12.18,3267741.1,10.97
7175,"roc",213,41,15,197,-3.46,-3.26,9.17,2.13,1,1,0,0,572.74,26.05,4577944.25,24.02
7176,"roc",180,38,8,171,-2.84,-2.31,5.88,1.63,0.97,0.96,0,0.04,546.4,10.07,3579392.49,8.57
7177,"roc",234,48,15,218,-3.05,-2.66,6.26,1.54,0.95,0.93,0,0.01,652.4,14.4,4814799.07,12.8
7178,"roc",223,47,5,217,-2.98,-1.94,8.3,1.47,0.99,1,0,0,768.8,6.96,5932916.35,5.7
7179,"roc",197,42,16,180,-2.87,-2.34,7.91,1.67,0.96,0.95,0,0.02,532.97,10.48,3147497.87,9.34
7180,"roc",261,53,17,243,-3,-1.91,8.35,1.28,0.99,1,0,0,584.86,6.75,3757444.52,5.24
7181,"roc",270,51,6,263,-2.73,-1.81,7.93,1.65,0.97,1,0,0,312.14,6.11,1980846.73,5.03
7182,"roc",231,45,12,218,-2.49,-1.41,7.93,1.07,0.99,1,0,0,622.22,4.1,5009849.21,2.75
7183,"roc",267,59,10,256,-2.8,-1.94,8.2,1.4,0.98,0.98,0,0.02,610.32,6.96,4818612.61,5.72
7184,"roc",283,61,12,270,-2.33,-1.86,5.19,1.12,0.89,0.97,0.02,0.03,284.52,6.42,1785409.39,4.77
7185,"roc",267,59,8,258,-2.79,-2.15,6.63,1.65,1,1,0,0,558.59,8.58,3713987.57,7.43
7186,"roc",283,64,9,273,-2.24,-1.42,5.99,0.89,0.92,0.91,0,0.02,420.76,4.14,3229135.71,2.71
7187,"roc",291,66,12,278,-2.46,-1.9,4.96,1.47,0.97,0.96,0,0.02,249.46,6.68,927138.36,5.48
7188,"roc",311,59,22,288,-3.36,-2.58,7.59,1.75,0.99,1,0,0,484.95,13.2,2253490.13,12.03
7189,"roc",205,42,11,193,-2.88,-2.1,9,1.37,0.98,1,0,0,620.16,8.24,4604203.91,6.9
7190,"roc",235,55,7,227,-2.83,-1.94,6.93,1.55,1,1,0,0,612.94,6.96,4275390.12,5.6
7191,"roc",250,59,10,239,-2.52,-1.83,5.97,1.33,0.99,1,0,0,494.51,6.23,3547134.4,5.04
7192,"roc",208,48,7,200,-2.95,-2.27,9.16,1.33,1,1,0,0,598.99,9.68,4114108.62,7.63
7193,"roc",199,42,12,186,-2.48,-1.39,8.51,0.89,1,1,0,0,575.36,4.01,4593096.56,2.7
7194,"roc",222,40,19,202,-3,-2.42,6.09,1.47,0.99,1,0,0,420.9,11.22,2673496.87,9.55
7195,"roc",233,52,14,218,-2.57,-1.58,7.38,1.3,0.92,0.9,0,0.04,504.65,4.86,3574096.53,3.77
7196,"roc",322,69,9,312,-2.42,-1.8,5.65,1.12,0.99,1,0,0,438.91,6.05,3290231.84,4.47
7197,"roc",227,45,19,207,-2.92,-1.88,8.58,1.27,0.97,0.97,0,0.02,775.83,6.55,5638642.12,5.19
7198,"roc",198,36,12,185,-3.01,-2.57,8.44,1.53,1,1,0,0,428.84,13.07,2945269.33,11.38
7199,"roc",254,57,8,245,-2.07,-1.14,4.17,0.91,0.94,0.93,0,0.01,211.91,3.13,1300909.45,2.08
7200,"roc",143,33,10,132,-2.85,-2.1,9.12,1.24,0.95,1,0,0,394.97,8.17,2967472.2,6.37
7201,"roc",207,48,7,199,-2.8,-2.2,8.9,1.26,0.99,1,0,0,552.18,8.98,4133211.21,7.51
7202,"roc",208,45,16,191,-2.71,-1.87,6.28,1.15,1,1,0,0,523.45,6.49,3329142.66,5.26
7203,"roc",199,40,12,186,-2.99,-2.36,8.76,1.25,0.98,1,0,0,584.83,10.61,4779786.63,9.27
7204,"roc",226,49,9,216,-3.06,-2.18,7.13,1.57,1,1,0,0,468.19,8.85,2300337.13,7.83
7205,"roc",157,38,13,143,-2.24,-1.6,6.32,1.39,0.94,1,0,0,376.56,4.97,2685927.56,3.84
7206,"roc",218,46,8,209,-2.22,-1.06,5.93,0.9,0.9,0.89,0.01,0.08,497.66,2.95,4131613.69,1.95
7207,"roc",199,42,15,183,-2.3,-1.44,6.35,0.89,0.98,1,0,0,332.21,4.24,2524863.78,3.06
7208,"roc",254,57,11,242,-3.02,-2.8,6.78,1.82,0.99,1,0,0,385.31,16.44,2237600.07,14.92
7209,"roc",279,62,11,267,-2.74,-1.83,7.96,1.46,1,1,0,0,454.55,6.24,3250459.89,4.96
7210,"roc",209,45,15,193,-2.51,-1.32,7.91,1.13,0.97,0.96,0,0.01,437.55,3.74,2740564.75,2.68
7211,"roc",230,51,10,219,-2.43,-1.81,6.28,0.99,1,1,0,0,345.48,6.11,2419126.11,4.6
7212,"roc",270,53,21,248,-2.39,-1.75,6.32,1.27,0.9,0.86,0.01,0.05,368.89,5.75,2289485.98,4.69
7213,"roc",253,54,11,241,-2.66,-1.89,8.05,1.56,0.97,0.96,0,0.02,532.49,6.62,4012361.33,5.61
7214,"roc",285,64,11,273,-2.72,-1.62,9.76,1.29,0.99,1,0,0,710.9,5.04,5139272.65,4.02
7215,"roc",209,46,8,200,-2.9,-2.04,6.95,1.16,0.99,1,0,0,667.7,7.73,4607793.51,5.46
7216,"roc",223,47,8,214,-2.5,-1.53,5.6,1.09,0.98,1,0,0,358.38,4.62,2392358.01,3.23
7217,"roc",162,36,4,157,-2.96,-2.56,5.68,1.43,0.97,1,0,0,608.85,13.65,5198262.31,12.14
7218,"roc",202,38,10,191,-3.35,-2.38,9.42,1.79,0.97,0.97,0,0.03,804.74,11.16,5418515.94,9.96
7219,"roc",209,46,17,191,-2.14,-1.69,4.02,1.18,0.97,0.97,0,0.03,251.27,5.42,2120502.26,4.25
7220,"roc",222,53,7,214,-2.92,-2.43,8.8,1.83,0.97,0.97,0,0.02,509.22,11.36,3791122.65,10.17
7221,"roc",287,54,18,268,-2.86,-1.58,10.45,1.25,1,1,0,0,804.32,4.86,6798734.08,3.59
7222,"roc",243,55,7,235,-3.08,-2.64,6.24,1.76,1,1,0,0,520.86,14.01,3659601.29,12.59
7223,"roc",150,32,11,138,-3.41,-2.89,7.05,1.69,0.95,0.94,0,0.05,897.98,18.05,6586426.56,15.96
7224,"roc",249,52,4,244,-2.9,-2.28,5.11,1.3,0.96,0.95,0,0.02,433.68,9.84,2762473.61,8.22
7225,"roc",262,56,5,256,-2.72,-2.04,5.72,1.6,0.95,1,0,0,432.49,7.66,2787246.76,6.48
7226,"roc",174,36,15,158,-3.55,-2.3,14.97,1.55,0.98,0.98,0,0.02,966.22,10.33,6427322.49,9.27
7227,"roc",241,59,5,235,-3.08,-2.07,9.33,1.46,0.99,1,0,0,924.89,7.92,7698285.34,6.71
7228,"roc",243,52,11,231,-2.67,-1.66,8.27,1.17,0.98,0.98,0,0.02,662.26,5.24,5459816.51,4.07
7229,"roc",227,54,12,214,-2.03,-1.5,4.59,0.99,0.99,1,0,0,209.98,4.51,1811279.47,3.38
7230,"roc",312,66,29,282,-2.3,-1.52,5.68,1.18,0.95,0.93,0,0.01,277.09,4.55,1723904.89,3.34
7231,"roc",252,60,5,246,-2.79,-2.01,7.84,1.27,0.98,0.98,0,0.02,755.16,7.52,5958401.64,6.45
7232,"roc",236,54,4,231,-2.87,-2.13,7.15,1.5,0.99,1,0,0,610.84,8.46,4155768.13,7.27
7233,"roc",178,37,13,164,-2.88,-2.42,5.71,1.62,0.99,1,0,0,378.37,11.25,2618043.32,10.23
7234,"roc",219,49,5,213,-2.61,-2.14,5.6,1.37,0.99,1,0,0,328.3,8.5,2091019.93,6.62
7235,"roc",328,71,16,311,-2.16,-1.58,5.25,1.23,0.98,0.97,0,0.02,332.02,4.85,2034603.16,3.62
7236,"roc",210,46,4,205,-2.6,-1.77,6.16,1.39,0.95,0.93,0,0.03,482.83,5.88,3149815.16,4.83
7237,"roc",148,32,9,138,-3.6,-3.2,7.1,1.44,1,1,0,0,988.69,24.7,5272964.61,22.7
7238,"roc",276,57,11,264,-3.19,-2.46,8.52,1.81,0.99,1,0,0,1047.48,11.7,8103516.24,10.02
7239,"roc",254,55,14,239,-2.91,-1.99,8.99,1.45,0.98,1,0,0,564.54,7.32,3722232.27,6.21
7240,"roc",219,44,11,207,-2.64,-1.69,7.6,1.32,0.98,1,0,0,317.65,5.42,2282801.28,4.37
7241,"roc",146,34,7,138,-2.36,-1.76,4.83,1.15,0.96,0.96,0,0.04,355.97,5.78,1973015.22,4.1
7242,"roc",230,44,12,217,-2.84,-2,9.62,1.52,1,1,0,0,501.86,7.42,4305133.39,6.23
7243,"roc",172,39,10,161,-2.35,-1.68,5.35,1.26,0.99,1,0,0,333.51,5.37,2504036.38,4.2
7244,"roc",261,55,9,251,-2.84,-2.34,6.44,1.55,0.89,0.91,0.01,0.09,482.95,10.38,3728006.57,9.02
7245,"roc",279,61,9,269,-2.25,-1.6,5.39,0.98,0.97,0.97,0,0.03,360.02,4.95,2924702.29,3.33
7246,"roc",247,58,16,230,-2.81,-2.26,6.32,1.61,0.99,1,0,0,525.45,9.58,3737856.56,8.1
7247,"roc",229,53,6,222,-2.63,-2.12,5.21,1.16,0.99,1,0,0,445.06,8.33,3615763.85,6.45
7248,"roc",197,39,7,189,-2.44,-1.68,7.03,1.09,0.96,0.96,0,0.04,446.89,5.37,3267552.43,3.88
7249,"roc",296,67,9,286,-2.87,-2.68,5.21,1.4,0.98,1,0,0,326.64,14.59,1726860.57,12.3
7250,"roc",267,54,13,253,-3.05,-2.28,9.3,1.3,0.99,1,0,0,638.84,9.84,5260913.44,8.71
7251,"roc",229,51,9,219,-2.51,-1.72,7.79,1.2,1,1,0,0,723.78,5.58,5574325.9,4.5
7252,"roc",233,53,9,223,-1.88,-1.31,3.42,0.73,0.94,0.93,0,0.03,208.51,3.71,1845677.44,2.41
7253,"roc",255,57,11,243,-2.73,-2.11,5.9,1.39,0.98,1,0,0,473.53,8.25,3164670.79,6.83
7254,"roc",276,58,22,253,-3.06,-2.46,7.22,1.76,0.97,0.95,0,0.02,687.18,11.76,5031765.13,10.52
7255,"roc",245,51,10,234,-3.07,-2.26,8.32,1.47,1,1,0,0,839.82,9.58,5745952.14,8.35
7256,"roc",226,51,8,217,-2.59,-1.48,6.38,1.16,1,1,0,0,521.7,4.39,3812849.78,3.37
7257,"roc",233,47,13,219,-2.5,-1.49,10.58,0.98,0.96,0.95,0,0.04,328.88,4.44,2163865.56,3.21
7258,"roc",272,62,14,257,-2.54,-1.42,11.49,1.23,0.94,1,0.01,0,607.02,4.16,4935345.87,3.04
7259,"roc",204,39,11,192,-2.77,-1.76,7.35,1.29,0.98,1,0,0,335.47,5.81,2491184.28,4.27
7260,"roc",203,42,9,193,-3.19,-2.1,7.52,1.22,0.99,1,0,0,952.09,8.28,7388148.49,6.88
7261,"roc",181,38,11,169,-3.01,-2.14,8.7,1.4,0.96,0.95,0,0.04,828.85,8.5,6276937.1,7.16
7262,"roc",201,39,9,191,-2.82,-2.23,7.49,1.78,0.91,0.86,0.01,0.02,368.7,9.3,2495600.27,8.27
7263,"roc",246,50,23,222,-3.37,-2.24,11.81,1.69,1,1,0,0,933.76,9.37,6456163.15,8.23
7264,"roc",207,44,16,190,-2.28,-1.57,5.74,1.18,0.94,0.92,0,0.01,299.99,4.81,2229505.86,3.72
7265,"roc",294,56,13,280,-2.86,-2.5,6.58,1.86,1,1,0,0,631.59,12.29,4803461.73,11.06
7266,"roc",280,63,15,264,-2.56,-2.07,4.81,1.38,0.99,1,0,0,229.68,7.92,1568381.62,6.71
7267,"roc",178,38,12,165,-2.25,-1.25,7.83,1,0.99,1,0,0,570.35,3.48,4957096.12,2.38
7268,"roc",192,38,12,179,-2.95,-1.69,10.11,1.11,0.99,1,0,0,1052.5,5.42,8862443.64,3.67
7269,"roc",201,39,11,189,-2.74,-1.87,9.14,1.48,0.98,1,0,0,542.04,6.49,4837804.16,5.46
7270,"roc",246,48,17,228,-3.11,-2.45,10.81,1.44,0.96,1,0.01,0,559.89,11.58,4230856.27,10.05
7271,"roc",262,53,10,251,-2.64,-1.5,8.76,1.01,0.98,1,0,0,856.99,4.48,6678197.89,3.17
7272,"roc",178,36,20,157,-2.82,-1.85,12.11,0.97,0.98,1,0,0,408.17,6.37,2776417.22,4.43
7273,"roc",334,76,19,314,-2.11,-1.48,4.98,1.13,0.96,0.94,0,0.02,242.85,4.39,1459387.69,3.17
7274,"roc",216,53,13,202,-2.5,-1.67,7.77,1.38,0.99,1,0,0,635.43,5.31,4937356.9,4.23
7275,"roc",324,62,17,306,-2.62,-2.22,4.95,1.54,0.98,0.98,0,0.01,388.53,9.25,3133526.26,7.92
7276,"roc",216,53,7,208,-2.36,-1.48,7.4,1.11,0.94,1,0.01,0,376.77,4.39,2143894.84,3.36
7277,"roc",265,62,11,253,-2.7,-1.68,8.86,1.36,0.99,1,0,0,761.28,5.38,5688926.06,4.26
7278,"roc",309,63,14,294,-2.89,-2.2,7.33,1.27,0.97,0.96,0,0.01,599.53,9.03,4530039.66,7.63
7279,"roc",303,62,24,278,-2.42,-1.73,6.65,1.08,0.99,1,0,0,494.14,5.64,4143344.94,4.06
7280,"roc",201,40,11,189,-2.77,-1.6,7.73,1.3,0.99,1,0,0,761.78,4.97,6253510.81,3.94
7281,"roc",260,55,35,224,-2.51,-2.07,6.12,1.42,0.99,0.98,0,0.02,414.12,7.92,3502522.26,6.6
7282,"roc",215,47,13,201,-2.95,-2.66,6.83,1.9,0.98,1,0,0,621.9,14.3,4235134.81,12.82
7283,"roc",286,59,15,270,-2.31,-1.54,5.87,1.1,0.88,0.89,0.01,0.11,395.16,4.66,2779005.07,3.42
7284,"roc",212,48,13,198,-2.88,-2.1,6.78,1.28,0.98,1,0,0,696.58,8.16,5230472.34,6.84
7285,"roc",210,45,11,198,-2.54,-1.41,7.09,1.09,1,1,0,0,316.8,4.1,2233977.07,2.9
7286,"roc",218,48,8,209,-2.3,-1.55,6.85,1.21,0.97,1,0,0,354.35,4.72,2177168.19,3.48
7287,"roc",202,40,13,188,-3.16,-1.97,9.47,1.62,1,1,0,0,891.21,7.17,6836170.52,5.85
7288,"roc",309,69,22,286,-2.62,-1.78,5.74,1.32,0.97,0.96,0,0.02,386.09,5.93,1995303.1,4.78
7289,"roc",335,70,11,323,-3.29,-2.6,7.74,1.86,1,1,0,0,804.08,13.56,4886153.8,12.42
7290,"roc",317,68,17,299,-2.56,-1.85,7.94,1.32,1,1,0,0,414.84,6.32,3134413.24,5.05
7291,"roc",227,45,17,209,-3.21,-2.21,11.47,1.63,0.99,1,0,0,678.83,9.12,4503945.03,7.69
7292,"roc",239,50,15,223,-3.16,-2.01,13.07,1.16,1,1,0,0,783.89,7.46,5935936.13,5.42
7293,"roc",269,56,22,246,-2.5,-1.61,6.07,1.33,0.99,1,0,0,449.02,5.03,3457943.7,3.94
7294,"roc",245,53,7,237,-2.4,-1.89,6.49,1.22,1,1,0,0,334.15,6.62,2399489.75,5.49
7295,"roc",269,54,13,255,-2.58,-1.81,6.42,1.21,1,1,0,0,405.96,6.08,3546983,4.6
7296,"roc",166,40,3,162,-3.04,-2.12,6.29,1.5,0.98,1,0,0,630.07,8.36,4709373.17,7.14
7297,"roc",367,78,22,344,-2.77,-2.16,5.43,1.35,0.98,0.97,0,0.03,359.3,8.72,1746311.11,7
7298,"roc",255,54,10,244,-2.15,-1.19,5.84,0.88,0.99,1,0,0,303.72,3.29,2181914.36,2.24
7299,"roc",224,46,13,210,-2.33,-1.09,5.7,0.91,0.86,0.82,0.02,0.16,436.42,2.98,2816606.13,1.84
7300,"roc",162,35,16,145,-2.77,-1.99,4.62,0.98,0.98,1,0,0,341.47,7.32,2754543.71,5.24
7301,"roc",317,66,13,303,-2.95,-2.45,7.34,1.33,0.99,1,0,0,515.4,11.6,4301023.74,9.66
7302,"roc",204,41,9,194,-2.83,-2.28,6.04,1.78,0.98,0.97,0,0.03,539.24,9.78,3797483.56,8.48
7303,"roc",216,48,12,203,-3.06,-2.48,7.28,1.62,1,1,0,0,455.08,11.88,2298053.19,10.25
7304,"roc",221,45,13,207,-3.16,-2.07,10.55,1.61,1,1,0,0,925.76,7.92,7166096.1,6.52
7305,"roc",246,56,9,236,-2.49,-1.82,4.61,1.08,0.94,0.91,0,0.04,289.96,6.14,1897878.97,4.56
7306,"roc",286,56,21,264,-2.49,-1.78,7.39,1.14,0.99,1,0,0,416.83,5.93,2810643.15,4.22
7307,"roc",210,51,3,206,-3.37,-2.37,9.03,1.15,1,1,0,0,1112.34,10.7,8507531.37,9.03
7308,"roc",327,71,18,308,-2.66,-1.6,8.13,1.33,0.99,1,0,0,647.6,4.95,5288586.8,3.89
7309,"roc",252,57,6,245,-2.95,-2.02,8.56,1.35,0.98,1,0,0,685.49,7.54,5193848.49,6.35
7310,"roc",189,41,16,172,-2.78,-1.96,7.09,1.17,1,1,0,0,608.3,7.1,4639283.27,5.52
7311,"roc",311,65,6,304,-3,-1.96,8.28,1.36,1,1,0,0,529.89,7.1,3648766.6,5.42
7312,"roc",196,39,19,176,-2.85,-1.9,8.44,1.5,0.96,0.95,0,0.02,651.27,6.69,4838173.56,5.55
7313,"roc",175,34,6,168,-2.58,-1.82,5.92,1.12,0.95,0.94,0,0.05,590.53,6.14,4108231.31,4.21
7314,"roc",284,54,28,255,-2.52,-1.48,7.5,1.31,0.95,0.94,0,0.01,327.47,4.39,2039037.36,3.24
7315,"roc",200,48,6,193,-2.81,-2.38,5.56,1.52,0.96,0.96,0,0.04,493.89,11.08,3031372.84,9.27
7316,"roc",265,51,9,255,-3.23,-2.7,8.58,1.96,0.99,1,0,0,719.3,14.88,5210531.8,13.18
7317,"roc",228,48,15,212,-2.95,-2.15,11.49,1.2,1,1,0,0,680.81,8.6,5040969.5,6.32
7318,"roc",229,54,7,221,-2.72,-2.02,5.49,1.21,1,1,0,0,412.4,7.54,2370451.83,5.88
7319,"roc",340,70,23,316,-1.91,-0.96,6.5,0.8,0.97,1,0,0,391.57,2.62,2969137.08,1.48
7320,"roc",149,35,9,139,-2.74,-2.56,4.45,1.31,0.96,0.95,0,0.03,367.47,12.94,2832298.74,11.63
7321,"roc",262,54,19,242,-3.19,-2.5,8.77,1.64,0.97,0.96,0,0.02,956.56,12.3,7262025.27,10.59
7322,"roc",288,57,20,267,-2.59,-1.91,8.07,1.3,0.95,0.93,0,0.02,727.22,6.75,6492795.98,5.07
7323,"roc",291,57,27,263,-2.01,-1.44,4.28,1.09,0.97,0.97,0,0.03,214.66,4.22,1724288.59,3.16
7324,"roc",163,35,7,155,-2.51,-1.5,6.03,0.9,0.99,1,0,0,364.25,4.48,2784719.07,2.76
7325,"roc",267,58,12,254,-2.51,-1.9,7.35,1.4,0.99,1,0,0,377.22,6.68,2271294.04,5.41
7326,"roc",180,36,10,169,-2.95,-2.24,7.88,1.46,0.96,1,0.01,0,365.16,9.4,2745256.62,8.14
7327,"roc",223,45,17,205,-2.18,-1.1,6.97,0.87,0.92,0.94,0.01,0.06,268.46,3,2165991.64,1.96
7328,"roc",263,55,6,256,-3.1,-1.99,9.48,1.45,0.95,0.97,0,0.03,740.37,7.32,5291689.48,6.17
7329,"roc",222,44,24,197,-2.76,-1.92,10.49,1.33,0.96,0.96,0,0.02,722.9,7.3,6313712.96,5.93
7330,"roc",191,43,11,179,-2.57,-2.42,5.6,1.8,0.97,0.97,0,0.03,273.91,11.25,2263435.78,10.08
7331,"roc",221,45,16,204,-2.85,-1.98,6.33,1.33,0.99,1,0,0,624.15,7.24,4515656.2,5.86
7332,"roc",204,42,16,187,-2.67,-1.94,7.75,1.05,0.98,1,0,0,508.09,6.96,4516598.62,5.88
7333,"roc",312,69,29,282,-1.84,-1.03,4.91,0.82,0.97,0.97,0,0.03,334.55,2.8,2816491.76,1.72
7334,"roc",256,55,6,249,-2.88,-1.98,7.49,1.47,0.99,1,0,0,751.3,7.24,6415322.26,6.08
7335,"roc",204,40,12,191,-2.91,-1.59,9.61,1.14,0.99,1,0,0,1034.84,4.91,8945815.95,3.85
7336,"roc",195,47,7,187,-2.85,-1.56,7.44,1.27,0.97,0.96,0,0.02,775.33,4.76,5735993.85,3.5
7337,"roc",224,49,8,215,-2.96,-1.63,9.25,1.27,1,1,0,0,790.2,5.1,5835804.25,4.02
7338,"roc",285,59,8,276,-2.81,-2.25,6.66,1.24,0.99,1,0,0,557.31,9.49,4797516.35,7.74
7339,"roc",199,47,11,187,-2.2,-1.45,5.96,1.12,1,1,0,0,288.25,4.26,2160138.73,3.04
7340,"roc",235,53,19,215,-2.61,-1.98,6.98,1.21,0.97,1,0,0,283.74,7.24,1891830.36,5.84
7341,"roc",251,58,9,241,-2.51,-1.82,7.48,1.2,0.95,0.94,0,0.05,605.33,6.16,5022339.51,4.97
7342,"roc",239,56,12,226,-2.73,-1.83,6.69,1.28,0.98,1,0,0,413.25,6.2,2378693.8,5.19
7343,"roc",243,58,7,235,-2.44,-2.01,4.58,1.26,0.99,1,0,0,318.85,7.5,2038508.78,5.96
7344,"roc",217,46,22,194,-2.51,-2.02,3.95,1.25,0.99,1,0,0,122.2,7.58,137788.04,5.88
7345,"roc",231,50,8,222,-3.23,-2.37,10.28,1.55,0.99,1,0,0,713.47,11.12,5611591.61,9.95
7346,"roc",170,37,12,157,-2.95,-2.09,8.18,1.55,0.92,0.94,0.01,0.06,703.61,8.08,4537741.99,6.94
7347,"roc",163,40,6,156,-2.64,-1.56,8.31,1.05,1,1,0,0,419.99,4.8,2580357.44,3.63
7348,"roc",292,64,23,268,-2.6,-1.74,7.43,1.45,0.98,0.98,0,0.01,459.51,5.7,3163166.44,4.63
7349,"roc",293,60,13,279,-2.02,-1.42,5.73,1.11,0.91,0.94,0.01,0.05,218.84,4.12,1657816.9,3.02
7350,"roc",292,64,10,281,-2.53,-1.89,7.53,1.35,0.96,0.97,0,0.03,412.1,6.63,3096445.17,5.38
7351,"roc",148,33,15,132,-2.99,-2.52,6.75,1.65,0.99,1,0,0,608.59,12.43,3600864.67,10.59
7352,"roc",221,47,8,212,-2.7,-1.89,7.88,1.41,0.99,1,0,0,511.93,6.62,4052955.1,5.57
7353,"roc",267,53,16,250,-3.04,-2.33,10.79,1.68,1,1,0,0,424.98,10.28,2228367.22,9.05
7354,"roc",252,60,6,245,-2.63,-2.22,4.79,1.47,1,1,0,0,257.69,9.4,1687890.8,8.06
7355,"roc",301,67,8,292,-2.7,-1.94,6.22,1.39,0.97,0.97,0,0.01,410.38,6.96,2877039.76,5.75
7356,"roc",245,54,5,239,-2.91,-2.14,6.47,1.48,1,1,0,0,656.35,8.57,5246120.19,7.21
7357,"roc",244,50,15,228,-2.67,-2.06,5.3,1.26,0.99,1,0,0,473.12,7.86,3094604.88,6.24
7358,"roc",283,58,12,270,-2.35,-1.84,5.87,1.07,0.98,1,0,0,465.8,6.26,3831595.49,4.91
7359,"roc",174,39,6,167,-3.26,-2.02,10.8,1.19,0.98,0.97,0,0.03,808.56,7.54,6315655.39,5.77
7360,"roc",288,57,23,264,-1.94,-1.25,3.8,1,0.95,0.95,0,0.04,116.74,3.49,261332.67,2.27
7361,"roc",287,61,5,281,-3.1,-2.66,6.85,1.73,0.98,0.98,0,0.01,633.39,14.3,3945856.01,13.18
7362,"roc",264,61,18,245,-2.46,-1.69,6.64,1.35,0.99,1,0,0,467.08,5.42,3351076.7,4.39
7363,"roc",297,63,12,284,-2.87,-1.31,11.35,1.1,0.94,0.96,0,0.04,713.41,3.71,5281595.09,2.66
7364,"roc",305,60,13,291,-3,-2.41,5.4,1.39,0.98,0.98,0,0.01,450.62,11.08,3323735.9,9.72
7365,"roc",234,54,8,225,-2.67,-1.92,6.83,1.36,0.96,0.95,0,0.02,300.67,6.78,1886867.5,5.45
7366,"roc",231,47,10,220,-2.14,-1.55,4.47,1.27,0.99,1,0,0,336.34,4.71,2142405.67,3.64
7367,"roc",156,34,11,144,-3.34,-2.56,10.18,1.53,0.96,0.95,0,0.05,595.36,13,3672086.72,11.36
7368,"roc",280,56,11,268,-3.16,-2.58,7.53,1.9,0.98,0.97,0,0.03,717.01,13.14,5372258.19,11.74
7369,"roc",223,45,8,214,-3.12,-2.25,8.29,1.55,1,1,0,0,594.81,9.49,4407658.84,8.45
7370,"roc",197,40,13,183,-3.14,-2.64,7.59,1.37,0.99,1,0,0,422.95,14.02,2594620.77,11.67
7371,"roc",200,42,13,186,-2.3,-1.69,5.64,1.3,0.98,1,0,0,339.27,5.42,2440536.57,4.29
7372,"roc",206,41,23,182,-2.82,-1.88,6.48,1.31,0.95,0.94,0,0.05,500.77,6.55,3138508.1,5.39
7373,"roc",229,49,8,220,-2.35,-1.63,5.84,1.3,0.98,1,0,0,253.18,5.1,1990552.82,3.93
7374,"roc",225,53,12,212,-2.45,-2,3.49,1.08,0.96,0.94,0,0.05,93.63,7.39,92847.56,5.51
7375,"roc",153,39,8,144,-2.53,-2,6.3,1.36,0.93,0.95,0.01,0.05,483.99,7.39,3213219.47,6.04
7376,"roc",162,39,9,152,-2.55,-1.96,6.06,1.14,0.98,1,0,0,357.02,7.1,2517502.13,5.47
7377,"roc",212,45,11,200,-2.33,-1.65,5.23,1.06,0.97,1,0,0,398.44,5.21,2661831.49,4.08
7378,"roc",168,36,12,155,-2.92,-1.53,10.84,1.08,0.99,1,0,0,1138.34,4.62,8895660.82,3.55
7379,"roc",307,64,17,289,-2.62,-1.75,7.2,1.27,0.98,0.97,0,0.02,440.17,5.76,3124136.2,4.33
7380,"roc",149,35,4,144,-3.21,-2.35,10.3,2,0.87,0.82,0.01,0.08,1193.36,10.49,10020844.81,9.42
7381,"roc",189,43,13,175,-2.41,-1.57,6.33,1.25,0.98,1,0,0,565.71,4.81,4508621.87,3.56
7382,"roc",191,40,8,182,-2.48,-1.46,4.94,1.17,0.95,1,0.01,0,254.47,4.31,859623.25,3.12
7383,"roc",304,59,16,287,-2.58,-1.88,6.52,1.31,0.99,0.98,0,0.01,466.8,6.55,3561476.49,5.49
7384,"roc",204,45,10,193,-2.44,-1.53,6.99,1.37,0.96,0.95,0,0.05,471.96,4.62,3444677.04,3.6
7385,"roc",224,44,20,203,-2.83,-1.78,10.01,1.21,0.94,0.93,0,0.07,638.79,5.9,4649158.77,4.65
7386,"roc",249,59,6,242,-2.28,-1.54,5.08,1.22,0.99,1,0,0,220.88,4.66,1671010.09,3.53
7387,"roc",293,59,17,275,-2.24,-1.47,6.41,1.07,0.97,0.96,0,0.03,341.29,4.35,2253896.94,3.12
7388,"roc",170,34,9,160,-2.79,-1.92,8.59,1.19,0.99,1,0,0,670.04,6.84,5489423.96,4.88
7389,"roc",213,38,13,199,-2.81,-2.27,4.41,1.02,0.95,0.95,0,0.05,211.26,9.82,382309.99,7.49
7390,"roc",214,43,5,208,-3.26,-2.38,9.3,1.62,1,1,0,0,869.95,10.8,5878952.82,9.74
7391,"roc",188,43,10,177,-2.46,-1.91,5.51,1.18,0.98,1,0,0,388.77,6.75,2950153.5,5.31
7392,"roc",229,42,11,217,-2.57,-1.4,7.11,0.85,0.97,1,0,0,422.29,4.04,2783861.45,2.62
7393,"roc",285,68,11,273,-2.29,-1.72,4,1.04,0.95,0.92,0,0.02,325.41,5.58,2840701.76,4.12
7394,"roc",216,45,11,204,-3.08,-2.12,7.5,1.38,0.97,0.97,0,0.02,561.26,8.33,2845771.56,6.84
7395,"roc",207,41,13,193,-2.4,-1.68,5.83,1.39,1,1,0,0,317.87,5.37,2382333.91,4.12
7396,"roc",245,59,11,233,-2.94,-2.48,5.56,1.35,0.98,0.98,0,0.02,558.26,11.94,4274417.32,10.64
7397,"roc",262,56,7,254,-2.92,-2.06,7.7,1.71,0.97,1,0,0,711.22,7.9,5688808.17,6.71
7398,"roc",231,51,11,219,-2.55,-2.14,5.54,1.41,0.97,0.97,0,0.03,426.73,8.5,3746519.32,7.16
7399,"roc",234,57,12,221,-2.67,-1.88,6.32,1.01,0.98,0.98,0,0.02,497.12,6.55,3544757.7,5.25
7400,"roc",139,32,17,121,-2.4,-1.6,5.92,1.01,0.76,0.7,0.03,0.08,422.76,5.07,3098736.06,3.43
7401,"roc",275,61,6,268,-2.62,-1.85,7.64,1.33,0.94,0.94,0,0.03,619.98,6.36,4771037.65,5.1
7402,"roc",167,35,15,151,-3.3,-2.62,9.33,1.38,0.83,0.83,0.01,0.02,901.22,13.74,7770175.51,11.94
7403,"roc",328,68,5,322,-2.77,-1.62,7.76,1.32,0.97,1,0,0,584.45,5.03,4382703.2,4
7404,"roc",329,61,12,316,-3.09,-1.86,8.28,1.37,0.99,1,0,0,821.91,6.42,6158395.11,5.28
7405,"roc",220,51,6,213,-2.6,-1.38,8.3,1.12,0.98,0.97,0,0.02,704.18,3.97,5664359.34,2.7
7406,"roc",150,37,4,145,-2.54,-1.35,8.11,1.11,0.94,0.92,0,0.02,693.49,3.86,4418182.49,2.64
7407,"roc",231,47,9,221,-3.23,-2.67,6.53,1.72,0.99,1,0,0,644.38,14.44,4627414.42,13.08
7408,"roc",239,53,11,227,-2.32,-1.48,6.47,1.25,0.98,0.97,0,0.01,447.05,4.39,3641444.23,3.38
7409,"roc",299,68,8,290,-2.55,-2.14,5.98,1.71,0.99,1,0,0,459.13,8.56,3074497.84,7.41
7410,"roc",218,44,11,206,-2.9,-1.62,11.01,1.34,0.98,1,0,0,1082.33,5.05,8035854.58,3.85
7411,"roc",159,39,10,148,-2.74,-2.3,5.81,1.42,0.99,1,0,0,599.1,9.97,4852829.34,7.89
7412,"roc",237,46,14,222,-3.21,-2.2,8.2,1.34,0.99,1,0,0,507.45,8.98,3353476.08,7.74
7413,"roc",284,58,18,265,-2.71,-1.68,7.71,1.41,0.96,0.97,0,0.03,545.71,5.36,3792090.38,4.3
7414,"roc",356,68,17,338,-3.22,-2.42,7.36,1.65,1,1,0,0,845.14,11.31,5619367.89,9.87
7415,"roc",272,55,23,248,-2.52,-1.91,7.03,1.42,0.98,0.98,0,0.02,484.68,6.75,3649290.47,5.43
7416,"roc",238,48,19,218,-3.28,-2.42,9.38,1.8,0.99,1,0,0,657.55,11.28,4430411.84,10.18
7417,"roc",137,31,8,128,-2.37,-1.68,8.62,1.41,0.99,1,0,0,375.34,5.37,3119213.15,4.12
7418,"roc",256,47,12,243,-2.97,-2.04,10.75,1.5,0.96,0.96,0,0.03,592.69,7.69,4322369.64,6.24
7419,"roc",229,45,9,219,-2.27,-1.41,4.92,0.92,0.9,0.96,0.01,0.04,285.47,4.1,2166026.91,2.71
7420,"roc",165,39,8,156,-2.39,-1.56,7.64,1.32,0.97,1,0,0,322.27,4.76,2503947.03,3.68
7421,"roc",196,44,11,184,-3.03,-2.46,6.27,1.33,0.99,1,0,0,558.6,11.65,4331053.16,10.37
7422,"roc",248,56,13,234,-1.97,-1.53,3.46,1.12,0.96,0.95,0,0.01,201.28,4.62,1644693.96,3.31
7423,"roc",265,56,12,252,-2.36,-1.82,4.78,1.17,1,1,0,0,367.25,6.14,2359678.47,4.71
7424,"roc",197,44,7,189,-2.61,-1.54,7.84,0.99,0.94,0.94,0,0.04,829.81,4.65,5700324.18,3.36
7425,"roc",274,58,14,259,-3.01,-2.13,7.79,1.71,0.94,0.94,0,0.04,618.37,8.46,4156813.1,7.42
7426,"roc",246,54,8,237,-2.99,-1.74,8.06,1.23,0.95,0.95,0,0.01,707.94,5.73,4950130.46,4.3
7427,"roc",283,66,13,269,-2.47,-1.61,6.03,1.19,0.94,0.94,0,0.02,508.32,5,4313229.08,3.86
7428,"roc",212,49,8,203,-2.83,-2.18,4.85,1.22,1,1,0,0,292.9,8.85,2010061.76,7.22
7429,"roc",232,55,5,226,-2.58,-1.6,7.35,1.25,0.99,1,0,0,408,4.95,2431763.08,3.81
7430,"roc",256,50,17,238,-2.52,-1.83,6.27,1.24,0.97,0.96,0,0.02,452.28,6.24,3824100.05,4.86
7431,"roc",321,64,25,295,-2.33,-1.72,5.34,1.18,0.96,0.96,0,0.04,355.14,5.61,2227806.73,4.26
7432,"roc",196,45,4,191,-3.07,-2.75,5.99,1.34,0.92,0.9,0,0.01,327.9,15.64,2199180.84,13.52
7433,"roc",195,42,12,182,-2.56,-1.7,9.35,1.4,1,1,0,0,530.54,5.48,4510481.1,4.46
7434,"roc",218,50,5,212,-2.05,-1.38,5.1,0.93,0.97,0.97,0,0.03,317.5,4,2181815.26,2.85
7435,"roc",255,53,13,241,-2.6,-1.91,6.9,1.21,0.96,0.96,0,0.04,447.46,6.75,3631566.18,5.48
7436,"roc",217,43,20,196,-2.81,-2.15,9.36,1.38,0.98,1,0,0,742.52,8.58,6442356.35,6.86
7437,"roc",289,60,14,274,-2.54,-1.77,6.65,1.31,1,1,0,0,496.4,5.93,3395048.01,4.52
7438,"roc",245,58,14,230,-2.16,-1.31,6.88,0.97,0.9,0.94,0.01,0.05,258.31,3.7,1811313.1,2.6
7439,"roc",175,38,11,163,-3.09,-2.12,10.32,1.18,1,1,0,0,620.24,8.42,4942728.65,6.5
7440,"roc",272,60,15,256,-2.63,-2.38,5.12,1.51,0.98,0.98,0,0.02,286.83,10.8,1733718.48,9.55
7441,"roc",203,36,15,187,-3.04,-2.01,10.69,1.51,1,1,0,0,876.65,7.5,6321605.11,6
7442,"roc",313,68,15,297,-2.64,-1.92,6.66,1.36,0.97,0.95,0,0.02,425.2,6.83,2197493.53,5.75
7443,"roc",187,41,5,181,-3.01,-2.14,7.68,1.4,0.98,1,0,0,855.66,8.5,6812585.91,6.47
7444,"roc",218,42,16,201,-2.74,-1.77,5.71,1.14,0.97,0.97,0,0.02,506.76,5.87,3278545.05,4.35
7445,"roc",301,67,9,291,-2.61,-1.66,6,1.38,1,1,0,0,423.66,5.26,2954170.73,4.01
7446,"roc",307,61,9,297,-2.55,-2.13,5.72,1.73,0.91,0.88,0,0.04,380.44,8.41,3153535.95,7.11
7447,"roc",206,42,12,193,-3.15,-1.94,9.81,1.41,0.97,0.97,0,0.02,594.94,6.98,4522163.52,5.29
7448,"roc",167,38,11,155,-2.3,-1.74,5.89,1.18,0.89,0.85,0.01,0.05,329.25,5.82,2587297.19,4.42
7449,"roc",254,52,12,241,-3.08,-2.54,4.38,1.58,0.98,0.97,0,0.02,168.9,12.76,131431.64,11.35
7450,"roc",108,26,4,103,-3.26,-2,9.51,1.52,0.98,1,0,0,984.09,7.36,7077565.67,5.81
7451,"roc",201,46,10,190,-2.71,-1.62,8.77,1.21,0.95,0.94,0,0.01,768.77,5.03,6076606.86,3.93
7452,"roc",181,37,16,164,-2.84,-1.79,8.82,0.95,0.97,0.96,0,0.03,345.71,5.99,2619402.56,4.29
7453,"roc",205,36,6,198,-2.45,-1.81,4.47,1.04,0.96,0.98,0,0.03,217.44,6.11,426622.69,4.83
7454,"roc",256,55,3,252,-2.86,-2.6,6.87,2.15,0.98,1,0,0,469.98,13.46,3001640.18,12.23
7455,"roc",229,54,5,223,-3.29,-2.88,7.4,1.56,1,1,0,0,994.6,17.95,6923940.73,15.65
7456,"roc",187,42,4,182,-2.49,-1.64,8.45,1.18,0.94,1,0.01,0,614.18,5.14,4685997.34,3.83
7457,"roc",277,59,12,264,-2.62,-2.06,5.61,1.14,0.99,1,0,0,446.31,7.85,2415304.78,6.3
7458,"roc",232,46,15,216,-2.81,-1.68,8,1.28,0.98,1,0,0,456,5.4,2752940.82,4.06
7459,"roc",303,62,11,291,-2.15,-1.88,3.25,1.23,0.98,1,0,0,206.41,6.58,1614968.24,5.18
7460,"roc",240,53,5,234,-2.38,-1.9,4.74,1.26,0.95,0.94,0,0.04,255.81,6.69,1871280.56,5.48
7461,"roc",176,42,8,167,-2.78,-1.72,8.51,1.32,0.98,0.98,0,0.02,828.38,5.56,6680074.69,4.32
7462,"roc",299,63,11,287,-2.77,-2.26,5.03,1.18,0.93,0.96,0.01,0.04,358.4,9.58,3054267.99,7.98
7463,"roc",307,67,20,286,-2.48,-1.92,6.76,1.48,0.98,1,0,0,519.92,6.82,3423103.7,5.74
7464,"roc",246,50,15,230,-2.32,-1.43,6.4,1.06,0.96,0.97,0,0.03,456.85,4.18,3018289.6,3.01
7465,"roc",232,53,15,216,-2.27,-1.33,8.42,0.91,0.96,0.95,0,0.02,586.14,3.78,5320810.88,2.52
7466,"roc",240,54,13,226,-2.45,-1.69,8.76,1.24,0.96,0.96,0,0.02,228.92,5.44,1811767.24,4.21
7467,"roc",307,63,12,294,-2.33,-1.41,6.15,1.25,0.97,0.96,0,0.03,311.71,4.1,2301609.18,3.08
7468,"roc",162,35,7,154,-3.37,-3.23,6.62,2.06,0.94,0.93,0,0.02,534.19,25.28,3096908.71,23.96
7469,"roc",140,32,7,132,-2.93,-2.09,9.8,1.15,0.97,1,0,0,592.95,8.1,4396695.85,5.98
7470,"roc",331,61,20,310,-3.01,-2.21,6.99,1.53,1,1,0,0,629.32,9.12,4047369.85,7.72
7471,"roc",338,62,20,317,-2.32,-1.56,5.31,1.01,0.97,1,0,0,407.16,4.77,3174518.56,3.3
7472,"roc",270,64,21,248,-2.76,-1.9,10.55,1.65,0.99,1,0,0,501.3,6.75,4116334.98,5.75
7473,"roc",210,45,9,200,-3.08,-2.35,6.31,1.48,0.98,1,0,0,376.28,10.49,2235328.23,8.29
7474,"roc",227,52,8,218,-2.7,-1.49,9.09,1.25,0.98,1,0,0,764.91,4.46,5966302.52,3.29
7475,"roc",234,54,9,224,-3.06,-2.24,6.83,1.3,0.99,1,0,0,642.28,9.46,4217984.71,8
7476,"roc",291,60,8,282,-2.6,-1.92,6.53,1.26,0.97,0.96,0,0.01,505.39,6.79,3461272.64,5.17
7477,"roc",183,39,12,170,-2.5,-1.35,6.89,1.28,0.97,0.97,0,0.03,411.89,3.86,2810995.59,2.81
7478,"roc",256,50,14,241,-2.84,-1.85,8.5,1.4,0.96,0.94,0,0.02,738.63,6.36,5785601.67,5.02
7479,"roc",264,55,13,250,-2.76,-1.95,5.95,1.38,0.94,0.91,0,0.03,436.71,7.03,2597001.94,5.91
7480,"roc",261,52,10,250,-2.69,-1.69,8.45,1.12,0.93,0.94,0,0.06,444.01,5.43,2804010.08,3.72
7481,"roc",234,50,11,222,-3,-1.98,6.77,1.52,1,1,0,0,546.95,7.29,3112393,6.17
7482,"roc",246,53,15,230,-2.36,-1.18,8.87,0.98,0.99,1,0,0,580.94,3.25,4763937.8,2.13
7483,"roc",277,55,8,268,-2.67,-1.73,7.86,1.3,0.96,1,0,0,611.76,5.64,5126236.01,4.52
7484,"roc",257,52,7,249,-3.66,-2.38,10.76,1.72,0.98,1,0,0,1225.37,10.9,8736815.49,9.52
7485,"roc",157,34,12,144,-2.36,-1.85,6.84,1.29,0.95,0.94,0,0.06,600.81,6.36,5521851.58,4.89
7486,"roc",249,53,9,239,-2.73,-1.67,9.71,1.26,0.98,0.98,0,0.02,645.11,5.31,5345908.97,4.19
7487,"roc",273,62,13,259,-2.22,-1.6,4.76,1.15,0.98,0.98,0,0.02,329.88,4.93,2703944.86,3.77
7488,"roc",210,49,17,192,-2.45,-1.57,5.16,1.26,0.9,0.89,0,0.05,316.54,4.81,2136214.89,3.78
7489,"roc",216,47,19,196,-2.6,-2.3,3.76,0.99,0.95,1,0,0,350.24,9.97,2598413.69,8.35
7490,"roc",241,54,14,226,-3.38,-2.87,8.38,2.4,0.99,0.98,0,0.02,733.19,17.66,4538784.8,16.41
7491,"roc",167,38,3,163,-2.97,-1.96,10.38,1.38,0.97,0.96,0,0.02,887.08,7.14,7045156.34,5.76
7492,"roc",292,58,6,285,-3.17,-2,7.75,1.53,0.98,0.97,0,0.01,998.99,7.36,7804762.91,6.02
7493,"roc",244,54,11,232,-2.77,-1.82,6.5,1.29,0.98,0.98,0,0.02,488.98,6.21,2770942.02,5.01
7494,"roc",292,63,10,281,-2.99,-2,8.98,1.13,0.94,1,0.01,0,732.09,7.39,5976516.1,5.72
7495,"roc",278,59,8,269,-2.61,-1.88,5.68,1.43,1,1,0,0,382.58,6.55,2120510.39,5.47
7496,"roc",244,48,6,237,-2.62,-1.76,7.36,1.16,0.91,0.9,0,0.03,638.14,5.85,4723956.29,4.57
7497,"roc",278,59,12,265,-3.2,-2.46,9.25,1.65,1,1,0,0,814.11,11.7,5497761.93,10.34
7498,"roc",210,44,14,195,-2.48,-1.58,8.43,1.15,0.96,0.94,0,0.02,477.02,4.85,4320821.64,3.68
7499,"roc",228,46,10,217,-3.09,-1.98,8.36,1.08,0.99,1,0,0,741.96,7.24,5078416,5.27
7500,"roc",163,37,9,153,-2.46,-2.25,7.13,1.4,0.99,1,0,0,318.51,9.49,2632617.4,8.19
7501,"roc",195,41,9,185,-3.26,-2.66,8.57,2.11,0.97,0.97,0,0.02,763.56,14.3,5166803.13,12.91
7502,"roc",260,56,19,240,-2.52,-1.82,6.87,1.5,0.89,0.87,0.01,0.09,322.36,6.17,2041973.81,4.98
7503,"roc",274,57,17,256,-2.57,-1.88,6.09,1.43,0.96,0.95,0,0.03,507.87,6.55,4048871.81,5.25
7504,"roc",217,50,11,205,-2.34,-1.59,5.6,1,0.99,1,0,0,443.54,4.92,3824181.29,3.32
7505,"roc",247,53,17,229,-2.73,-1.57,7.62,1.23,0.99,1,0,0,682.33,4.81,4969729.56,3.79
7506,"roc",239,50,18,220,-2.46,-2,4.43,1.31,0.99,1,0,0,261.26,7.39,1953795.58,6
7507,"roc",240,47,13,226,-3.11,-2.46,9.05,1.5,0.98,1,0,0,765.15,11.7,6018113.19,9.78
7508,"roc",219,43,20,198,-3.06,-2.1,10.54,1.41,0.96,0.96,0,0.04,794.6,8.17,6419524.67,7.02
7509,"roc",336,73,21,314,-3.36,-2.64,9.61,2.07,0.99,1,0,0,719.65,14.01,4464618.1,12.92
7510,"roc",218,51,5,212,-3.32,-2.96,6.77,1.76,0.93,0.93,0,0.06,534.69,19.3,3758528.16,18.26
7511,"roc",280,54,14,265,-2.76,-2.37,5.92,1.56,0.93,0.92,0,0.01,316.35,10.66,1904294,9.39
7512,"roc",220,47,12,207,-2.78,-2.34,4.65,1.34,0.95,0.96,0,0.04,314.21,10.38,2125782,8.46
7513,"roc",239,55,7,231,-2.86,-2.05,8.99,1.74,1,1,0,0,503.55,7.77,3844276.61,6.74
7514,"roc",196,41,14,181,-3.26,-2.25,7.83,1.4,1,1,0,0,773.16,9.49,5703158.48,7.77
7515,"roc",253,51,7,245,-2.97,-2.11,8.79,1.49,1,1,0,0,839.42,8.25,6563297.41,7.08
7516,"roc",217,48,5,211,-2.8,-1.78,8.2,1.32,0.93,1,0.01,0,692.91,5.92,5078931.79,4.53
7517,"roc",204,49,8,195,-2.74,-1.98,6.8,1.48,0.96,0.95,0,0.01,588.73,7.24,4178875.09,5.85
7518,"roc",159,34,15,143,-3.08,-2.74,10.81,1.04,0.98,1,0,0,331.13,15.42,2837270.94,11.05
7519,"roc",158,37,8,149,-2.82,-1.78,8.29,1.28,1,1,0,0,756.17,5.93,5624828.38,4.28
7520,"roc",321,67,15,305,-2.82,-2.25,6.56,1.31,0.98,0.97,0,0.02,591.09,9.49,3939551.99,7.82
7521,"roc",216,47,13,202,-2.61,-1.99,5.62,1.42,0.98,0.97,0,0.02,494.34,7.32,4065628.12,6.17
7522,"roc",286,59,11,274,-2.71,-1.79,7.12,1.07,0.92,0.89,0,0.03,562.14,5.99,4783785.52,4.6
7523,"roc",219,47,11,207,-2.51,-1.77,6.66,1.18,0.94,0.95,0,0.05,279.46,5.87,2077785.6,4.41
7524,"roc",270,60,13,256,-2.79,-1.82,7.95,1.36,1,1,0,0,449.47,6.14,3229452.09,5.13
7525,"roc",227,47,13,213,-3.36,-2.16,11.85,1.32,0.98,1,0,0,748.58,8.67,4949851.86,7.59
7526,"roc",217,51,11,205,-2.2,-1.34,5.64,1.12,0.94,1,0,0,333.84,3.82,2215366.56,2.68
7527,"roc",203,48,12,190,-2.65,-2.24,5.03,1.24,0.97,0.97,0,0.02,279.91,9.4,2052626.84,8.2
7528,"roc",241,50,14,226,-2.6,-1.82,5.42,1.21,0.96,0.95,0,0.02,319.93,6.2,2109207.59,4.58
7529,"roc",182,40,13,168,-2.85,-2.22,11.68,1.55,0.96,0.96,0,0.04,473.24,9.65,3413382.19,8.54
7530,"roc",218,43,11,206,-2.71,-1.55,8.56,0.93,0.97,1,0,0,501.82,4.71,4406385.38,3.39
7531,"roc",279,54,16,262,-3.04,-2.16,7.59,1.45,0.98,1,0,0,703.42,8.75,4195184.86,7.66
7532,"roc",186,41,12,173,-2.57,-1.99,7.34,1.09,0.99,1,0,0,282.7,7.32,2371300.75,5.6
7533,"roc",170,35,13,156,-2.78,-1.76,9.67,1.26,0.97,0.96,0,0.03,664.23,5.81,4411641.94,4.51
7534,"roc",295,62,15,279,-2.48,-1.67,5.51,1.17,0.99,1,0,0,295.48,5.32,1697638.64,4.01
7535,"roc",195,44,13,181,-3,-1.96,7.86,1.56,1,1,0,0,759.68,7.14,6286232.24,6.03
7536,"roc",281,61,5,275,-2.76,-2.4,6.1,1.39,0.99,1,0,0,405.98,11.02,2556301.88,9.25
7537,"roc",167,38,9,157,-3.19,-2.62,8.59,1.28,0.99,1,0,0,577.52,13.66,4939129.1,11.76
7538,"roc",231,44,14,216,-2.26,-1.45,5.14,0.88,0.96,0.96,0,0.04,295.57,4.27,2250654.63,2.75
7539,"roc",295,62,18,276,-2.6,-1.81,7.1,1.36,0.97,0.97,0,0.03,498.71,6.08,3472022.71,5.01
7540,"roc",271,56,12,258,-2.78,-2.17,6.66,1.51,1,1,0,0,615.57,8.76,5076761.63,7.42
7541,"roc",284,57,18,265,-2.58,-1.74,7.76,1.28,0.98,1,0,0,538.05,5.7,3828728.12,4.51
7542,"roc",136,30,11,124,-3.1,-2.13,13.54,1.54,0.98,1,0,0,431.25,8.41,3243442.28,6.91
7543,"roc",203,46,7,195,-2.5,-2.24,4.42,1.54,0.98,0.97,0,0.03,290.33,9.43,2153651.68,7.74
7544,"roc",190,40,14,175,-2.7,-1.84,8.12,1.55,0.99,1,0,0,380.85,6.3,2578978.42,5.18
7545,"roc",212,46,3,208,-3.39,-2.52,7.92,1.87,1,1,0,0,680.74,12.44,4529698.75,11.11
7546,"roc",304,60,8,295,-3.17,-1.7,10.73,1.19,0.98,0.97,0,0.02,1071.42,5.48,7770160.48,4.06
7547,"roc",177,46,9,167,-2.61,-1.29,8.88,1.01,0.95,0.94,0,0.02,950.48,3.64,7951485.71,2.52
7548,"roc",213,47,10,202,-3.12,-2.13,8.48,1.52,0.97,0.97,0,0.03,810.27,8.41,6086351.07,7.24
7549,"roc",222,47,20,201,-2.01,-1.1,7.51,0.86,0.95,1,0.01,0,501.04,3,4074506.34,1.86
7550,"roc",241,49,9,231,-3.06,-2.05,8.33,1.49,0.99,1,0,0,716.42,7.77,5711483.19,6.32
7551,"roc",301,62,23,277,-2.49,-1.85,6.01,1.1,0.96,0.95,0,0.01,361.3,6.33,2022316.18,4.51
7552,"roc",301,59,19,281,-2.54,-1.49,7.4,1.2,0.99,1,0,0,282.93,4.44,1789248.41,3.25
7553,"roc",229,45,18,210,-2.47,-1.93,6.3,1.23,0.97,0.97,0,0.02,340.37,6.89,2305189.06,5.38
7554,"roc",176,39,18,157,-2.32,-1.59,4.94,1.08,0.98,1,0,0,419.96,4.9,2948365.95,3.74
7555,"roc",224,47,14,209,-2.69,-1.85,7.31,1.24,0.98,1,0,0,708.83,6.36,5948493.97,4.94
7556,"roc",271,65,6,264,-2.45,-1.54,7.46,1.27,0.98,0.98,0,0.02,481.7,4.66,3398219.59,3.45
7557,"roc",201,38,12,188,-3.26,-2.32,9.04,1.38,0.94,0.93,0,0.07,843.93,10.23,7205425.3,8.48
7558,"roc",296,64,11,284,-2.7,-1.88,8.06,1.82,0.98,0.98,0,0.02,482.46,6.89,3333072.42,5.89
7559,"roc",252,50,9,242,-2.84,-2.24,7.58,1.27,1,1,0,0,545.16,9.4,4023351.55,7.88
7560,"roc",305,62,20,284,-2.38,-1.82,5.64,1.35,0.98,1,0,0,235.17,6.16,1602013.29,4.85
7561,"roc",121,31,7,113,-3.72,-2.18,13.6,1.51,0.9,0.91,0.01,0.09,1187.7,8.85,8723935.8,7.08
7562,"roc",348,66,15,332,-2.59,-1.96,5.9,1.21,0.88,0.86,0.01,0.05,459.7,7.14,3244968.55,5.89
7563,"roc",133,30,10,122,-2.36,-1.48,6.11,0.84,0.96,1,0,0,771.36,4.42,6077318.87,2.75
7564,"roc",266,59,4,261,-2.67,-1.95,5.99,1.11,0.95,0.94,0,0.04,449.25,7.03,3361503.02,5.77
7565,"roc",176,38,10,165,-2.83,-2.07,7.48,1.16,1,1,0,0,492.85,7.92,3176900.45,5.98
7566,"roc",144,33,11,132,-2.6,-1.5,8.09,0.89,0.95,0.94,0,0.05,650.26,4.48,5654082.87,2.73
7567,"roc",241,50,11,229,-3.37,-2.46,8.67,1.3,0.96,1,0,0,902.89,11.7,7252117.92,9.74
7568,"roc",153,36,9,143,-2.78,-1.64,8.57,0.83,1,1,0,0,641.25,5.22,5261289.29,3.8
7569,"roc",268,61,14,253,-2.48,-1.41,7.47,1.16,0.99,1,0,0,699.83,4.1,5131054.77,3.06
7570,"roc",177,42,8,168,-2.37,-2.13,5.9,1.37,0.98,1,0,0,516.8,8.48,4520068.18,7.28
7571,"roc",152,31,11,140,-2.92,-2,8.67,1.47,0.97,0.96,0,0.03,823.79,7.39,6362539.39,6.14
7572,"roc",222,47,23,198,-3.18,-2.39,8.56,1.24,1,1,0,0,570.42,10.91,3401236.95,9.26
7573,"roc",213,48,8,204,-3.26,-2.34,8.48,1.24,1,1,0,0,843.69,10.38,6283156.17,8.43
7574,"roc",209,46,13,195,-2.39,-1.68,5.67,1.26,0.97,1,0,0,428.79,5.38,2714736.49,4.25
7575,"roc",211,46,18,192,-2.37,-1.72,4.98,1.3,0.97,0.96,0,0.03,323.44,5.6,2227781.11,4.35
7576,"roc",231,54,10,220,-2.22,-1.29,5,1.01,0.97,0.96,0,0.03,230.88,3.64,1819188.66,2.55
7577,"roc",175,37,6,168,-2.77,-1.74,6.11,1.3,0.99,1,0,0,443.98,5.7,2735167.14,4.47
7578,"roc",205,43,14,190,-2.79,-2.2,6.51,1.35,1,1,0,0,300.73,9.03,2287942.47,7.73
7579,"roc",258,56,9,248,-2.72,-1.64,7.62,1.19,1,1,0,0,601.88,5.15,5051605.02,4
7580,"roc",295,63,8,286,-2.19,-1.51,7.93,1.29,0.95,0.97,0,0.03,195.84,4.53,1560685.84,3.49
7581,"roc",236,43,18,217,-3.29,-2.89,7.02,1.66,1,1,0,0,779.14,17.99,5888194.75,16.36
7582,"roc",302,66,12,289,-3.2,-2.37,7.81,1.58,0.99,1,0,0,878.77,10.64,5854782.24,9.24
7583,"roc",290,60,13,276,-2.3,-1.48,6.42,1.26,0.98,1,0,0,227.1,4.4,1646926.93,3.32
7584,"roc",211,45,8,202,-3.43,-2.49,9.36,1.66,0.99,1,0,0,1127.88,12.06,8133961.44,10.51
7585,"roc",292,62,18,273,-2.36,-1.32,8.05,0.84,0.94,0.95,0,0.05,423.96,3.72,3304464.11,2.34
7586,"roc",254,57,8,245,-2.82,-2.27,6.18,1.72,0.97,0.96,0,0.02,470.22,9.68,3413447.65,8.66
7587,"roc",181,41,9,171,-2.82,-2.02,7.74,1.34,0.98,1,0,0,700.43,7.54,5004733.68,5.81
7588,"roc",240,54,15,224,-2.98,-2.48,6.11,1.48,0.95,0.93,0,0.04,442.96,11.88,3534176.43,10.2
7589,"roc",354,73,14,339,-1.91,-1.34,4.19,0.98,0.95,0.97,0,0.03,277.17,3.82,1866803.28,2.71
7590,"roc",175,39,9,165,-3.14,-1.92,8.78,1.41,0.98,0.97,0,0.02,503.29,6.82,2992592.02,5.76
7591,"roc",262,51,16,245,-3.01,-1.91,9.06,1.34,1,1,0,0,493.47,6.75,3780780.92,5.23
7592,"roc",314,50,23,290,-3.48,-2.54,9.74,2.09,0.99,1,0,0,972.17,12.75,5733720.64,11.64
7593,"roc",261,58,18,242,-2.86,-2.18,8.9,1.51,1,1,0,0,928.59,8.91,7850369.86,7.34
7594,"roc",268,63,10,257,-2.56,-1.45,6.46,1.1,0.96,0.97,0,0.03,496.15,4.26,3378495.62,2.98
7595,"roc",324,74,10,313,-2.8,-1.97,5.39,1.58,0.96,0.95,0,0.01,350.34,7.17,1754708.85,6.15
7596,"roc",172,44,5,166,-2.9,-2.13,7.24,1.48,0.98,0.99,0,0.01,694.99,8.44,5138340.51,7.23
7597,"roc",120,29,5,114,-2.82,-1.54,7.07,1.33,0.82,0.76,0.01,0.04,522.07,4.66,3471708.49,3.59
7598,"roc",226,47,13,212,-3.24,-2.5,8.66,1.59,0.98,0.97,0,0.01,808.27,12.18,5423919.63,10.7
7599,"roc",199,46,9,189,-2.57,-1.55,7.19,1.24,0.97,0.97,0,0.02,507.73,4.71,3098836.46,3.54
7600,"roc",287,58,12,274,-2.86,-2.36,6.03,1.46,0.99,1,0,0,459.22,10.54,3414046.58,8.89
7601,"roc",207,46,13,193,-2.22,-1.54,5.53,1.15,0.99,1,0,0,448.96,4.67,3691896.21,3.35
7602,"roc",185,39,15,169,-2.43,-1.4,7.33,1.18,0.97,1,0,0,427.86,4.06,2830423.78,2.9
7603,"roc",223,50,8,214,-3.07,-2.28,7.38,1.43,0.98,0.98,0,0.02,592.41,9.78,4105221.88,8.15
7604,"roc",181,42,4,176,-2.57,-1.69,5.67,1.09,0.86,0.86,0.01,0.09,382.79,5.45,2435250.18,4.19
7605,"roc",300,56,22,277,-2.99,-2.17,7.84,1.65,1,1,0,0,870.45,8.82,6746960.94,7.58
7606,"roc",264,58,10,253,-2.72,-1.69,8.87,1.16,0.99,1,0,0,702.33,5.51,4545785.61,4.36
7607,"roc",303,71,7,295,-2.91,-1.89,9.57,1.4,0.99,1,0,0,861.07,6.62,6275402.09,5.46
7608,"roc",282,55,13,268,-2.33,-1.55,7.65,1.23,0.98,0.98,0,0.02,436.07,4.71,3375730.89,3.43
7609,"roc",171,36,12,158,-2.62,-1.96,6.16,1.28,0.92,0.9,0,0.04,449.76,7.06,3059309.57,5.32
7610,"roc",230,47,12,217,-2.81,-1.94,9.88,1.29,0.96,0.95,0,0.01,737.61,6.96,4966896.21,5.7
7611,"roc",225,48,15,209,-2.98,-2.56,8.17,1.9,0.97,1,0,0,879.77,12.94,7005628.6,11.61
7612,"roc",286,62,8,277,-3.07,-2.72,7.24,1.48,0.99,1,0,0,530.05,15.18,2966658.37,13.55
7613,"roc",311,60,17,293,-2.75,-2.04,8.96,1.5,1,1,0,0,748.13,7.7,5982187.06,6.2
7614,"roc",243,60,7,235,-2.15,-1.37,6.29,0.87,0.98,1,0,0,496.66,3.92,4081322.77,2.56
7615,"roc",277,60,11,265,-2.46,-1.63,6.1,1.07,0.97,0.96,0,0.01,561.73,5.11,4766369.81,3.69
7616,"roc",196,42,10,185,-2.63,-1.76,8.07,1,0.98,1,0,0,538.6,5.81,4174715.26,4.12
7617,"roc",190,41,18,171,-2.45,-1.86,4.93,1.25,0.94,0.95,0,0.05,321.76,6.42,1383712.55,5.14
7618,"roc",265,55,16,248,-2.47,-1.88,5.74,1.16,0.97,0.96,0,0.02,337.63,6.55,2202379.68,5.27
7619,"roc",235,50,8,226,-2.78,-1.67,8.01,1.26,0.93,1,0.01,0,651.55,5.32,5593653.71,4
7620,"roc",264,58,10,253,-2.39,-1.46,7.02,1.15,0.99,1,0,0,389.52,4.28,3310485.25,3.11
7621,"roc",222,45,19,202,-2.89,-1.91,10.3,1.07,0.92,1,0.01,0,912.69,6.75,8058781.7,5.48
7622,"roc",262,58,15,246,-3.28,-2.38,8.03,1.69,0.99,1,0,0,725.52,10.8,3958890.37,9.43
7623,"roc",300,61,18,281,-2.46,-1.7,7.67,1.21,0.9,1,0.01,0,560.69,5.47,4741124.26,4.16
7624,"roc",187,41,9,177,-3.09,-2.4,9.05,1.41,0.99,1,0,0,769.89,11.02,6130683.5,8.79
7625,"roc",171,38,9,161,-2.45,-1.47,7.38,1.31,0.99,1,0,0,567.98,4.35,4950189.52,3.26
7626,"roc",187,37,15,171,-3.5,-2.19,9.76,1.82,1,1,0,0,928.16,8.94,5996463.33,7.87
7627,"roc",287,60,14,272,-2.81,-1.83,6.43,1.33,0.96,0.96,0,0.04,415.14,6.25,2650042.9,5.09
7628,"roc",244,51,24,219,-2,-1.31,3.6,1.1,0.99,1,0,0,217.18,3.71,1915966.75,2.66
7629,"roc",241,52,18,222,-2.48,-1.65,6.79,1.35,0.98,0.97,0,0.02,655.76,5.23,5429426.17,4.17
7630,"roc",202,40,14,187,-2.74,-1.9,5.46,0.98,0.98,1,0,0,543.58,6.74,4716200.68,4.94
7631,"roc",179,35,12,166,-3.23,-2.66,8.63,1.76,1,1,0,0,1016.73,14.3,8011115.82,12.27
7632,"roc",160,38,11,148,-3.03,-2.52,7.56,1.52,0.99,1,0,0,807.88,12.43,6597305.36,10.97
7633,"roc",313,65,17,295,-3.39,-2.05,10.36,1.53,0.99,1,0,0,875.63,7.77,5674930.92,6.55
7634,"roc",199,50,5,193,-2.96,-1.76,7.7,1.44,0.99,1,0,0,780.21,5.82,4854946.34,4.7
7635,"roc",255,56,16,238,-2.56,-1.67,6.36,1.02,0.97,1,0,0,430.13,5.32,3432460.97,3.58
7636,"roc",193,42,10,182,-2.44,-1.85,5.61,1.06,0.96,0.95,0,0.02,311.56,6.33,2345342.71,4.58
7637,"roc",297,70,15,281,-2.68,-2.26,5.25,1.54,1,1,0,0,346.82,9.54,1981005.79,8.5
7638,"roc",333,73,20,312,-2.75,-2.17,6.75,1.38,1,1,0,0,476.91,8.76,3403352.93,7.18
7639,"roc",240,54,13,226,-2.28,-2.13,4.05,1.23,0.93,0.93,0,0.02,227.83,8.46,1821755.12,6.88
7640,"roc",234,48,10,223,-3.15,-2.26,9.31,1.65,0.97,1,0,0,589.5,9.76,4039882.76,8.57
7641,"roc",230,47,10,219,-3.71,-2.75,9.85,1.9,0.99,1,0,0,940.68,15.64,5957542.87,14.02
7642,"roc",250,57,7,242,-3.01,-2.01,9.23,1.1,0.97,0.97,0,0.03,550.97,7.46,3822371.44,5.92
7643,"roc",306,57,13,292,-2.84,-2.19,6.43,1.51,0.98,0.97,0,0.01,308.58,8.94,1754266.38,7.75
7644,"roc",284,54,15,268,-2.71,-2.06,5.44,1.27,0.98,1,0,0,512.34,7.88,3317799.32,6.52
7645,"roc",212,48,9,202,-2.43,-1.59,9.12,0.98,0.96,0.95,0,0.02,274.14,4.9,2111589.64,3.57
7646,"roc",262,56,6,255,-2.67,-1.61,7.98,1.17,0.99,1,0,0,621.99,5.02,4466180.96,3.73
7647,"roc",167,34,5,161,-4.05,-3.36,10.84,1.94,0.98,1,0,0,1116.05,28.96,7904874.48,27.13
7648,"roc",280,62,5,274,-2.73,-1.97,6.22,1.32,0.99,1,0,0,295.98,7.18,1843153.77,5.96
7649,"roc",239,48,10,228,-3.16,-2.91,6.75,1.81,1,1,0,0,543.57,18.42,4000975.21,16.6
7650,"roc",265,53,13,251,-2.51,-2.05,4.75,1.31,0.98,0.98,0,0.02,347.47,7.77,2148879.66,6.1
7651,"roc",161,34,17,143,-2.77,-1.64,10.2,1.21,0.99,1,0,0,643.7,5.18,5515175.09,4.01
7652,"roc",156,35,14,141,-2.35,-1.47,6.41,1.26,0.95,0.94,0,0.06,589.24,4.35,4374993.5,3.33
7653,"roc",173,37,13,159,-2.69,-2.38,8.76,1.63,0.97,0.96,0,0.03,321.49,10.8,2613460.83,9.53
7654,"roc",162,38,6,155,-2.72,-1.71,7.62,1.15,0.97,0.95,0,0.03,659.24,5.52,5148865.85,3.8
7655,"roc",235,48,11,223,-4.01,-2.72,12.83,1.65,0.98,1,0,0,1500.85,15.14,9667168.86,13.62
7656,"roc",202,46,12,189,-2.14,-1.27,4.09,0.68,0.99,1,0,0,282.23,3.58,2178362.85,2
7657,"roc",219,43,9,209,-3.51,-2.65,9.89,1.92,0.87,0.85,0.01,0.04,970.56,14.15,7021682.1,13.14
7658,"roc",270,56,17,252,-2.75,-2.12,9.99,1.24,0.97,0.96,0,0.03,625.41,8.33,5139675.76,6.57
7659,"roc",195,44,20,174,-2.62,-1.4,7.79,1.07,0.98,0.97,0,0.02,653.85,4.04,4588790.69,2.89
7660,"roc",256,52,9,246,-2.82,-2.48,5.14,1.48,0.94,0.93,0,0.04,532.7,12.04,4198166.37,10.02
7661,"roc",244,52,12,231,-3.11,-2.4,9.17,1.84,0.98,0.98,0,0.02,551.44,11.02,4040370.97,10
7662,"roc",178,36,15,162,-3.07,-2.38,9.79,1.36,0.99,1,0,0,813.75,10.82,6384593.51,9.39
7663,"roc",349,68,18,330,-2.35,-1.48,7.14,0.98,0.98,1,0,0,492.24,4.4,4201491.9,3.02
7664,"roc",174,39,8,165,-2.87,-2.18,6.32,1.39,0.95,1,0,0,589.82,8.85,4395667.24,7.28
7665,"roc",295,62,12,282,-3.03,-2.08,8.91,1.46,0.98,1,0,0,646.59,8.01,4460176.07,6.69
7666,"roc",300,64,12,287,-2.32,-1.69,5.45,1.11,0.99,1,0,0,339.06,5.42,2237711.43,4.32
7667,"roc",274,58,18,255,-2.74,-1.82,8.37,1.54,0.99,1,0,0,609.17,6.22,4001444.75,5.16
7668,"roc",243,52,6,236,-2.23,-1.79,4.96,1.35,0.97,1,0,0,356.95,6.02,2495285.88,4.64
7669,"roc",204,38,14,189,-2.36,-1.4,8.66,1.08,0.97,1,0,0,316.51,4.11,2557832.35,3.06
7670,"roc",259,54,10,248,-2.5,-1.61,6.4,1.11,0.87,0.82,0.01,0.06,444.26,5,3540922.03,3.69
7671,"roc",295,60,16,278,-2.88,-2.13,7.45,1.5,0.98,0.98,0,0.02,508.11,8.43,3853762.31,6.89
7672,"roc",286,67,17,268,-2.67,-1.7,5.34,1.36,0.97,0.97,0,0.03,278.43,5.47,1576582.37,4.15
7673,"roc",298,65,10,287,-2.26,-1.6,5.34,0.99,0.97,0.97,0,0.02,321.4,4.95,2080433.62,3.4
7674,"roc",276,57,6,269,-2.63,-1.86,6.9,0.99,0.98,0.98,0,0.02,594.89,6.42,4341796.49,4.39
7675,"roc",264,57,12,251,-3.06,-1.97,8.12,1.41,0.99,1,0,0,679.49,7.17,4142504.83,5.74
7676,"roc",200,45,12,187,-2.69,-1.93,6.7,1.49,0.98,1,0,0,576.07,6.89,4514122.07,5.83
7677,"roc",210,47,4,205,-2.81,-2.11,7.41,1.44,0.99,1,0,0,636.71,8.25,4250861.41,6.99
7678,"roc",296,74,12,283,-2.13,-1.27,5.55,1.04,0.99,1,0,0,362.59,3.58,2035310.58,2.48
7679,"roc",180,41,10,169,-2.7,-1.83,6.96,1.32,0.98,1,0,0,578.26,6.23,4641474.47,4.88
7680,"roc",161,38,6,154,-2.68,-2.15,7.75,1.55,0.94,0.94,0,0.06,698.1,8.63,5332549.63,7.43
7681,"roc",239,53,19,219,-2.06,-1.22,6.51,0.79,0.94,0.97,0,0.03,478.07,3.39,3907477.47,1.9
7682,"roc",268,53,11,256,-2.64,-1.69,7,1.19,0.99,1,0,0,635.17,5.42,5037861.01,4.03
7683,"roc",338,64,18,319,-2.98,-2.12,8.1,1.76,0.98,0.99,0,0.01,680.74,8.45,4568553.57,7.42
7684,"roc",242,52,11,230,-2.59,-1.65,7.42,1.23,0.99,1,0,0,434.69,5.22,3257217.62,4.12
7685,"roc",203,37,14,188,-2.78,-1.83,9.3,1.19,0.95,0.95,0,0.05,588.37,6.23,4042437.57,5
7686,"roc",251,58,6,244,-3.25,-2.5,8,1.57,0.99,1,0,0,626.71,12.2,3595025.84,10.61
7687,"roc",235,50,12,222,-2.98,-2.08,6.76,1.76,1,1,0,0,525.01,8.01,2735539.21,6.82
7688,"roc",203,44,3,199,-3.36,-2.29,9.67,1.29,0.97,1,0,0,882.36,9.89,6518190.18,8.11
7689,"roc",248,52,16,231,-2.67,-1.88,6.22,1.33,1,1,0,0,454.36,6.52,2761558.19,5.03
7690,"roc",178,38,9,168,-3.42,-2.72,9.18,2.07,1,1,0,0,1007.23,15.26,6615999.2,14.24
7691,"roc",193,46,5,187,-3.43,-2.53,8.54,2.02,0.98,0.98,0,0.03,979,12.78,6703963.55,11.7
7692,"roc",289,55,19,269,-2.61,-1.64,7.41,1.3,0.99,1,0,0,525.19,5.16,3932627.24,4.12
7693,"roc",291,62,16,274,-3.03,-1.64,10.66,1.5,0.98,1,0,0,1065.38,5.16,7603844.49,4.13
7694,"roc",249,51,7,241,-2.33,-1.61,6.36,0.92,0.96,1,0,0,558.32,5,4609370.29,3.25
7695,"roc",225,45,25,199,-2.3,-1.7,6.56,1.05,0.97,1,0,0,322.71,5.47,2261555.2,3.82
7696,"roc",216,49,5,210,-2.87,-1.74,8.68,1.22,1,1,0,0,928.19,5.7,7141840.67,4.45
7697,"roc",329,71,15,313,-2.96,-2.15,9.68,1.37,1,1,0,0,823.71,8.58,6409277.26,7.09
7698,"roc",206,47,5,200,-3.13,-1.87,9.38,1.29,0.99,1,0,0,808.98,6.49,4144016.41,4.76
7699,"roc",242,49,10,231,-2.73,-1.81,8.12,1.52,0.99,1,0,0,356.8,6.11,2158755.37,5.04
7700,"roc",277,63,4,272,-2.39,-1.28,8.13,0.98,0.98,1,0,0,624.98,3.6,4865132.21,2.33
7701,"roc",283,53,25,257,-3.32,-2.61,8.51,1.76,0.97,0.96,0,0.02,769.13,13.6,5406465.44,11.63
7702,"roc",138,30,12,125,-2.71,-1.55,11.52,1.4,0.92,0.93,0.01,0.07,720.87,4.71,6172887.94,3.65
7703,"roc",281,53,21,259,-2.87,-2.32,7.51,1.31,0.98,1,0,0,596.12,10.18,4378847.88,8.88
7704,"roc",292,59,17,274,-2.38,-1.72,6.7,1.08,0.93,1,0.01,0,530.12,5.58,4055617.86,4.35
7705,"roc",154,33,14,139,-2.4,-1.47,5.41,0.87,0.99,1,0,0,351.03,4.35,2918485.02,2.9
7706,"roc",170,38,17,152,-2.77,-2.04,12.34,1.38,0.92,0.92,0.01,0.08,566.35,7.69,4955330.83,6.44
7707,"roc",153,39,5,147,-2.63,-1.92,6.23,1.53,0.83,0.94,0.03,0.06,323.55,6.82,2484077.26,5.69
7708,"roc",300,65,16,283,-2.34,-1.63,5.27,1.07,0.99,1,0,0,385.92,5.1,3019326.47,3.93
7709,"roc",282,60,13,268,-2.87,-1.98,9.21,1.71,0.97,0.96,0,0.02,768.98,7.28,6232528.79,6.21
7710,"roc",244,52,9,234,-2.65,-2.32,5.26,1.61,0.98,0.98,0,0.02,296.26,10.12,1920044.39,8.81
7711,"roc",283,54,8,274,-2.76,-1.3,9.24,0.96,0.94,1,0.01,0,604.42,3.65,3927986.72,2.33
7712,"roc",256,57,6,249,-2.44,-1.71,6.52,1.34,0.91,0.88,0,0.03,488.25,5.53,4000772.67,4.37
7713,"roc",189,41,9,179,-2.98,-2.19,7.69,1.28,0.96,0.94,0,0.04,735.37,8.94,6151506.56,7.31
7714,"roc",197,43,15,181,-2.55,-1.39,8.96,1.02,0.89,0.9,0.01,0.1,400.02,4.01,2487833.14,2.69
7715,"roc",149,33,4,144,-3.23,-2.56,8.06,1.07,0.93,0.9,0,0.02,740.46,12.94,5733478.96,9.91
7716,"roc",246,48,21,224,-2.56,-1.82,6.77,1.45,1,1,0,0,482.3,6.18,3982549.89,5.15
7717,"roc",282,61,7,274,-2.17,-1.41,4.69,1.12,0.95,0.93,0,0.03,255.38,4.1,1727254,2.91
7718,"roc",250,57,6,243,-2.17,-1.29,6.74,1.07,1,1,0,0,386.01,3.63,3374810.85,2.48
7719,"roc",262,60,7,254,-2.8,-1.74,6.65,0.98,0.98,0.98,0,0.02,428.11,5.79,2292491.51,4.45
7720,"roc",178,40,9,168,-3.52,-3,13.79,1.96,0.95,0.93,0,0.03,833.56,19.99,5596781.21,18.89
7721,"roc",236,46,21,214,-2.98,-2.05,6.54,1.7,0.95,1,0,0,334.38,7.8,2169138.06,6.79
7722,"roc",236,50,18,217,-2.2,-1.29,6.44,0.98,0.93,0.93,0,0.05,358.46,3.64,2526689.39,2.3
7723,"roc",166,39,5,160,-3.32,-2.69,6.86,1.55,1,1,0,0,840.26,14.73,6707685.63,12.74
7724,"roc",251,49,13,237,-2.96,-2.03,8.51,1.63,0.99,1,0,0,476.21,7.61,3886312.12,6.42
7725,"roc",260,57,8,251,-2.87,-2.15,9.79,1.74,0.99,1,0,0,709.11,8.58,5205862.37,7.38
7726,"roc",254,50,18,235,-3.28,-2.32,8.35,1.59,0.99,1,0,0,814.64,10.2,5683145.76,9.11
7727,"roc",291,67,6,284,-2.51,-1.98,4.88,1.41,0.98,1,0,0,297.69,7.24,1783541.04,5.81
7728,"roc",260,50,24,235,-2.36,-1.56,5.06,1.17,0.98,1,0,0,293.48,4.8,2026057,3.74
7729,"roc",226,46,5,220,-3.16,-2.68,8.53,1.44,1,1,0,0,670.32,14.66,4664337.38,12.97
7730,"roc",158,37,11,146,-2.26,-1.34,4.56,0.81,0.96,0.95,0,0.04,419.06,3.82,3180989.68,2.39
7731,"roc",226,45,15,210,-2.87,-2,10.93,1.42,0.98,1,0,0,322.37,7.39,2185438.39,6.13
7732,"roc",239,54,11,227,-2.38,-1.7,5.83,1.29,0.97,0.96,0,0.02,340.68,5.48,2245167,4.26
7733,"roc",297,65,5,291,-2.7,-2.01,8.24,1.26,0.98,0.98,0,0.02,803.32,7.46,6386589.05,6.3
7734,"roc",282,58,14,267,-2.55,-1.84,9.46,1.2,0.96,0.95,0,0.01,398.25,6.31,3318076.46,4.9
7735,"roc",218,43,11,206,-2.27,-1.63,7.43,1.13,0.91,0.89,0.01,0.05,366.79,5.1,2777066.49,3.66
7736,"roc",248,55,7,240,-3.34,-2.74,9.31,1.82,0.97,0.96,0,0.03,758.99,15.49,5240516.86,14.3
7737,"roc",176,36,6,169,-3.06,-1.45,12.16,1.17,0.93,0.93,0,0.07,1045.74,4.27,8333518.75,3.07
7738,"roc",198,37,18,179,-3.61,-2.33,10.97,1.38,1,1,0,0,1084.15,10.28,7848080.83,8.82
7739,"roc",175,37,6,168,-2.82,-1.76,10.58,1.34,0.98,1,0,0,614.48,5.81,3886555.13,4.33
7740,"roc",258,53,13,244,-2.93,-2.34,8.1,1.78,0.98,0.97,0,0.02,458.04,10.38,2783345.29,9.07
7741,"roc",196,47,5,190,-2.59,-1.64,6.32,1.22,0.99,1,0,0,506.06,5.16,3139570.91,4.14
7742,"roc",294,57,16,277,-2.69,-1.67,7.68,1.19,1,1,0,0,430.59,5.31,3389937.33,4.08
7743,"roc",199,44,15,183,-2.87,-1.92,9.64,1.02,0.98,1,0,0,792.69,7.12,6476103.99,5.02
7744,"roc",164,37,15,148,-2.97,-2.83,5.52,1.26,0.91,0.88,0.01,0.05,448.52,16.95,3089772.31,13.32
7745,"roc",272,63,6,265,-2.98,-2.47,7.52,1.77,0.99,1,0,0,678.36,11.82,4433194.46,10.44
7746,"roc",211,43,14,196,-2.7,-2.09,5.52,1.38,0.96,0.95,0,0.03,346.26,8.08,2347799.44,6.29
7747,"roc",239,53,6,232,-3.02,-2.14,6.85,1.48,0.99,1,0,0,622.74,8.5,3984798.66,6.99
7748,"roc",148,31,16,131,-3.6,-3.44,8.3,1.77,0.99,1,0,0,603.5,31.19,3927438.38,28.58
7749,"roc",212,51,7,204,-2.53,-1.51,6.31,1.01,0.97,0.97,0,0.03,282.45,4.53,1940748.63,3.39
7750,"roc",203,42,17,185,-2.82,-1.83,8.58,1.14,1,1,0,0,991.63,6.2,8564618.07,4.96
7751,"roc",201,39,11,189,-3.12,-2.31,7.55,1.54,0.97,0.97,0,0.02,451.73,10.07,2793652.43,9.01
7752,"roc",246,53,9,236,-3.11,-1.93,10.38,1.19,0.97,0.96,0,0.03,860.02,6.89,6601979.17,5.47
7753,"roc",293,62,9,283,-3,-1.98,7.51,1.62,0.99,1,0,0,589.24,7.22,2880710.83,6.15
7754,"roc",251,56,13,237,-2.69,-2.15,5.03,1.49,0.97,0.97,0,0.03,343.13,8.59,2092259.9,7.49
7755,"roc",212,44,17,194,-2.53,-1.52,7.59,1.06,0.96,1,0,0,300.27,4.6,2233653.28,3.55
7756,"roc",258,53,10,247,-2.36,-1.42,8.08,0.95,0.98,1,0,0,360.9,4.14,2303809.76,2.65
7757,"roc",281,68,5,275,-2.99,-2.17,6.41,1.72,0.95,0.94,0,0.04,398.54,8.76,1947264.07,7.51
7758,"roc",245,52,24,220,-2.38,-1.58,5.72,1.21,0.96,1,0,0,511.61,4.88,3916743.78,3.77
7759,"roc",203,44,8,194,-2.99,-2.25,6.9,1.62,0.96,0.95,0,0.03,570.87,9.5,4383827.68,8.38
7760,"roc",261,55,19,241,-2.56,-2.08,8.71,1.54,0.97,0.97,0,0.03,663.36,8,5468941.81,6.95
7761,"roc",288,53,25,262,-2.54,-2.06,7.42,1.39,0.9,0.88,0,0.02,441.96,7.85,3619625.34,6.3
7762,"writingprompts",3315,666,190,3124,-3.22,-2.49,7.84,1.78,0.93,0.92,0,0.02,732.74,12.06,5040130.13,10.71
7763,"writingprompts",2598,576,43,2554,-2.85,-2.12,7.14,1.55,0.91,0.9,0,0.02,560.02,8.29,3784194.41,7.12
7764,"writingprompts",2239,504,164,2074,-2.88,-1.97,7.45,1.47,0.86,0.83,0.01,0.03,578.05,7.18,3861706.77,6.02
7765,"writingprompts",3642,787,109,3532,-2.81,-2.05,6.92,1.54,0.89,0.89,0,0.03,551.89,7.77,3750080.4,6.65
7766,"writingprompts",5080,1182,171,4908,-2.63,-1.93,6.24,1.38,0.81,0.78,0.01,0.03,415.43,6.89,2715009.71,5.63
7767,"writingprompts",2042,499,23,2018,-2.45,-1.57,6.54,1.31,0.86,0.85,0,0.04,466.72,4.81,3090532.03,3.72
7768,"writingprompts",3521,810,64,3456,-2.8,-1.9,7.62,1.55,0.84,0.83,0.01,0.12,637.56,6.66,4247151.48,5.58
7769,"writingprompts",2555,555,20,2534,-2.96,-2.31,7.14,1.66,0.88,0.89,0,0.04,551.95,10.07,3717056.91,8.85
7770,"writingprompts",1649,348,45,1603,-3.08,-2.36,7.88,1.69,0.86,0.84,0,0.01,664.5,10.6,4662910.63,9.28
7771,"writingprompts",754,138,97,656,-3.34,-2.4,9.15,1.97,0.89,0.87,0.01,0.07,939.86,11.04,6229239.12,9.86
7772,"writingprompts",1740,434,96,1643,-2.51,-1.54,6.6,1.29,0.89,0.85,0,0.03,483.48,4.69,3172051.82,3.67
7773,"writingprompts",1572,340,127,1444,-3.27,-2.51,7.94,1.66,0.93,0.94,0,0.01,741.01,12.3,4760446.55,10.86
7774,"writingprompts",9314,2030,199,9114,-2.95,-2.15,7.49,1.57,0.88,0.87,0,0.06,644.34,8.58,4399378.53,7.42
7775,"writingprompts",2413,512,127,2285,-3.1,-2.38,7.65,1.76,0.91,0.9,0,0.04,684.75,10.8,4621680.07,9.59
7776,"writingprompts",1733,365,195,1537,-1.75,-0.33,6.76,0.33,0.33,0.13,0.13,0.07,395.75,1.39,2501167.44,0.39
7777,"writingprompts",773,169,67,705,-3.5,-3.1,7.9,2.05,0.96,0.94,0,0.01,721.66,22.2,4413122.37,20.55
7778,"writingprompts",3077,720,160,2916,-2.74,-1.92,6.89,1.42,0.91,0.92,0,0.06,532.77,6.82,3717689.54,5.67
7779,"writingprompts",4710,1066,73,4636,-2.68,-1.94,6.75,1.45,0.85,0.83,0,0.03,538.6,7,3665027.29,5.83
7780,"writingprompts",4107,876,79,4027,-2.9,-2.06,7.83,1.66,0.89,0.9,0,0.03,657.62,7.85,4518982.51,6.74
7781,"writingprompts",2868,612,100,2767,-3.28,-2.49,8.77,1.86,0.89,0.9,0.01,0.06,808.31,12,5398616.05,10.88
7782,"writingprompts",1122,225,116,1005,-1.87,-0.68,5.67,0.67,0.76,0.92,0.08,0.08,286.86,1.97,1976852.84,0.97
7783,"writingprompts",1975,493,247,1727,-2.16,-1.46,5.83,1.17,0.87,0.86,0.01,0.09,368.46,4.31,2743258.26,3.29
7784,"writingprompts",2388,500,125,2262,-2.61,-1.82,6.23,1.39,0.9,0.86,0,0.04,411.59,6.14,2740683.59,4.99
7785,"writingprompts",3841,798,297,3543,-3.12,-2.42,7.92,1.72,0.91,0.92,0,0.04,747.07,11.3,4943048.21,9.97
7786,"writingprompts",2016,416,227,1788,-3.08,-2.14,8.12,1.62,0.85,0.84,0.01,0.05,747.4,8.54,5186628.56,7.38
7787,"writingprompts",3879,864,50,3828,-2.55,-1.9,5.89,1.54,0.94,0.95,0,0.03,432.95,6.66,3088641.13,5.58
7788,"writingprompts",2589,518,302,2286,-2.43,-1.6,5.52,1.18,0.91,0.9,0,0.03,374.6,4.97,2423364.57,3.79
7789,"writingprompts",1367,265,166,1200,-3.39,-2.73,7.29,1.72,0.98,0.99,0,0.01,681.38,15.33,4349397.42,13.75
7790,"writingprompts",1409,299,169,1239,-2.56,-1.88,5.69,1.32,0.88,0.87,0,0.02,363.71,6.55,2390982.52,5.25
7791,"writingprompts",3841,755,137,3703,-3.43,-2.65,9.19,1.96,0.95,0.95,0,0.02,990.9,14.15,6626019.86,12.93
7792,"writingprompts",2772,654,19,2752,-3.29,-2.55,8.78,2.06,0.75,0.78,0.01,0.03,875.76,12.88,5733273.03,11.71
7793,"writingprompts",2308,550,41,2266,-3.76,-3.04,10.54,2.28,0.93,0.92,0,0.04,1213.03,21.02,8170417.73,19.98
7794,"writingprompts",2808,541,105,2702,-3.8,-2.76,11.37,2.16,0.96,0.95,0,0.01,1307.09,15.8,8871251.71,14.6
7795,"writingprompts",713,137,50,662,-3.29,-2.12,9.95,1.85,0.98,0.98,0,0.02,899.82,8.33,5318124.61,7.3
7796,"writingprompts",4031,865,80,3950,-3.41,-2.76,7.98,1.83,0.94,0.93,0,0.03,781.91,15.8,5208204.66,14.47
7797,"writingprompts",2411,530,126,2284,-3.15,-2.26,8.12,1.58,0.92,0.92,0,0.04,685.33,9.58,4575049.12,8.3
7798,"writingprompts",9220,2107,39,9180,-2.62,-1.91,5.74,1.35,0.75,0.73,0.01,0.06,401.43,6.75,2616229.06,5.58
7799,"writingprompts",5379,1162,212,5166,-2.93,-2.12,7.68,1.64,0.87,0.86,0,0.04,657.77,8.38,4584484.58,7.24
7800,"writingprompts",5144,1176,168,4975,-2.66,-1.9,6.19,1.42,0.82,0.79,0,0.04,467.96,6.72,3079284.02,5.59
7801,"writingprompts",2565,613,138,2426,-2.87,-2.18,7.6,1.71,0.83,0.8,0.01,0.09,587.27,8.85,4274396.99,7.74
7802,"writingprompts",2215,483,35,2179,-3.38,-2.58,8.33,1.92,0.94,0.93,0,0.01,849.14,13.2,5966253.31,12.04
7803,"writingprompts",3334,764,220,3113,-2.97,-2.09,8.26,1.69,0.9,0.87,0,0.05,720,8.09,5034126.28,7.02
7804,"writingprompts",4736,1104,143,4592,-3,-2.26,8.11,1.67,0.91,0.91,0,0.03,704.14,9.54,5041270.88,8.38
7805,"writingprompts",1443,350,39,1403,-2.43,-1.68,5.96,1.4,0.82,0.84,0.01,0.1,340.08,5.37,2083451.22,4.25
7806,"writingprompts",9955,2375,159,9795,-2.93,-2.1,6.98,1.55,0.81,0.82,0.01,0.05,567.35,8.17,3756953.08,6.96
7807,"writingprompts",5264,1135,198,5065,-2.55,-1.69,7.64,1.62,0.58,0.43,0.07,0.1,574.8,5.42,4017615.78,4.42
7808,"writingprompts",5581,1187,121,5459,-2.91,-2.08,7.69,1.63,0.83,0.81,0,0.02,685.54,8,4832999.92,6.88
7809,"writingprompts",4665,1027,230,4434,-2.29,-1.53,5.54,1.22,0.84,0.82,0.01,0.05,316.94,4.62,1968531.51,3.5
7810,"writingprompts",1996,412,160,1835,-3.27,-2.42,8.2,1.74,0.95,0.94,0,0.01,745.05,11.3,5013240.19,9.95
7811,"writingprompts",4060,862,102,3957,-2.81,-2.11,6.5,1.49,0.87,0.88,0,0.06,464.51,8.25,3017210.75,6.98
7812,"writingprompts",3252,723,117,3134,-2.99,-2.18,8.11,1.66,0.87,0.85,0,0.03,703.11,8.85,4905673.72,7.64
7813,"writingprompts",2946,674,196,2749,-2.28,-1.51,5.73,1.29,0.84,0.82,0,0.02,341.48,4.53,2165327.16,3.49
7814,"writingprompts",1147,241,149,997,-3.41,-2.48,10.64,2.16,0.98,0.98,0,0.01,1074.01,11.94,7288422.54,10.87
7815,"writingprompts",2154,407,84,2069,-3.34,-2.43,10.38,2.07,0.95,0.95,0,0.03,1032.11,11.36,7476767.83,10.3
7816,"writingprompts",6014,1294,184,5829,-2.81,-2.17,6.75,1.59,0.91,0.9,0,0.04,498.37,8.76,3325128.83,7.59
7817,"writingprompts",1399,284,279,1119,-2.58,-2.06,6.82,1.56,0.74,0.68,0.03,0.11,506.38,7.85,3461840.89,6.71
7818,"writingprompts",1135,248,103,1031,-2.96,-2.12,7.86,1.63,0.94,0.92,0,0.01,604.6,8.33,4393801.44,7.18
7819,"writingprompts",5413,1245,107,5305,-2.77,-1.9,8.21,1.65,0.69,0.64,0.02,0.03,674.64,6.69,4728345.06,5.65
7820,"writingprompts",2232,474,203,2028,-2.87,-1.93,8.1,1.64,0.95,0.94,0,0.03,680.46,6.89,4779456.63,5.78
7821,"writingprompts",10746,2961,112,10633,-2.45,-1.49,7.44,1.35,0.69,0.64,0.02,0.07,531.54,4.44,3857864.1,3.42
7822,"writingprompts",10612,2445,79,10532,-2.58,-1.88,6.07,1.41,0.8,0.77,0.01,0.06,400.87,6.55,2559915.65,5.41
7823,"writingprompts",2757,653,18,2738,-2.73,-1.9,8.06,1.59,0.72,0.71,0,0.03,632.58,6.69,4476078.84,5.63
7824,"writingprompts",1136,257,61,1074,-2.97,-2.25,7.74,1.83,0.96,0.96,0,0.01,663.59,9.49,4613075.61,8.41
7825,"writingprompts",5051,1341,98,4952,-2.21,-1.33,6.15,1.26,0.73,0.68,0.02,0.06,390.5,3.78,2677206.3,2.77
7826,"writingprompts",3180,0,158,3021,NA,NA,NA,NA,NA,NA,NA,NA,NA,NA,NA,NA
7827,"writingprompts",5507,0,55,5451,NA,NA,NA,NA,NA,NA,NA,NA,NA,NA,NA,NA
7828,"writingprompts",1992,0,100,1891,NA,NA,NA,NA,NA,NA,NA,NA,NA,NA,NA,NA
7829,"writingprompts",849,0,237,611,NA,NA,NA,NA,NA,NA,NA,NA,NA,NA,NA,NA
7830,"writingprompts",7456,0,212,7243,NA,NA,NA,NA,NA,NA,NA,NA,NA,NA,NA,NA
7831,"writingprompts",6555,0,130,6424,NA,NA,NA,NA,NA,NA,NA,NA,NA,NA,NA,NA
7832,"writingprompts",4409,0,196,4212,NA,NA,NA,NA,NA,NA,NA,NA,NA,NA,NA,NA
7833,"writingprompts",3282,0,267,3014,NA,NA,NA,NA,NA,NA,NA,NA,NA,NA,NA,NA
7834,"writingprompts",832,0,48,783,NA,NA,NA,NA,NA,NA,NA,NA,NA,NA,NA,NA
7835,"writingprompts",3419,0,244,3174,NA,NA,NA,NA,NA,NA,NA,NA,NA,NA,NA,NA
7836,"writingprompts",8051,0,259,7791,NA,NA,NA,NA,NA,NA,NA,NA,NA,NA,NA,NA
7837,"writingprompts",2955,0,16,2938,NA,NA,NA,NA,NA,NA,NA,NA,NA,NA,NA,NA
7838,"writingprompts",798,0,33,764,NA,NA,NA,NA,NA,NA,NA,NA,NA,NA,NA,NA
7839,"writingprompts",2475,0,167,2307,NA,NA,NA,NA,NA,NA,NA,NA,NA,NA,NA,NA
7840,"writingprompts",1734,0,137,1596,NA,NA,NA,NA,NA,NA,NA,NA,NA,NA,NA,NA
7841,"writingprompts",2137,0,158,1978,NA,NA,NA,NA,NA,NA,NA,NA,NA,NA,NA,NA
7842,"writingprompts",3723,0,163,3559,NA,NA,NA,NA,NA,NA,NA,NA,NA,NA,NA,NA
7843,"writingprompts",9178,0,273,8904,NA,NA,NA,NA,NA,NA,NA,NA,NA,NA,NA,NA
7844,"writingprompts",2815,0,242,2572,NA,NA,NA,NA,NA,NA,NA,NA,NA,NA,NA,NA
7845,"writingprompts",885,0,73,811,NA,NA,NA,NA,NA,NA,NA,NA,NA,NA,NA,NA
7846,"writingprompts",1188,0,72,1115,NA,NA,NA,NA,NA,NA,NA,NA,NA,NA,NA,NA
7847,"writingprompts",6675,0,108,6566,NA,NA,NA,NA,NA,NA,NA,NA,NA,NA,NA,NA
7848,"writingprompts",2880,0,131,2748,NA,NA,NA,NA,NA,NA,NA,NA,NA,NA,NA,NA
7849,"writingprompts",1706,0,105,1600,NA,NA,NA,NA,NA,NA,NA,NA,NA,NA,NA,NA
7850,"writingprompts",2210,0,104,2105,NA,NA,NA,NA,NA,NA,NA,NA,NA,NA,NA,NA
7851,"writingprompts",3599,0,104,3494,NA,NA,NA,NA,NA,NA,NA,NA,NA,NA,NA,NA
7852,"writingprompts",4121,0,49,4071,NA,NA,NA,NA,NA,NA,NA,NA,NA,NA,NA,NA
7853,"writingprompts",3564,0,119,3444,NA,NA,NA,NA,NA,NA,NA,NA,NA,NA,NA,NA
7854,"writingprompts",2854,0,89,2764,NA,NA,NA,NA,NA,NA,NA,NA,NA,NA,NA,NA
7855,"writingprompts",1134,0,91,1042,NA,NA,NA,NA,NA,NA,NA,NA,NA,NA,NA,NA
7856,"writingprompts",1525,0,133,1391,NA,NA,NA,NA,NA,NA,NA,NA,NA,NA,NA,NA
7857,"writingprompts",3210,0,66,3143,NA,NA,NA,NA,NA,NA,NA,NA,NA,NA,NA,NA
7858,"writingprompts",2785,0,216,2568,NA,NA,NA,NA,NA,NA,NA,NA,NA,NA,NA,NA
7859,"writingprompts",6136,0,112,6023,NA,NA,NA,NA,NA,NA,NA,NA,NA,NA,NA,NA
7860,"writingprompts",1451,0,160,1290,NA,NA,NA,NA,NA,NA,NA,NA,NA,NA,NA,NA
7861,"writingprompts",1611,0,110,1500,NA,NA,NA,NA,NA,NA,NA,NA,NA,NA,NA,NA
7862,"writingprompts",3802,0,5,3796,NA,NA,NA,NA,NA,NA,NA,NA,NA,NA,NA,NA
7863,"writingprompts",1353,0,109,1243,NA,NA,NA,NA,NA,NA,NA,NA,NA,NA,NA,NA
7864,"writingprompts",1459,0,239,1219,NA,NA,NA,NA,NA,NA,NA,NA,NA,NA,NA,NA
7865,"writingprompts",2367,0,69,2297,NA,NA,NA,NA,NA,NA,NA,NA,NA,NA,NA,NA
7866,"writingprompts",3351,0,205,3145,NA,NA,NA,NA,NA,NA,NA,NA,NA,NA,NA,NA
7867,"writingprompts",1165,0,29,1135,NA,NA,NA,NA,NA,NA,NA,NA,NA,NA,NA,NA
7868,"writingprompts",2452,0,26,2425,NA,NA,NA,NA,NA,NA,NA,NA,NA,NA,NA,NA
7869,"writingprompts",2633,0,58,2574,NA,NA,NA,NA,NA,NA,NA,NA,NA,NA,NA,NA
7870,"writingprompts",2931,0,199,2731,NA,NA,NA,NA,NA,NA,NA,NA,NA,NA,NA,NA
7871,"writingprompts",10527,0,135,10391,NA,NA,NA,NA,NA,NA,NA,NA,NA,NA,NA,NA
7872,"writingprompts",1226,0,80,1145,NA,NA,NA,NA,NA,NA,NA,NA,NA,NA,NA,NA
7873,"writingprompts",1569,0,18,1550,NA,NA,NA,NA,NA,NA,NA,NA,NA,NA,NA,NA
7874,"writingprompts",3382,0,132,3249,NA,NA,NA,NA,NA,NA,NA,NA,NA,NA,NA,NA
7875,"writingprompts",4513,0,152,4360,NA,NA,NA,NA,NA,NA,NA,NA,NA,NA,NA,NA
7876,"writingprompts",1495,0,128,1366,NA,NA,NA,NA,NA,NA,NA,NA,NA,NA,NA,NA
7877,"writingprompts",2890,0,37,2852,NA,NA,NA,NA,NA,NA,NA,NA,NA,NA,NA,NA
7878,"writingprompts",2619,0,36,2582,NA,NA,NA,NA,NA,NA,NA,NA,NA,NA,NA,NA
7879,"writingprompts",1599,0,163,1435,NA,NA,NA,NA,NA,NA,NA,NA,NA,NA,NA,NA
7880,"writingprompts",1855,0,283,1571,NA,NA,NA,NA,NA,NA,NA,NA,NA,NA,NA,NA
7881,"writingprompts",6931,0,91,6839,NA,NA,NA,NA,NA,NA,NA,NA,NA,NA,NA,NA
7882,"writingprompts",4754,0,46,4707,NA,NA,NA,NA,NA,NA,NA,NA,NA,NA,NA,NA
7883,"writingprompts",1006,0,63,942,NA,NA,NA,NA,NA,NA,NA,NA,NA,NA,NA,NA
7884,"writingprompts",1521,0,159,1361,NA,NA,NA,NA,NA,NA,NA,NA,NA,NA,NA,NA
7885,"writingprompts",5503,0,209,5293,NA,NA,NA,NA,NA,NA,NA,NA,NA,NA,NA,NA
7886,"writingprompts",4241,0,49,4191,NA,NA,NA,NA,NA,NA,NA,NA,NA,NA,NA,NA
7887,"writingprompts",4252,0,183,4068,NA,NA,NA,NA,NA,NA,NA,NA,NA,NA,NA,NA
7888,"writingprompts",3947,0,161,3785,NA,NA,NA,NA,NA,NA,NA,NA,NA,NA,NA,NA
7889,"writingprompts",7733,0,163,7569,NA,NA,NA,NA,NA,NA,NA,NA,NA,NA,NA,NA
7890,"writingprompts",3121,0,51,3069,NA,NA,NA,NA,NA,NA,NA,NA,NA,NA,NA,NA
7891,"writingprompts",2036,0,88,1947,NA,NA,NA,NA,NA,NA,NA,NA,NA,NA,NA,NA
7892,"writingprompts",3895,0,89,3805,NA,NA,NA,NA,NA,NA,NA,NA,NA,NA,NA,NA
7893,"writingprompts",3022,0,88,2933,NA,NA,NA,NA,NA,NA,NA,NA,NA,NA,NA,NA
7894,"writingprompts",1264,0,285,978,NA,NA,NA,NA,NA,NA,NA,NA,NA,NA,NA,NA
7895,"writingprompts",2855,0,49,2805,NA,NA,NA,NA,NA,NA,NA,NA,NA,NA,NA,NA
7896,"writingprompts",991,0,272,718,NA,NA,NA,NA,NA,NA,NA,NA,NA,NA,NA,NA
7897,"writingprompts",3177,0,76,3100,NA,NA,NA,NA,NA,NA,NA,NA,NA,NA,NA,NA
7898,"writingprompts",3949,0,298,3650,NA,NA,NA,NA,NA,NA,NA,NA,NA,NA,NA,NA
7899,"writingprompts",578,0,56,521,NA,NA,NA,NA,NA,NA,NA,NA,NA,NA,NA,NA
7900,"writingprompts",5842,0,86,5755,NA,NA,NA,NA,NA,NA,NA,NA,NA,NA,NA,NA
7901,"writingprompts",6611,1486,100,6510,-2.46,-1.67,5.83,1.29,0.73,0.66,0.01,0.03,364.63,5.31,2375969.77,4.18
7902,"writingprompts",2047,432,254,1792,-2.76,-1.84,6.77,1.47,0.91,0.89,0,0.04,551.15,6.26,3720997.72,5.11
7903,"writingprompts",883,188,67,815,-3.66,-2.75,10.52,2.09,0.96,0.97,0,0.03,1182.77,15.64,7540533.14,14.38
7904,"writingprompts",9846,2164,73,9772,-2.9,-2.17,6.89,1.55,0.8,0.79,0,0.03,560.89,8.76,3833792.92,7.51
7905,"writingprompts",5370,1106,245,5124,-2.67,-1.81,7.11,1.43,0.83,0.81,0,0.01,576.72,6.08,4086901.53,4.95
7906,"writingprompts",888,180,65,822,-2.9,-2.04,8.08,1.43,0.98,0.98,0,0.02,577.11,7.69,3890169.03,6.46
7907,"writingprompts",2501,568,95,2405,-2.81,-1.94,7.33,1.52,0.94,0.93,0,0.04,570.81,6.92,3888278.56,5.84
7908,"writingprompts",3852,820,262,3589,-2.72,-1.96,6.6,1.48,0.9,0.87,0,0.04,519.97,7.06,3635393.08,5.95
7909,"writingprompts",1887,399,102,1784,-3.25,-2.41,8.87,1.77,0.94,0.93,0,0.01,816.7,11.13,5594014.84,9.9
7910,"writingprompts",1379,266,87,1291,-4.23,-3.42,10.81,2.14,0.94,0.95,0,0,1491.52,30.73,9717823.12,29.46
7911,"writingprompts",2790,667,136,2653,-2.65,-1.78,6.95,1.45,0.88,0.88,0,0.02,511.39,5.93,3573136.65,4.79
7912,"writingprompts",3775,823,187,3587,-2.92,-2.13,8.09,1.71,0.93,0.94,0,0.02,622.25,8.41,4159111.73,7.35
7913,"writingprompts",1537,327,44,1492,-3.63,-2.89,9.99,2.06,0.98,0.98,0,0.01,1080.1,17.99,7228466.84,16.96
7914,"writingprompts",2845,590,151,2693,-3.45,-2.45,11.1,1.94,0.95,0.96,0,0.02,1111.68,11.59,7786424.59,10.52
7915,"writingprompts",3475,721,271,3203,-2.92,-2.16,7.87,1.73,0.79,0.77,0,0.01,673.26,8.67,4618875.46,7.55
7916,"writingprompts",3137,677,112,3024,-2.81,-1.99,6.94,1.57,0.88,0.87,0,0.02,557.35,7.32,3467345.37,6.17
7917,"writingprompts",5165,1113,202,4962,-2.04,-0.95,6.78,0.95,0.6,0.61,0.09,0.31,442.73,2.59,3327302.88,1.59
7918,"writingprompts",10427,2246,254,10172,-2.69,-1.84,6.89,1.44,0.84,0.84,0,0.04,544.62,6.26,3607742.05,5.14
7919,"writingprompts",1179,247,133,1045,-3.54,-2.44,10.06,2,0.97,0.97,0,0.01,1123.06,11.47,7643915.37,10.39
7920,"writingprompts",573,137,67,505,-3.5,-2.62,9.51,1.94,0.81,0.77,0.01,0.02,975.37,13.74,6953434.4,12.48
7921,"writingprompts",2560,624,95,2464,-3.46,-2.61,9.36,2,0.92,0.91,0,0.04,942.87,13.6,6070297.43,12.48
7922,"writingprompts",1636,357,194,1441,-3.05,-2.21,8.32,1.68,0.88,0.87,0,0.01,757.8,9.12,5268315.5,7.96
7923,"writingprompts",790,143,155,634,-4.55,-3.89,12.16,2.37,0.99,1,0,0,1488.58,48.91,9647522.74,47.01
7924,"writingprompts",3493,762,230,3262,-2.59,-1.81,6.88,1.43,0.82,0.76,0.01,0.03,491.86,6.11,3311281.8,4.99
7925,"writingprompts",2844,628,78,2765,-2.73,-1.98,7.09,1.43,0.92,0.93,0,0.03,536.85,7.28,3859980.31,6.05
7926,"writingprompts",614,135,29,584,-4.46,-3.88,8.96,2.09,0.96,0.96,0,0.01,1385.35,48.42,8677838.84,46.65
7927,"writingprompts",1461,338,40,1420,-3.51,-2.82,9.15,1.9,0.94,0.93,0,0.02,923.73,16.72,6398228.42,15.44
7928,"writingprompts",1959,471,194,1764,-2.9,-2.01,8.83,1.64,0.78,0.77,0,0.04,654.11,7.46,4559918.63,6.31
7929,"writingprompts",1100,214,184,915,-3.08,-2.08,8.86,1.51,0.96,0.94,0,0.01,764.86,8.04,5408270.78,6.92
7930,"writingprompts",1056,222,31,1024,-3.79,-3.29,7.44,1.99,0.95,0.96,0,0.01,831.03,26.84,5542722.27,25.27
7931,"writingprompts",3567,809,192,3374,-2.7,-1.94,6.77,1.54,0.88,0.88,0,0.06,512.03,6.96,3592950.55,5.84
7932,"writingprompts",2263,438,301,1961,-2.87,-2.04,8.07,1.64,0.93,0.93,0,0.02,679.79,7.73,4928587.47,6.66
7933,"writingprompts",4271,947,188,4082,-2.63,-1.83,6.72,1.43,0.82,0.79,0,0.03,488.74,6.23,3303708.82,5.11
7934,"writingprompts",10310,2176,192,10117,-2.48,-1.74,5.93,1.41,0.8,0.76,0.01,0.05,386.08,5.7,2425741.13,4.59
7935,"writingprompts",3904,1007,82,3821,-2.68,-1.74,7.78,1.53,0.85,0.83,0.01,0.06,623.19,5.7,4295880.49,4.69
7936,"writingprompts",1633,343,27,1605,-2.99,-2.22,7.37,1.72,0.77,0.74,0.01,0.03,609.2,9.21,4141522.08,8.08
7937,"writingprompts",1599,405,93,1505,-4.49,-3.92,11.91,2.49,0.89,0.86,0,0.02,1580.93,50.4,10707141.26,48.82
7938,"writingprompts",1801,398,77,1723,-2.55,-1.39,8.51,1.35,0.86,0.95,0.03,0.05,692.84,4.01,4897122.58,2.99
7939,"writingprompts",2144,510,164,1979,-2.56,-1.78,6.95,1.35,0.82,0.85,0.01,0.02,503.54,5.93,3921679.33,4.67
7940,"writingprompts",2861,689,109,2751,-2.44,-1.57,6.58,1.36,0.89,0.88,0,0.04,463.08,4.81,3198561.47,3.77
7941,"writingprompts",1734,377,135,1598,-3.78,-2.9,9.92,1.98,0.92,0.92,0,0.03,1125.76,18.17,7763977.5,16.86
7942,"writingprompts",862,210,34,827,-4.3,-3.62,11.03,2.38,0.92,0.95,0,0.03,1460.92,37.63,9425019.2,36.37
7943,"writingprompts",3776,819,18,3757,-2.96,-2.18,7.95,1.81,0.92,0.92,0,0.03,667.26,8.85,4506438.47,7.83
7944,"writingprompts",3047,613,234,2812,-3.1,-2.36,7.44,1.56,0.87,0.85,0,0.01,641,10.59,4392243.83,9.23
7945,"writingprompts",3288,906,91,3196,-2.04,-1.06,6.08,1.02,0.71,0.66,0.02,0.05,368.06,2.9,2609595.19,1.9
7946,"writingprompts",1518,317,119,1398,-2.84,-2.06,7.38,1.64,0.84,0.83,0,0.05,627.87,7.85,4129148.56,6.78
7947,"writingprompts",2077,488,96,1980,-3.06,-2.18,8.55,1.6,0.83,0.77,0.01,0.03,833.43,8.9,6146911.86,7.69
7948,"writingprompts",2434,521,298,2135,-2.54,-1.76,6.96,1.46,0.89,0.88,0,0.06,494.66,5.81,3607358.05,4.77
7949,"writingprompts",7074,1447,20,7053,-3.03,-2.2,7.89,1.71,0.88,0.88,0,0.04,651.05,9.03,4354825.99,7.91
7950,"writingprompts",8648,2047,197,8450,-2.73,-1.87,7.72,1.6,0.81,0.8,0,0.04,627.37,6.49,4315756.34,5.47
7951,"writingprompts",1460,297,169,1290,-3.12,-2.37,8.62,1.77,0.95,0.93,0,0.02,828.38,10.7,5616562.9,9.59
7952,"writingprompts",8675,2208,109,8565,-2.51,-1.79,5.66,1.33,0.68,0.64,0.01,0.07,376.12,5.99,2497321,4.86
7953,"writingprompts",979,212,60,918,-3.93,-3.2,10.49,2.08,0.96,0.95,0,0.02,1337.92,24.42,9981357.99,22.96
7954,"writingprompts",2875,675,56,2818,-2.89,-2.16,7.05,1.63,0.87,0.88,0,0.04,563.33,8.67,3742617.42,7.47
7955,"writingprompts",1442,333,124,1317,-3.02,-2.01,9.3,1.53,0.89,0.86,0.01,0.05,791.61,7.46,5428510.25,6.41
7956,"writingprompts",2377,646,73,2303,-2.65,-1.93,6.35,1.64,0.83,0.8,0.01,0.03,411.3,6.89,2500678.27,5.86
7957,"writingprompts",9816,2235,82,9733,-2.76,-2,6.77,1.47,0.76,0.72,0.01,0.04,493.62,7.39,3298845.72,6.17
7958,"writingprompts",2269,492,155,2113,-2.68,-1.81,7.06,1.41,0.92,0.92,0,0.04,541.36,6.11,3651631.72,4.96
7959,"writingprompts",1909,484,56,1852,-2.46,-1.65,6.2,1.44,0.69,0.62,0.01,0.03,361.43,5.24,2195261.72,4.16
7960,"writingprompts",2063,494,160,1902,-2.69,-1.83,7.37,1.45,0.88,0.91,0.01,0.03,527.52,6.2,3568161.32,5.05
7961,"writingprompts",9075,2056,120,8954,-2.64,-1.88,6.65,1.41,0.81,0.77,0.01,0.07,514.66,6.52,3508985.62,5.35
7962,"writingprompts",4984,1093,223,4760,-2.78,-1.84,7.08,1.47,0.89,0.91,0,0.05,563.31,6.3,3803049.54,5.14
7963,"writingprompts",3870,850,105,3764,-3.17,-2.43,7.84,1.79,0.93,0.92,0,0.02,637.75,11.36,4136120.08,10.18
7964,"writingprompts",2832,631,89,2742,-3.06,-2.37,6.58,1.45,0.84,0.81,0,0.03,582.53,10.7,4035219.63,9.21
7965,"writingprompts",1065,187,119,945,-3.88,-3.43,10.08,2.15,0.96,0.97,0,0.03,1202.05,30.88,8086253.26,29.72
7966,"writingprompts",5865,1262,164,5700,-2.97,-2.2,7.18,1.52,0.88,0.86,0,0.01,627.41,8.98,4304897.34,7.71
7967,"writingprompts",2947,657,129,2817,-2.79,-1.99,7.52,1.65,0.78,0.73,0.01,0.02,565.94,7.32,3872402.07,6.23
7968,"writingprompts",7249,1646,234,7014,-2.79,-2.08,6.86,1.54,0.83,0.79,0.01,0.04,544.63,7.96,3690315.52,6.82
7969,"writingprompts",3230,687,178,3051,-3.04,-2.27,7.57,1.53,0.86,0.85,0.01,0.07,654.71,9.68,4261608.11,8.37
7970,"writingprompts",2417,558,116,2300,-2.64,-1.86,7.05,1.57,0.87,0.88,0,0.03,538.72,6.43,3526867.89,5.4
7971,"writingprompts",997,222,63,933,-3.13,-2.22,8.72,1.68,0.93,0.93,0,0.05,836.56,9.17,6108015.21,7.92
7972,"writingprompts",5212,1306,56,5155,-2.2,-1.42,5.8,1.2,0.73,0.71,0,0.03,373.27,4.14,2706386.71,3.06
7973,"writingprompts",4058,924,83,3974,-3.16,-2.31,8.55,1.64,0.89,0.9,0,0.05,827.44,10.07,6018127.23,8.82
7974,"writingprompts",2710,639,55,2654,-2.36,-1.51,6.2,1.31,0.73,0.7,0.01,0.02,401.69,4.53,2549112.52,3.48
7975,"writingprompts",2808,580,202,2605,-3.39,-2.51,9.11,1.86,0.9,0.91,0,0.01,1042.47,12.36,7292696.87,11.21
7976,"writingprompts",956,213,203,752,-2.34,-1.43,6.88,1.35,0.89,0.87,0.01,0.1,452.04,4.18,3269777.15,3.15
7977,"writingprompts",4819,1056,165,4653,-2.7,-1.78,7.41,1.48,0.83,0.81,0,0.04,579.42,5.93,4004132.52,4.85
7978,"writingprompts",3363,746,15,3347,-3.3,-2.58,8.3,1.79,0.95,0.96,0,0.02,767.64,13.14,5045350.13,11.88
7979,"writingprompts",10576,2371,67,10508,-3.02,-2.16,8.65,1.72,0.75,0.72,0.01,0.03,802.18,8.67,5665539.14,7.56
7980,"writingprompts",4038,898,181,3856,-2.91,-2.09,7.99,1.65,0.78,0.74,0.01,0.04,612.89,8.12,3965642.7,6.99
7981,"writingprompts",2336,537,207,2128,-2.63,-1.98,6.41,1.43,0.79,0.76,0.01,0.03,483.6,7.24,3307578.07,6.01
7982,"writingprompts",2272,539,10,2261,-3.41,-2.54,8.88,1.84,0.93,0.93,0,0.02,883.22,12.68,6049853.47,11.37
7983,"writingprompts",2471,566,52,2418,-3.23,-2.46,7.79,1.69,0.91,0.9,0,0.01,762.69,11.64,5253304.86,10.28
7984,"writingprompts",6157,1401,191,5965,-2.72,-1.9,6.78,1.49,0.84,0.84,0,0.03,488.55,6.69,3159431.56,5.6
7985,"writingprompts",3439,745,37,3401,-2.49,-1.76,6.05,1.32,0.87,0.83,0,0.03,438.46,5.81,2880016.06,4.65
7986,"writingprompts",2132,387,286,1845,-3.39,-2.37,10.23,1.99,0.95,0.93,0,0.02,1029.96,10.7,7044024.93,9.67
7987,"writingprompts",2488,640,42,2445,-2.51,-1.61,7.29,1.44,0.68,0.69,0.02,0.06,473.71,5,3220386.32,3.91
7988,"writingprompts",2145,405,245,1899,-3.13,-2.35,8.47,1.68,0.85,0.85,0,0.02,722.58,10.49,4657802.13,9.41
7989,"writingprompts",1436,347,95,1340,-3.14,-2.56,8.04,1.86,0.79,0.74,0.02,0.08,719.86,12.94,5105386.93,11.75
7990,"writingprompts",7593,1742,66,7526,-2.57,-1.73,6.55,1.42,0.73,0.7,0.01,0.03,469.78,5.64,3220335.1,4.56
7991,"writingprompts",967,206,36,930,-2.58,-1.76,5.68,1.3,0.94,0.94,0,0.04,411.27,5.78,2351043.13,4.66
7992,"writingprompts",3816,942,132,3683,-2.43,-1.63,6.72,1.51,0.83,0.84,0,0.05,447.01,5.13,3094355.58,4.12
7993,"writingprompts",607,124,49,557,-2.86,-2.32,5.9,1.39,0.98,0.98,0,0.02,393.87,10.18,2524390.7,9.02
7994,"writingprompts",4472,1079,114,4357,-2.64,-1.93,6.33,1.53,0.85,0.84,0,0.03,509.68,6.89,3559192.9,5.8
7995,"writingprompts",1861,453,54,1806,-2.81,-1.99,7.44,1.67,0.9,0.89,0,0.01,540.83,7.32,3566910.74,6.28
7996,"writingprompts",2696,604,155,2540,-2.77,-1.98,7.16,1.6,0.9,0.87,0,0.01,557.29,7.28,3524578.18,6.16
7997,"writingprompts",1315,267,195,1119,-2.51,-1.73,6.7,1.47,0.86,0.85,0,0.03,467.22,5.64,3233140.13,4.57
7998,"writingprompts",2145,417,197,1947,-2.62,-1.76,6.84,1.37,0.9,0.88,0,0.03,551.48,5.81,3684321.04,4.62
7999,"writingprompts",1188,258,95,1092,-3.24,-2.6,7.51,1.82,0.93,0.94,0,0.02,709.17,13.4,4636874.62,12.08
8000,"writingprompts",1602,327,239,1362,-2.72,-1.81,7.07,1.45,0.91,0.94,0.01,0.06,558.02,6.11,3570409.79,5
8001,"writingprompts",5176,1148,202,4973,-3.07,-2.2,8.09,1.55,0.87,0.85,0,0.03,770.81,8.98,5609469.09,7.68
8002,"writingprompts",3309,716,154,3154,-3.56,-2.68,9.81,1.88,0.94,0.92,0,0.01,1035.7,14.58,7434975.03,13.36
8003,"writingprompts",2868,607,134,2733,-3.34,-2.45,9.62,1.82,0.89,0.86,0,0.04,850.11,11.59,6090287.89,10.36
8004,"writingprompts",1921,405,199,1721,-2.59,-1.83,5.86,1.4,0.9,0.87,0,0.01,341.92,6.23,2114516.1,5.12
8005,"writingprompts",1981,405,114,1866,-4.09,-3.4,10.01,2.29,0.91,0.9,0,0.06,1242.8,29.96,8320800.66,28.6
8006,"writingprompts",5043,1111,89,4953,-3.01,-2.25,7.84,1.69,0.88,0.87,0,0.05,696.47,9.49,4873192.54,8.37
8007,"writingprompts",5976,1341,159,5816,-2.78,-1.98,7.15,1.47,0.83,0.83,0,0.06,558.08,7.24,3826404.9,6.09
8008,"writingprompts",888,178,67,820,-3.47,-2.9,8.06,1.77,0.98,0.99,0,0.01,864.7,18.17,6259118.4,16.65
8009,"writingprompts",3675,800,69,3605,-2.35,-1.41,6.55,1.24,0.74,0.73,0.01,0.07,420.93,4.1,2796955.4,3.06
8010,"writingprompts",1049,209,72,976,-3.09,-2.18,8.26,1.76,0.87,0.85,0.01,0.07,744.71,8.85,5288922.19,7.78
8011,"writingprompts",2144,488,62,2081,-2.86,-1.9,7.31,1.53,0.83,0.81,0,0.02,634.89,6.65,4253204.97,5.53
8012,"writingprompts",1927,422,92,1834,-3.37,-2.87,8.06,1.9,0.95,0.93,0,0.01,813.37,17.63,5414763.59,16.15
8013,"writingprompts",2928,659,107,2820,-2.74,-2.1,6.37,1.49,0.84,0.8,0.01,0.01,443.59,8.17,2983617.68,6.94
8014,"writingprompts",1158,245,50,1107,-3.16,-2.25,9.78,1.9,0.84,0.78,0.01,0.05,971.77,9.49,6914137.96,8.41
8015,"writingprompts",2048,426,94,1953,-2.89,-2.28,6.81,1.56,0.83,0.85,0.01,0.01,581.98,9.82,3943889.84,8.55
8016,"writingprompts",8580,1904,54,8525,-2.86,-2.09,7.54,1.61,0.81,0.78,0,0.04,626.46,8.12,4252791.09,6.96
8017,"writingprompts",3517,759,32,3484,-3.54,-2.68,9.59,1.89,0.89,0.88,0,0.01,1031.05,14.59,7435042.73,13.27
8018,"writingprompts",3849,859,82,3766,-2.97,-2.13,8.33,1.66,0.88,0.87,0,0.03,684.05,8.41,4691090.81,7.29
8019,"writingprompts",3888,953,62,3825,-3.05,-2.08,8.96,1.78,0.9,0.9,0,0.05,879.2,8,5998811.18,6.98
8020,"writingprompts",2682,558,138,2543,-2.42,-1.56,6.51,1.29,0.89,0.87,0,0.02,439.51,4.78,2813775.72,3.7
8021,"writingprompts",2782,566,3,2778,-3.35,-2.52,8.11,1.96,0.92,0.92,0,0.01,743.54,12.49,4381719.15,11.41
8022,"writingprompts",2253,512,53,2199,-2.53,-1.52,7.35,1.26,0.82,0.81,0.01,0.08,534.09,4.55,3757430.37,3.5
8023,"writingprompts",2370,516,111,2258,-2.77,-2.02,7.12,1.54,0.9,0.88,0,0.02,529.18,7.54,3424046.59,6.43
8024,"writingprompts",7242,1893,51,7190,-2.11,-1.27,5.94,1.16,0.44,0.42,0.01,0.02,354.86,3.56,2356908.14,2.54
8025,"writingprompts",6104,1453,83,6020,-2.8,-1.95,7.86,1.62,0.81,0.78,0.01,0.05,603.41,7.03,4006583.71,6
8026,"writingprompts",7333,1658,54,7278,-2.58,-1.66,7.01,1.42,0.83,0.8,0,0.02,504.98,5.26,3341822,4.2
8027,"writingprompts",7288,1565,82,7205,-2.75,-1.94,6.87,1.47,0.86,0.85,0,0.02,530.33,6.96,3576873.86,5.77
8028,"writingprompts",3409,837,105,3303,-2.85,-1.88,8.61,1.69,0.83,0.8,0.01,0.04,719.34,6.55,4813576.31,5.53
8029,"writingprompts",2007,422,50,1956,-3.3,-2.42,8.73,1.65,0.93,0.93,0,0.03,852.22,11.3,6094416.32,10.04
8030,"writingprompts",4878,1043,281,4596,-2.75,-2.01,6.71,1.45,0.9,0.92,0,0.03,567.57,7.46,3924334.13,6.25
8031,"writingprompts",1769,347,149,1619,-3.7,-2.91,9.16,2.02,0.98,0.98,0,0.02,1037.7,18.36,6917560.59,17.01
8032,"writingprompts",8349,1988,95,8253,-3.34,-2.42,9.28,1.84,0.88,0.87,0,0.04,943.14,11.3,6417993.68,10.18
8033,"writingprompts",5858,1210,244,5613,-3.07,-2.22,8.25,1.73,0.83,0.8,0.01,0.07,743.23,9.16,5149355.53,8.05
8034,"writingprompts",953,236,41,911,-2.41,-1.31,6.93,1.07,0.74,0.69,0.01,0.03,482.3,3.7,2904313.57,2.65
8035,"writingprompts",7195,1537,206,6988,-3.22,-2.35,8.23,1.72,0.88,0.87,0,0.04,783.65,10.49,5395598.73,9.27
8036,"writingprompts",2725,602,104,2620,-2.67,-1.85,6.25,1.36,0.84,0.84,0,0.03,500.46,6.36,3237471.97,5.14
8037,"writingprompts",2835,558,174,2660,-2.93,-2.12,7.38,1.64,0.93,0.92,0,0.02,675.6,8.37,4622415.6,7.24
8038,"writingprompts",6006,1284,160,5845,-3.24,-2.47,8.43,1.87,0.85,0.85,0,0.01,838.71,11.82,5594636.92,10.7
8039,"writingprompts",4911,1170,64,4846,-2.74,-1.98,7.3,1.53,0.79,0.76,0.01,0.01,529.5,7.24,3572906.47,6.15
8040,"writingprompts",1934,399,125,1808,-3.45,-2.74,8.46,1.92,0.96,0.96,0,0.03,855.09,15.49,5625373.15,14.33
8041,"writingprompts",4120,885,122,3997,-2.55,-1.78,6.35,1.39,0.89,0.87,0,0.02,425.28,5.93,2848243.74,4.84
8042,"writingprompts",1735,370,153,1581,-3.33,-2.83,8.31,1.92,0.96,0.96,0,0.03,810.26,16.95,5677982.55,15.74
8043,"writingprompts",798,143,77,720,-3.21,-2.34,8.64,1.83,0.88,0.87,0.01,0.1,984.17,10.38,7404507.34,9.23
8044,"writingprompts",5964,1371,230,5733,-2.69,-1.91,7.01,1.49,0.78,0.77,0.01,0.03,566.19,6.75,3821685.62,5.66
8045,"writingprompts",1304,296,79,1224,-3.22,-2.43,8.51,1.73,0.51,0.54,0.03,0.02,867.67,11.36,6566183.51,10.2
8046,"writingprompts",2838,551,222,2615,-2.73,-1.98,6.8,1.49,0.93,0.92,0,0.01,506.63,7.24,3507001.28,6.13
8047,"writingprompts",4146,883,53,4092,-2.79,-2.06,6.77,1.63,0.88,0.87,0,0.03,482.87,7.85,3129565.61,6.72
8048,"writingprompts",4038,886,59,3978,-2.89,-2.11,6.97,1.53,0.83,0.82,0,0.02,570.66,8.25,3815137.8,6.98
8049,"writingprompts",3000,689,168,2831,-3.4,-2.56,9.19,1.98,0.85,0.83,0,0.02,895.06,12.94,6146139.4,11.85
8050,"writingprompts",3109,662,85,3023,-2.75,-2,6.1,1.48,0.87,0.86,0,0.05,399.14,7.39,2465421.65,6.12
8051,"writingprompts",5060,1025,263,4796,-3.33,-2.49,8.89,1.79,0.87,0.86,0,0.03,906.9,12.06,6225206.59,10.86
8052,"writingprompts",995,208,133,861,-2.95,-2.22,7.13,1.48,0.93,0.94,0,0.02,604.29,9.24,4455303.02,7.83
8053,"writingprompts",874,136,183,690,-3.47,-2.7,8.05,1.75,0.99,1,0,0,826.71,14.9,4861886.04,13.65
8054,"writingprompts",8858,1985,172,8685,-2.94,-2.18,7.53,1.57,0.8,0.81,0,0.07,641.3,8.85,4365500.82,7.69
8055,"writingprompts",1016,182,165,850,-3.3,-2.76,7.67,1.83,0.99,1,0,0,748.95,15.72,5198127.28,14.37
8056,"writingprompts",956,193,142,813,-3.51,-2.78,8.51,1.84,0.94,0.95,0,0.04,1023.13,16.12,7328519.89,14.77
8057,"writingprompts",1875,414,148,1726,-2.94,-1.83,8.92,1.39,0.94,0.94,0,0.03,625.18,6.24,4161480.5,5.08
8058,"writingprompts",5057,1107,84,4972,-2.74,-2.02,6.56,1.52,0.87,0.87,0,0.07,460.31,7.54,2876294.86,6.39
8059,"writingprompts",684,146,40,643,-3.73,-3.02,9.78,2.14,0.99,1,0,0,989.26,20.51,6474604.93,19.2
8060,"writingprompts",2851,644,201,2649,-2.56,-1.78,6.22,1.33,0.9,0.9,0.01,0.07,439.01,5.96,2948188.22,4.76
8061,"writingprompts",943,210,90,852,-3.61,-2.96,8.98,1.94,0.98,0.99,0,0.01,1092.16,19.4,7802160.39,18.19
8062,"writingprompts",5408,1433,52,5355,-2.48,-1.58,7.12,1.43,0.84,0.84,0,0.06,507.53,4.85,3378864.83,3.83
8063,"writingprompts",1083,269,48,1034,-2.87,-2.17,8.17,1.96,0.94,0.97,0,0.03,665.55,8.76,4431237.93,7.75
8064,"writingprompts",9250,2223,178,9071,-2.81,-1.86,7.81,1.52,0.8,0.77,0.01,0.06,634.5,6.42,4412066.86,5.36
8065,"writingprompts",5745,1210,166,5578,-2.69,-1.89,7.28,1.62,0.64,0.7,0.03,0.04,531.94,6.62,3498776.66,5.57
8066,"writingprompts",680,162,62,617,-1.33,-0.09,5.22,0.09,0.93,0.96,0,0.04,274.81,1.09,1603121.59,0.09
8067,"writingprompts",3105,696,237,2867,-2.48,-1.54,6.96,1.36,0.93,0.91,0,0.03,507.37,4.64,3282874.35,3.6
8068,"writingprompts",1432,320,48,1383,-2.68,-1.92,5.85,1.35,0.93,0.92,0,0.02,431.23,6.86,2845633.36,5.73
8069,"writingprompts",953,182,140,812,-5.08,-4.51,11.39,2.31,1,1,0,0,1936.28,90.93,12305722.19,88.98
8070,"writingprompts",4559,1124,194,4364,-2.42,-1.63,6.22,1.39,0.85,0.82,0,0.04,395.07,5.1,2440098.13,4.07
8071,"writingprompts",5049,1148,298,4750,-3.09,-2.12,8.41,1.61,0.85,0.83,0,0.03,768.52,8.37,5368958.32,7.24
8072,"writingprompts",1078,232,75,1002,-2.6,-1.75,6.94,1.55,0.86,0.84,0,0.02,513.53,5.75,3517809.57,4.71
8073,"writingprompts",1968,450,124,1843,-2.61,-1.66,6.76,1.47,0.9,0.93,0.01,0.05,465.35,5.26,2714805.28,4.21
8074,"writingprompts",7101,1556,93,7007,-3.31,-2.58,7.57,1.67,0.89,0.88,0,0.05,745.04,13.14,4926983.51,11.77
8075,"writingprompts",10638,2503,79,10558,-2.33,-1.41,6.84,1.32,0.66,0.6,0.01,0.02,499.67,4.1,3474205.23,3.09
8076,"writingprompts",2163,446,187,1975,-3.24,-2.6,7.64,1.87,0.96,0.96,0,0.03,682.75,13.4,4465303.01,12.22
8077,"writingprompts",3167,763,33,3133,-2.6,-1.81,7.51,1.57,0.86,0.85,0,0.04,601.95,6.11,4356807.21,5.09
8078,"writingprompts",4317,955,286,4030,-2.49,-1.74,6.05,1.44,0.82,0.82,0.01,0.07,444.99,5.7,3077041.02,4.61
8079,"writingprompts",3921,876,205,3715,-2.6,-1.84,6.29,1.34,0.82,0.79,0.01,0.05,468.24,6.3,3229954.13,5.1
8080,"writingprompts",1963,474,102,1860,-2.9,-2.02,8.95,1.7,0.88,0.89,0,0.03,747.16,7.58,5147039.92,6.52
8081,"writingprompts",908,211,46,861,-2.55,-1.75,6.19,1.28,0.86,0.85,0,0.01,444.69,5.75,2926980.88,4.6
8082,"writingprompts",1962,434,111,1850,-3.73,-3,9.58,2.14,0.93,0.92,0,0.01,1150.8,20.09,7516580.72,18.94
8083,"writingprompts",3785,787,221,3563,-2.87,-2.09,7.1,1.64,0.84,0.83,0,0.02,575.86,8.08,3820761.07,6.88
8084,"writingprompts",1520,326,145,1374,-2.68,-1.97,6.45,1.7,0.81,0.81,0.01,0.11,421.05,7.17,2752770.18,6.08
8085,"writingprompts",1889,401,134,1754,-2.6,-1.76,6.06,1.27,0.86,0.85,0,0.02,466.89,5.81,3132161.25,4.58
8086,"writingprompts",2110,480,87,2022,-3.01,-2.22,7.11,1.52,0.85,0.82,0.01,0.08,615.26,9.26,4426475.86,8.04
8087,"writingprompts",6539,1539,70,6468,-2.86,-2.07,7.56,1.71,0.87,0.88,0,0.04,583.46,7.92,3938423.94,6.84
8088,"writingprompts",2217,482,12,2204,-3.2,-2.5,8.4,1.9,0.93,0.92,0,0.01,714.86,12.12,4657656.09,11
8089,"writingprompts",1404,299,76,1327,-3.01,-2.09,8.84,1.7,0.87,0.88,0.01,0.04,770.47,8.08,5291200.43,6.99
8090,"writingprompts",1388,282,204,1183,-2.61,-1.74,7.16,1.47,0.91,0.9,0,0.03,554,5.66,3935729.6,4.61
8091,"writingprompts",801,180,36,764,-4.39,-3.6,10.58,2.38,0.98,0.98,0,0,1534.14,36.42,10359487.61,35.06
8092,"writingprompts",939,187,149,789,-3.67,-2.76,11.49,2.35,0.78,0.81,0.02,0.05,1174.47,15.8,8155487.47,14.76
8093,"writingprompts",2275,470,152,2122,-3.25,-2.58,8.39,1.71,0.83,0.83,0,0.01,770.07,13.2,5511275.13,11.83
8094,"writingprompts",727,144,135,591,-3.36,-2.66,7.33,1.72,0.88,0.88,0.01,0.1,752.51,14.37,4729066.46,12.98
8095,"writingprompts",9936,2097,221,9714,-2.91,-2.04,7.73,1.63,0.85,0.84,0,0.05,678.82,7.69,4715894.07,6.65
8096,"writingprompts",3095,659,37,3057,-2.35,-1.78,5.55,1.36,0.81,0.77,0.01,0.04,358.24,5.93,2395316.99,4.76
8097,"writingprompts",4760,977,276,4483,-2.75,-1.92,6.91,1.54,0.9,0.88,0,0.03,476.09,6.82,2966616.71,5.73
8098,"writingprompts",2988,562,160,2827,-3.21,-2.45,8.73,1.82,0.97,0.97,0,0.01,799.5,11.53,5790906.03,10.4
8099,"writingprompts",2282,448,139,2142,-2.3,-1.42,6.11,1.22,0.9,0.88,0,0.05,450.56,4.14,3279069.91,3.08
8100,"writingprompts",2311,542,20,2290,-2.67,-1.83,6.9,1.34,0.82,0.76,0.01,0.03,499.27,6.2,3620770.76,5.04
8101,"writingprompts",1298,261,166,1131,-2.67,-1.87,6.62,1.43,0.97,0.97,0,0.01,347.51,6.49,1875128.83,5.28
8102,"writingprompts",4802,1046,131,4670,-2.63,-1.78,7.04,1.47,0.86,0.87,0,0.03,602.11,5.93,4162413.12,4.9
8103,"writingprompts",3445,796,69,3375,-2.75,-1.9,7.44,1.52,0.8,0.77,0,0.01,540.43,6.72,3662687.15,5.63
8104,"writingprompts",1732,325,141,1590,-3.13,-2.16,8.26,1.72,0.95,0.97,0,0.03,707.69,8.67,4688515.97,7.58
8105,"writingprompts",1966,457,25,1940,-2.79,-1.92,6.97,1.55,0.72,0.78,0.02,0.01,527.75,6.82,3434178.04,5.71
8106,"writingprompts",1214,258,38,1175,-3.04,-2.17,8.15,1.52,0.77,0.75,0.01,0.03,852.47,8.76,6152748.85,7.58
8107,"writingprompts",962,193,153,808,-2.89,-2.07,7.05,1.69,0.91,0.92,0,0.02,485.12,7.92,3337685.36,6.76
8108,"writingprompts",5536,1357,91,5444,-2.47,-1.58,7.03,1.41,0.86,0.86,0,0.06,491.72,4.85,3354570.33,3.83
8109,"writingprompts",3934,859,57,3876,-3.07,-2.2,8.28,1.76,0.88,0.9,0,0.05,722.03,9.03,5030822.18,7.94
8110,"writingprompts",2707,541,183,2523,-2.61,-1.73,8.36,1.55,0.61,0.54,0.02,0.07,612.83,5.64,4287540.02,4.6
8111,"writingprompts",3151,708,91,3059,-2.4,-1.5,6.81,1.3,0.81,0.8,0.01,0.07,539.64,4.51,4167813.19,3.48
8112,"writingprompts",10196,2284,87,10108,-2.74,-1.98,6.49,1.44,0.82,0.82,0,0.03,473.45,7.24,3172022.39,6.02
8113,"writingprompts",958,212,62,895,-3.23,-2.54,8.81,1.77,0.94,0.94,0,0.03,793.97,12.74,5363008.14,11.5
8114,"writingprompts",1972,416,32,1939,-3.31,-2.62,7.85,1.9,0.96,0.97,0,0.02,711.18,13.74,4611458.66,12.43
8115,"writingprompts",2964,798,97,2866,-2.29,-1.34,6.88,1.14,0.71,0.75,0.02,0.11,484.36,3.8,3433693.89,2.74
8116,"writingprompts",1833,411,56,1776,-3.12,-2.3,8.08,1.54,0.92,0.9,0,0.03,744.72,9.97,5412099.13,8.71
8117,"writingprompts",8996,1934,179,8816,-2.98,-2.16,7.86,1.64,0.84,0.83,0.01,0.06,658.64,8.72,4473842.49,7.57
8118,"writingprompts",3257,650,135,3121,-3.53,-2.8,9.16,1.91,0.92,0.93,0,0.04,997.54,16.44,7066094.3,15.05
8119,"writingprompts",3589,785,282,3306,-2.74,-1.91,7.17,1.44,0.84,0.84,0,0.06,544.06,6.75,3825499.49,5.54
8120,"writingprompts",7209,1815,136,7072,-2.59,-1.78,6.9,1.52,0.77,0.75,0,0.03,491.08,5.93,3179343.51,4.91
8121,"writingprompts",1353,343,41,1311,-3.07,-2.15,8.78,1.55,0.92,0.92,0,0.03,777.61,8.58,5613191.87,7.47
8122,"writingprompts",2622,547,273,2348,-2.95,-2.17,6.79,1.59,0.85,0.84,0,0.01,538.48,8.76,3526136.82,7.52
8123,"writingprompts",2788,648,53,2734,-3.13,-2.48,7.64,1.79,0.89,0.86,0,0.02,615.18,11.94,4054146.19,10.82
8124,"writingprompts",589,138,32,556,-3.66,-3,9.02,2.25,0.93,1,0.01,0,979.94,20.1,6487921.87,18.86
8125,"writingprompts",5041,1180,67,4973,-2.43,-1.65,5.94,1.32,0.82,0.82,0,0.03,381.32,5.24,2451580.94,4.11
8126,"writingprompts",2168,474,233,1934,-2.96,-2.11,7.56,1.58,0.91,0.89,0,0.01,667.06,8.25,4667154.05,7.04
8127,"writingprompts",719,147,55,663,-2.97,-1.88,8.79,1.63,0.98,0.97,0,0.01,729.74,6.55,4727787.29,5.44
8128,"writingprompts",3019,682,170,2848,-2.9,-2.08,7.93,1.57,0.84,0.82,0,0.01,633.89,7.96,4498703.75,6.77
8129,"writingprompts",2941,702,256,2684,-3.13,-2.19,9.39,1.77,0.84,0.8,0.01,0.05,908.77,8.94,6444814.03,7.88
8130,"writingprompts",4564,1051,51,4512,-2.69,-1.95,6.43,1.52,0.78,0.78,0,0.06,467.51,7.03,2899096.92,5.91
8131,"writingprompts",4125,864,292,3832,-3.12,-2.32,7.81,1.84,0.92,0.91,0,0.03,705.36,10.18,4572646.47,9.05
8132,"writingprompts",2353,515,42,2310,-3.11,-2.51,8.52,1.71,0.93,0.92,0,0.03,721.17,12.3,5194295.71,11.15
8133,"writingprompts",1762,381,68,1693,-3.03,-2.22,7.64,1.66,0.93,0.92,0,0.02,746.2,9.21,5397837.39,8.09
8134,"writingprompts",4269,982,112,4156,-2.4,-1.58,6.03,1.28,0.9,0.88,0,0.02,402.22,4.83,2708489.29,3.75
8135,"writingprompts",2074,421,87,1986,-3.19,-2.3,8.81,1.48,0.92,0.92,0,0.02,715.56,9.97,5265251.56,8.71
8136,"writingprompts",1583,383,160,1422,-2.74,-1.99,7.52,1.54,0.91,0.88,0,0.04,502.32,7.32,3319843.51,6.23
8137,"writingprompts",5177,1203,116,5060,-2.66,-1.83,6.91,1.5,0.86,0.82,0,0.02,509.97,6.23,3432170.09,5.16
8138,"writingprompts",5816,1378,188,5627,-2.85,-2,7.16,1.52,0.83,0.82,0,0.04,585.05,7.39,3851121.3,6.18
8139,"writingprompts",2051,423,198,1852,-3.24,-2.48,8.53,1.8,0.92,0.91,0,0.01,860.62,11.94,5849026.34,10.64
8140,"writingprompts",3966,1029,81,3884,-2.59,-1.47,8.14,1.38,0.77,0.77,0,0.03,666.26,4.35,4769193.42,3.35
8141,"writingprompts",4672,1079,59,4612,-2.6,-1.72,6.93,1.46,0.84,0.84,0,0.04,497.78,5.58,3390452.61,4.51
8142,"writingprompts",2729,620,72,2656,-3,-2.26,7.63,1.57,0.88,0.87,0,0.04,605.96,9.63,4138771.73,8.38
8143,"writingprompts",3002,686,83,2918,-2.93,-2.23,7.12,1.6,0.92,0.91,0,0.02,613.97,9.3,4090013.41,8.08
8144,"writingprompts",2132,424,252,1879,-3.68,-2.9,9.47,1.95,0.97,0.97,0,0.01,977.57,18.26,6411435.11,16.91
8145,"writingprompts",1727,415,116,1610,-2.49,-1.4,7.86,1.29,0.87,0.87,0,0.02,604.17,4.06,4157180.44,3.04
8146,"writingprompts",1758,370,132,1625,-3.45,-2.78,8.52,1.9,0.95,0.94,0,0.02,764.9,16.04,5015056.66,14.77
8147,"writingprompts",3759,819,77,3681,-3.88,-3.06,10.11,2.15,0.93,0.92,0,0.01,1165.86,21.33,7838700,20.07
8148,"writingprompts",3692,820,156,3535,-2.72,-1.9,6.56,1.49,0.92,0.91,0,0.02,464.95,6.72,2952280.16,5.64
8149,"writingprompts",6981,1614,189,6791,-2.48,-1.71,6,1.4,0.79,0.77,0,0.03,403.09,5.53,2717805.81,4.44
8150,"writingprompts",1819,370,200,1618,-2.8,-1.98,8.26,1.54,0.92,0.9,0,0.01,572.27,7.21,4053749.62,6.09
8151,"writingprompts",1310,276,126,1183,-2.95,-2.27,6.53,1.56,0.91,0.88,0,0.02,548.7,9.68,3737982.58,8.36
8152,"writingprompts",3357,785,52,3304,-3.06,-2.12,8.17,1.62,0.92,0.9,0,0.03,753.17,8.33,5293216.01,7.16
8153,"writingprompts",4193,934,292,3900,-2.73,-2.04,7.14,1.57,0.87,0.86,0,0.05,505.91,7.65,3455349.52,6.58
8154,"writingprompts",1944,476,107,1836,-3.03,-2.22,8.3,1.65,0.94,0.94,0,0.01,797.7,9.16,5436064.75,8.04
8155,"writingprompts",4722,1124,108,4613,-2.59,-1.88,5.85,1.4,0.72,0.67,0.01,0.05,405.43,6.55,2575618.15,5.35
8156,"writingprompts",4027,871,162,3864,-3.01,-2.14,7.8,1.65,0.84,0.81,0,0.01,683.59,8.5,4666317.44,7.39
8157,"writingprompts",4301,869,274,4026,-3.09,-2.32,7.42,1.64,0.9,0.91,0,0.02,704.54,10.18,4970368.46,9.02
8158,"writingprompts",2072,426,102,1969,-3.35,-2.62,8.91,1.92,0.97,0.98,0,0.01,952.17,13.67,6542063.23,12.51
8159,"writingprompts",3466,739,140,3325,-2.66,-1.75,7.1,1.46,0.81,0.8,0.01,0.08,557.56,5.75,3486417.03,4.68
8160,"writingprompts",1845,405,232,1612,-2.39,-1.42,7.71,1.31,0.9,0.94,0.02,0.03,518.07,4.14,3618435,3.1
8161,"writingprompts",9731,2049,167,9563,-2.85,-2.13,7.08,1.55,0.83,0.83,0.01,0.05,566.97,8.41,3847937.27,7.25
8162,"writingprompts",2634,544,232,2401,-2.95,-2.24,7.98,1.79,0.83,0.82,0.01,0.04,659.99,9.35,4690076.44,8.26
8163,"writingprompts",879,186,104,774,-2.98,-2.31,7.52,1.7,0.98,0.97,0,0.01,579.22,10.07,3516307.19,8.86
8164,"writingprompts",4043,879,91,3951,-2.67,-2.06,6.03,1.41,0.91,0.91,0,0.03,420.03,7.85,2764380.74,6.65
8165,"writingprompts",1544,271,308,1235,-2.83,-2.1,7.22,1.61,0.97,0.97,0,0.02,590.52,8.17,4402499.34,6.97
8166,"writingprompts",7664,1966,82,7581,-2.3,-1.49,6.09,1.3,0.73,0.74,0,0.06,399.95,4.44,2566476.26,3.41
8167,"writingprompts",2778,640,137,2640,-3.06,-1.92,9.81,1.58,0.81,0.79,0.01,0.04,906.12,6.78,6509220.74,5.7
8168,"writingprompts",3916,916,65,3850,-2.65,-1.85,6.57,1.49,0.73,0.71,0.01,0.08,473.48,6.33,3038531.19,5.25
8169,"writingprompts",4313,982,79,4233,-2.72,-2.01,6.29,1.55,0.89,0.86,0,0.02,467.59,7.46,2986426.52,6.31
8170,"writingprompts",2632,589,76,2555,-2.92,-2.13,7.56,1.62,0.83,0.8,0,0.01,623.89,8.41,4249113.33,7.25
8171,"writingprompts",1297,280,56,1240,-3.33,-2.31,10.29,1.67,0.95,0.95,0,0.02,897.97,10.07,6046996.79,8.73
8172,"writingprompts",2449,516,235,2213,-2.92,-2.19,7.03,1.58,0.94,0.95,0,0.03,610.61,8.94,4078223.95,7.74
8173,"writingprompts",10055,2513,126,9928,-2.6,-1.75,6.65,1.37,0.75,0.74,0.01,0.07,469.36,5.75,3101325.04,4.66
8174,"writingprompts",1508,356,56,1451,-2.8,-2.06,6.09,1.67,0.89,0.88,0,0.04,378.87,7.88,1999603.23,6.81
8175,"writingprompts",6945,1571,137,6807,-2.47,-1.63,6.36,1.43,0.8,0.78,0.01,0.04,452.25,5.1,2984523.17,4.07
8176,"writingprompts",3691,867,163,3527,-2.41,-1.58,6.38,1.27,0.83,0.83,0.01,0.06,394.7,4.85,2476367.45,3.69
8177,"writingprompts",6523,1470,279,6243,-2.88,-2.1,7.67,1.68,0.87,0.84,0,0.03,577.52,8.17,3742877.09,7.14
8178,"writingprompts",718,148,45,672,-2.69,-2,6.37,1.53,0.92,0.9,0,0.05,475.03,7.39,3331427.28,6.25
8179,"writingprompts",3930,879,92,3837,-2.76,-1.95,7.27,1.54,0.88,0.87,0,0.04,576.54,7.03,3919378.57,5.94
8180,"writingprompts",4122,861,154,3967,-3.28,-2.66,7.98,1.86,0.94,0.94,0,0.02,757.73,14.3,4936595.44,13.13
8181,"writingprompts",2401,514,117,2283,-2.96,-2.16,7.61,1.68,0.93,0.93,0,0.05,629.48,8.62,4246640.74,7.5
8182,"writingprompts",4924,1067,133,4790,-2.82,-1.99,7.55,1.48,0.83,0.78,0.01,0.04,627.56,7.32,4295815.42,6.13
8183,"writingprompts",2816,610,145,2670,-3.02,-2.34,7.52,1.71,0.89,0.88,0,0.02,678.28,10.33,4916166.58,9.11
8184,"writingprompts",2378,631,49,2328,-2.93,-1.92,9.7,1.87,0.94,0.93,0,0.01,771.35,6.82,5256458.62,5.82
8185,"writingprompts",2135,470,212,1922,-3.03,-2.14,7.89,1.71,0.9,0.91,0,0.02,601.03,8.5,3655830.31,7.39
8186,"writingprompts",3918,876,119,3798,-2.76,-1.78,8.73,1.54,0.81,0.78,0.01,0.05,703.43,5.93,4950247.67,4.9
8187,"writingprompts",1357,295,136,1220,-3.54,-2.6,10.35,1.89,0.91,0.89,0,0.03,1109.73,13.46,7728183.6,12.33
8188,"writingprompts",5040,1075,202,4837,-2.99,-2.19,8.66,1.73,0.92,0.93,0,0.02,726.63,8.94,4894422.39,7.88
8189,"writingprompts",1503,335,125,1377,-3.13,-2.2,9.47,1.78,0.96,0.96,0,0.01,837.76,9.03,6357260.23,7.97
8190,"writingprompts",3533,782,96,3436,-2.46,-1.76,6.05,1.5,0.9,0.9,0,0.03,368.38,5.81,2229412.11,4.77
8191,"writingprompts",892,187,113,778,-2.29,-1.63,4.62,1.28,0.93,0.89,0,0.01,222.3,5.1,1195241.18,4.05
8192,"writingprompts",1127,247,53,1073,-3.15,-2.41,9.38,2,0.72,0.75,0.02,0.03,800.54,11.13,4949407.37,10.02
8193,"writingprompts",3036,670,161,2874,-3.4,-2.76,7.65,1.7,0.92,0.91,0,0.01,726.74,15.88,4976952.84,14.5
8194,"writingprompts",3179,717,18,3160,-2.91,-2.14,7.34,1.61,0.9,0.87,0,0.03,603.61,8.5,4048653.97,7.25
8195,"writingprompts",1897,391,107,1789,-3.04,-2.29,7.51,1.51,0.93,0.94,0,0.02,652.81,9.87,4497170.38,8.62
8196,"writingprompts",4378,877,94,4283,-3.17,-2.3,8.74,1.81,0.9,0.88,0,0.01,794.26,9.97,5308587,8.83
8197,"writingprompts",7799,1706,101,7697,-2.79,-1.9,7.22,1.57,0.86,0.84,0,0.04,539.26,6.69,3578540.19,5.63
8198,"writingprompts",649,132,55,593,-2.56,-1.76,6.33,1.21,0.72,0.69,0.01,0.05,414.25,5.84,3055212.16,4.54
8199,"writingprompts",6082,1285,238,5843,-3.66,-2.82,9.8,1.86,0.92,0.91,0,0.02,1112.9,16.78,7861188.15,15.46
8200,"writingprompts",909,225,73,835,-3.24,-2.5,8.32,1.82,0.86,0.88,0.01,0.09,708.17,12.18,4717507.64,10.73
8201,"writingprompts",860,166,44,815,-3.62,-2.66,9.08,1.82,0.99,0.99,0,0.01,960.37,14.3,6571377.36,12.79
8202,"writingprompts",1682,336,159,1522,-3.29,-2.36,9.09,1.84,0.9,0.87,0,0.04,896.73,10.6,6093139.67,9.43
8203,"writingprompts",3299,680,277,3021,-3.02,-2.38,6.84,1.69,0.9,0.87,0,0.03,590.5,10.75,3941026.23,9.53
8204,"writingprompts",1545,341,85,1459,-2.85,-2.16,7.26,1.63,0.95,0.94,0,0.02,575.84,8.67,3715644.48,7.55
8205,"writingprompts",1783,401,79,1703,-3.28,-2.43,9.12,1.72,0.77,0.75,0,0.02,939.01,11.36,6494356.1,10.1
8206,"writingprompts",2748,588,223,2524,-3.03,-2.18,8.42,1.72,0.85,0.83,0,0.02,731.16,8.85,4938615.68,7.74
8207,"writingprompts",2245,506,77,2167,-2.97,-2.24,6.04,1.52,0.84,0.82,0,0.04,483.13,9.39,3005190.42,8.06
8208,"writingprompts",923,173,150,772,-3.05,-1.85,7.62,1.37,0.97,0.96,0,0.02,666.39,6.36,4391474.85,5.05
8209,"writingprompts",1921,438,18,1902,-3.53,-2.78,8.65,1.72,0.94,0.92,0,0.03,812.5,16.04,5461969.53,14.41
8210,"writingprompts",3406,715,156,3249,-3.14,-2.42,7.11,1.69,0.93,0.92,0,0.04,645.61,11.25,4032468.21,10.04
8211,"writingprompts",783,158,128,654,-3.54,-2.86,9.66,1.81,0.97,0.98,0,0.02,1013.41,17.46,7272145.98,16.02
8212,"writingprompts",5195,1150,45,5149,-3.15,-2.38,7.98,1.73,0.92,0.92,0,0.03,726.76,10.75,4996522.68,9.59
8213,"writingprompts",1064,223,169,894,-2.68,-2.17,5.65,1.52,0.85,0.81,0.01,0.02,349.62,8.76,2081780.78,7.65
8214,"writingprompts",5017,1201,136,4880,-2.69,-1.94,6.6,1.47,0.87,0.88,0,0.04,474.7,6.96,2984724.67,5.81
8215,"writingprompts",2603,615,138,2464,-2.71,-1.55,8.52,1.42,0.88,0.86,0.01,0.07,732.82,4.71,5076304.69,3.69
8216,"writingprompts",1578,316,180,1397,-2.78,-2.12,6.53,1.5,0.95,0.95,0,0.05,525.48,8.38,3615910.58,7.15
8217,"writingprompts",3153,639,111,3041,-2.81,-1.88,7.43,1.45,0.74,0.69,0.01,0.03,625,6.55,4278033.16,5.35
8218,"writingprompts",2626,544,70,2555,-2.95,-2.07,8.65,1.68,0.83,0.77,0.01,0.03,745.81,7.92,5282335.74,6.83
8219,"writingprompts",1819,411,48,1770,-3.24,-2.43,8.03,1.79,0.93,0.91,0,0.02,843.45,11.36,6043504.62,10.2
8220,"writingprompts",737,157,112,624,-3.03,-2.43,7.74,1.67,0.79,0.76,0.01,0.05,757.83,11.36,5475652.66,9.94
8221,"writingprompts",4551,968,66,4484,-2.84,-2.12,6.87,1.58,0.93,0.92,0,0.04,584.48,8.37,4128220.64,7.21
8222,"writingprompts",1651,396,45,1605,-2.58,-1.8,6.18,1.27,0.84,0.82,0,0.04,400.28,6.05,2661958.29,4.73
8223,"writingprompts",1974,420,112,1861,-2.86,-2.07,7.77,1.71,0.96,0.96,0,0.02,522.9,7.92,3583682.51,6.84
8224,"writingprompts",4773,1066,267,4505,-2.74,-2.1,6.87,1.5,0.85,0.83,0,0.05,528.56,8.21,3787487.27,7.01
8225,"writingprompts",8213,1863,174,8038,-2.72,-1.84,6.95,1.42,0.84,0.83,0,0.05,537.52,6.3,3720590.98,5.17
8226,"writingprompts",2502,670,73,2428,-3.3,-2.49,10.12,2.19,0.76,0.74,0.01,0.04,974.74,12,6650427.7,10.99
8227,"writingprompts",2093,451,274,1818,-2.28,-1.28,7.17,1.22,0.57,0.54,0.04,0.15,414.38,3.6,2895407.76,2.59
8228,"writingprompts",3588,915,69,3518,-2.59,-1.71,6.97,1.42,0.85,0.85,0.01,0.08,549.64,5.53,3908034.03,4.47
8229,"writingprompts",5074,1071,262,4811,-2.74,-1.95,6.82,1.47,0.84,0.81,0,0.03,502.58,7.03,3311051.94,5.84
8230,"writingprompts",4826,1045,170,4655,-3.31,-2.62,8.11,1.88,0.91,0.89,0,0.04,800.9,13.74,5470667.09,12.55
8231,"writingprompts",2536,594,120,2415,-2.78,-1.99,7.2,1.61,0.86,0.83,0.01,0.07,572.74,7.32,3984798.1,6.18
8232,"writingprompts",4149,824,283,3865,-3.24,-2.5,8.86,2,0.93,0.93,0,0.03,860.08,12.18,5778633.31,11.07
8233,"writingprompts",5155,1114,132,5022,-2.96,-2.16,8.09,1.66,0.88,0.86,0,0.01,711.71,8.72,4905833.99,7.56
8234,"writingprompts",3258,785,25,3232,-2.92,-2.16,6.86,1.55,0.85,0.84,0,0.01,587.37,8.67,4062095.3,7.44
8235,"writingprompts",2934,642,64,2869,-2.84,-1.9,7.47,1.5,0.91,0.9,0,0.01,601.27,6.66,4073393.11,5.54
8236,"writingprompts",1389,286,152,1236,-3.5,-2.68,10.34,2.01,0.89,0.91,0.01,0.06,1077.99,14.52,7489714.48,13.39
8237,"writingprompts",2164,446,101,2062,-3.3,-2.42,9.52,1.68,0.93,0.93,0,0.03,969.52,11.19,6913089.22,9.94
8238,"writingprompts",2118,451,220,1897,-3.38,-2.55,8.98,1.73,0.97,0.97,0,0.02,966.5,12.81,6802308.09,11.53
8239,"writingprompts",2846,764,63,2782,-2.14,-1.36,5.22,1.24,0.69,0.68,0.01,0.01,320.07,3.9,2198286.23,2.88
8240,"writingprompts",3365,675,222,3142,-2.82,-2.02,7.13,1.6,0.91,0.89,0,0.01,587.46,7.54,3847571.95,6.42
8241,"writingprompts",2127,464,96,2030,-3.39,-2.58,8.56,1.7,0.86,0.86,0,0.02,828.88,13.14,5459864.17,11.88
8242,"writingprompts",1099,208,109,989,-2.76,-2.17,6.16,1.61,0.92,0.9,0,0.04,510.16,8.8,3588216.25,7.64
8243,"writingprompts",2337,485,149,2187,-2.69,-1.85,7.19,1.52,0.93,0.92,0,0.05,565.24,6.36,3876592.85,5.21
8244,"writingprompts",1065,205,173,891,-3.31,-2.43,8.5,1.86,0.99,0.98,0,0.01,842.22,11.36,5468984.34,10.31
8245,"writingprompts",2262,528,120,2141,-2.67,-2.02,6.37,1.52,0.81,0.8,0,0.03,493.48,7.58,3408812.53,6.41
8246,"writingprompts",1520,372,100,1419,-2.5,-1.65,7,1.27,0.81,0.77,0.01,0.02,446.68,5.24,3069239.19,4.12
8247,"writingprompts",850,165,89,760,-3.83,-3.29,8.41,2.14,0.96,0.96,0,0.02,940.67,26.84,6057721.73,25.63
8248,"writingprompts",3348,756,195,3152,-3,-2.16,7.71,1.66,0.82,0.78,0.01,0.02,671.4,8.67,4631827.58,7.52
8249,"writingprompts",1244,270,163,1080,-3.52,-2.72,9.63,1.67,0.95,0.96,0,0.04,892,15.11,6527737.33,13.79
8250,"writingprompts",1975,433,87,1887,-3.07,-2.24,7.92,1.66,0.84,0.83,0,0.02,719.2,9.39,4549312.98,8.08
8251,"writingprompts",4075,916,45,4029,-3.02,-2.26,7.99,1.7,0.85,0.82,0,0.02,676.96,9.54,4693179.1,8.43
8252,"writingprompts",730,159,28,701,-3.8,-2.96,10.15,2.14,0.98,1,0,0,1074.33,19.3,7608381.32,18.19
8253,"writingprompts",718,166,44,673,-4.32,-3.38,10.39,1.96,0.95,0.94,0,0.05,1418.7,29.52,8748137.59,28.1
8254,"writingprompts",3059,651,82,2976,-2.8,-1.9,7.83,1.61,0.89,0.85,0,0.02,643.44,6.69,4174667.43,5.6
8255,"writingprompts",2716,690,37,2678,-2.34,-1.54,5.87,1.32,0.77,0.73,0.01,0.04,367.3,4.64,2542966.18,3.61
8256,"writingprompts",1017,197,87,929,-2.81,-2.18,7.19,1.65,0.92,0.92,0,0.03,541.69,8.85,3908037.49,7.65
8257,"writingprompts",1146,251,12,1133,-3.18,-2.03,8.77,1.59,0.93,0.91,0,0.01,841.63,7.61,5664478.06,6.55
8258,"writingprompts",2479,576,118,2360,-2.65,-1.69,7.23,1.3,0.89,0.9,0,0.06,510.48,5.44,3486536.45,4.33
8259,"writingprompts",2124,446,124,1999,-2.78,-1.92,7.9,1.54,0.89,0.87,0,0.02,674.31,6.78,4569262.48,5.67
8260,"writingprompts",2701,603,145,2555,-3.07,-2.36,8,1.73,0.93,0.96,0,0.03,718.11,10.59,5157396.28,9.36
8261,"writingprompts",2416,553,229,2186,-3.04,-2.05,8.62,1.56,0.89,0.88,0,0.07,760.6,7.77,5472568.68,6.63
8262,"writingprompts",3676,848,80,3595,-2.74,-1.92,7.55,1.59,0.84,0.84,0.01,0.09,601.68,6.86,4204056.58,5.77
8263,"writingprompts",1962,431,112,1849,-3.2,-2.45,8.04,1.69,0.9,0.9,0.01,0.03,711.06,11.59,4614001.66,10.33
8264,"writingprompts",7392,1653,99,7292,-2.93,-2.21,7.25,1.62,0.85,0.83,0,0.03,593.8,9.12,4129411.73,7.91
8265,"writingprompts",3005,638,74,2930,-3.01,-2,8.64,1.6,0.94,0.93,0,0.01,835.09,7.43,5765846.01,6.36
8266,"writingprompts",1967,446,30,1936,-2.83,-1.92,7.69,1.56,0.88,0.84,0.01,0.05,600.75,6.78,4208954.2,5.69
8267,"writingprompts",2774,585,184,2589,-2.64,-1.96,5.75,1.49,0.94,0.94,0,0.02,416.63,7.1,2471812.33,5.97
8268,"writingprompts",1784,342,245,1538,-2.53,-1.89,5.35,1.33,0.92,0.92,0,0.01,355.8,6.62,2300769.05,5.4
8269,"writingprompts",4198,971,153,4044,-3.15,-2.36,8.45,1.83,0.88,0.87,0,0.05,711.05,10.59,4699723.07,9.48
8270,"writingprompts",6941,1634,173,6767,-2.41,-1.71,5.45,1.31,0.79,0.76,0.01,0.04,316.37,5.53,2027946.17,4.36
8271,"writingprompts",1647,342,96,1550,-3.48,-2.59,9.91,1.81,0.96,0.97,0,0.03,1026.22,13.33,7205926.49,12.12
8272,"writingprompts",5172,1149,116,5055,-3.12,-2.42,7.57,1.67,0.92,0.9,0,0.02,659.54,11.25,4459052.19,10.08
8273,"writingprompts",5361,1274,44,5316,-2.58,-1.74,6.82,1.41,0.83,0.8,0,0.03,497.83,5.67,3405110.82,4.59
8274,"writingprompts",1123,239,96,1026,-3.77,-3.11,10,1.85,0.99,0.99,0,0.01,986.37,22.42,6961951.41,20.88
8275,"writingprompts",2814,676,106,2707,-2.72,-1.93,6.87,1.54,0.77,0.8,0.02,0.02,506.58,6.89,3265157.21,5.78
8276,"writingprompts",1380,289,176,1203,-3.07,-2.44,6.87,1.71,0.92,0.92,0,0.04,605.07,11.47,3992435.46,10.24
8277,"writingprompts",2665,577,78,2586,-2.81,-1.96,7.87,1.5,0.88,0.88,0.01,0.07,613.03,7.1,4294852.95,5.97
8278,"writingprompts",3920,912,23,3896,-3.07,-2.3,8.05,1.78,0.89,0.87,0,0.04,643.99,9.97,4081496.63,8.83
8279,"writingprompts",9085,2052,26,9058,-2.74,-1.87,7.14,1.43,0.85,0.83,0,0.04,561.93,6.49,3858576.69,5.33
8280,"writingprompts",4478,1022,173,4304,-2.7,-1.92,7.29,1.47,0.91,0.91,0,0.06,570.92,6.82,4090706,5.68
8281,"writingprompts",8620,1921,216,8403,-2.67,-1.82,6.85,1.52,0.83,0.82,0.01,0.06,519.25,6.17,3519257.4,5.13
8282,"writingprompts",1384,275,159,1224,-2.9,-2.36,6.23,1.66,0.95,0.95,0,0.04,439.56,10.59,2891073.91,9.44
8283,"writingprompts",806,161,70,735,-2.9,-2.26,6.16,1.58,0.92,0.92,0,0.01,430.78,9.58,2695340.9,8.42
8284,"writingprompts",1226,232,194,1031,-3.52,-2.74,9.01,1.76,0.98,0.98,0,0.01,892.52,15.5,6210564.65,14.12
8285,"writingprompts",2276,452,206,2069,-2.91,-2.2,6.8,1.48,0.9,0.89,0,0.02,485.49,8.98,2934009.81,7.73
8286,"writingprompts",1789,350,31,1757,-4.03,-3.28,9.79,2.18,0.98,0.98,0,0.02,1225.37,26.58,8104918.88,24.93
8287,"writingprompts",982,204,37,944,-2.8,-2.24,6.38,1.59,0.93,0.92,0,0.02,447.66,9.44,2882637.22,8.35
8288,"writingprompts",3742,908,64,3677,-2.91,-1.94,8.73,1.66,0.78,0.72,0.01,0.02,736.89,6.96,5086536.71,5.93
8289,"writingprompts",4710,1134,143,4566,-2.82,-1.96,7.09,1.52,0.85,0.84,0.01,0.08,532.82,7.1,3569793.02,5.97
8290,"writingprompts",1008,216,106,901,-3.33,-2.48,9.16,1.72,0.95,0.94,0,0.01,933.44,11.94,6848933.67,10.87
8291,"writingprompts",2216,451,104,2111,-3.23,-2.38,7.46,1.65,0.92,0.9,0,0.02,618.03,10.8,3906612.61,9.55
8292,"writingprompts",3770,964,128,3641,-2.58,-1.72,7.2,1.39,0.69,0.66,0.01,0.03,520.68,5.61,3762476.19,4.5
8293,"writingprompts",3594,876,167,3426,-2.87,-2.04,7.44,1.62,0.89,0.9,0,0.06,602.06,7.65,4032348.33,6.51
8294,"writingprompts",6411,1271,49,6361,-3.21,-2.31,8.34,1.8,0.91,0.89,0,0,777.69,10.07,5163201.95,8.98
8295,"writingprompts",2299,474,277,2021,-2.47,-1.58,6.96,1.44,0.8,0.84,0.02,0.03,496.7,4.88,3582005.43,3.84
8296,"writingprompts",3171,697,160,3010,-2.95,-2.17,7.35,1.52,0.9,0.88,0,0.02,614.23,8.76,4197281.22,7.41
8297,"writingprompts",5229,1298,107,5121,-2.36,-1.55,6.33,1.34,0.8,0.79,0.01,0.05,397.03,4.71,2661472.09,3.69
8298,"writingprompts",5111,1240,129,4981,-2.77,-2,7.1,1.65,0.87,0.86,0,0.04,532.56,7.36,3416499.17,6.32
8299,"writingprompts",4285,927,142,4142,-2.29,-1.54,5.24,1.24,0.84,0.83,0.01,0.07,309.17,4.66,1967882.43,3.55
8300,"writingprompts",2505,530,198,2306,-2.87,-1.98,7.65,1.5,0.79,0.72,0.01,0.04,665.99,7.28,4826509.86,6.08
8301,"writingprompts",1972,454,94,1877,-3.76,-2.96,9.66,2.06,0.97,0.97,0,0.02,1065.15,19.4,6875622.87,18.18
8302,"writingprompts",1961,386,299,1661,-3.06,-2.2,8.31,1.63,0.9,0.88,0,0.05,682.4,9.03,5033713.61,7.84
8303,"writingprompts",1521,311,93,1427,-2.96,-2.17,8.19,1.94,0.72,0.81,0.05,0.19,597.38,8.76,3810800.16,7.72
8304,"writingprompts",3163,785,45,3117,-2.58,-1.63,8.23,1.35,0.82,0.8,0,0.04,651.84,5.1,4777288.5,4.05
8305,"writingprompts",4155,857,239,3915,-2.77,-1.82,8.42,1.53,0.82,0.82,0,0.05,656.54,6.17,4842840.72,5.06
8306,"writingprompts",2783,608,36,2746,-2.79,-2.05,6.79,1.55,0.87,0.85,0,0.01,515.02,7.77,3351048.89,6.52
8307,"writingprompts",2492,539,159,2332,-2.47,-1.8,6.05,1.36,0.85,0.84,0,0.01,344.34,6.05,2280270.28,4.85
8308,"writingprompts",1442,280,179,1262,-3.07,-2.07,9.3,1.78,0.91,0.97,0.01,0.02,845.02,7.92,6028031.77,6.86
8309,"writingprompts",2494,523,165,2328,-2.68,-1.92,6.23,1.41,0.89,0.89,0,0.01,497.47,6.82,3435532.43,5.59
8310,"writingprompts",1652,378,27,1624,-3.05,-2.26,7.86,1.62,0.96,0.96,0,0.03,706.01,9.63,4625859.9,8.52
8311,"writingprompts",860,179,183,676,-2.86,-2.05,6.02,1.45,0.85,0.82,0.01,0.06,358.64,7.77,1908011.65,6.6
8312,"writingprompts",9323,2027,163,9159,-2.59,-1.84,6.34,1.47,0.87,0.86,0,0.04,432.36,6.3,2823305.26,5.24
8313,"writingprompts",1929,440,104,1824,-2.4,-1.6,5.68,1.18,0.88,0.85,0,0.04,372.02,4.92,2354563.47,3.72
8314,"writingprompts",5949,1384,90,5858,-2.26,-1.43,5.68,1.25,0.82,0.8,0.01,0.06,322.69,4.18,1995273.15,3.15
8315,"writingprompts",3146,684,78,3067,-2.85,-1.81,7.97,1.53,0.9,0.87,0,0.03,640.07,6.08,4098336.95,4.98
8316,"writingprompts",3746,818,154,3591,-2.88,-2.03,7.58,1.6,0.9,0.89,0,0.02,619.29,7.61,4208115.73,6.44
8317,"writingprompts",2415,557,131,2283,-2.71,-2.01,6.3,1.3,0.83,0.81,0.01,0.06,474.1,7.46,3202181,6.2
8318,"writingprompts",4165,973,12,4152,-2.66,-1.93,6.64,1.55,0.84,0.83,0,0.01,497.97,6.89,3266933.94,5.84
8319,"writingprompts",2038,448,49,1988,-3.38,-2.76,8.05,1.94,0.96,0.97,0,0.03,854.14,15.88,5450955.22,14.48
8320,"writingprompts",1712,397,13,1698,-3.08,-2.05,9.18,1.65,0.97,0.97,0,0.01,815.02,7.77,5697358.74,6.73
8321,"writingprompts",2202,476,171,2030,-2.95,-2.33,6.73,1.61,0.93,0.91,0,0.02,525.18,10.28,3465369.91,8.99
8322,"writingprompts",8041,1815,180,7860,-2.7,-1.95,6.55,1.46,0.81,0.81,0,0.04,479.66,7.03,3174168.99,5.84
8323,"writingprompts",5790,1209,170,5619,-3.45,-2.71,8.7,1.81,0.91,0.9,0,0.02,889.94,15.03,6293941.07,13.73
8324,"writingprompts",2784,623,14,2769,-3.45,-2.67,8.72,1.82,0.88,0.88,0,0.03,912.89,14.44,6171724.3,13.02
8325,"writingprompts",1575,365,62,1512,-2.46,-1.73,6.24,1.36,0.92,0.91,0,0.01,342.71,5.64,2056984.86,4.55
8326,"writingprompts",1163,208,227,935,-3.31,-2.79,8.03,1.84,0.98,0.98,0,0.02,625.72,16.28,3762595.35,15.23
8327,"writingprompts",3954,880,77,3876,-2.74,-1.76,7.86,1.4,0.84,0.83,0,0.05,658.13,5.84,4652661.06,4.65
8328,"writingprompts",3323,695,189,3133,-2.48,-1.68,5.91,1.33,0.89,0.9,0,0.04,394.68,5.37,2620562.25,4.31
8329,"writingprompts",1626,392,46,1579,-2.56,-1.74,6.21,1.42,0.73,0.72,0.02,0.04,365.71,5.66,2291897.7,4.58
8330,"writingprompts",1650,306,208,1441,-3.51,-2.74,8.86,1.89,0.92,0.91,0,0.01,1039.22,15.49,7082830.7,14.25
8331,"writingprompts",3431,760,212,3218,-2.91,-2,7.66,1.56,0.92,0.93,0,0.03,621.75,7.39,4149354.27,6.23
8332,"writingprompts",1462,305,73,1388,-2.89,-2.03,7.93,1.47,0.94,0.93,0,0.01,693.1,7.61,4997286.37,6.48
8333,"writingprompts",5666,1315,250,5415,-2.93,-2.19,7.69,1.68,0.84,0.83,0,0.02,597.36,8.94,4111596.15,7.82
8334,"writingprompts",1783,387,195,1587,-2.8,-2.06,6.42,1.55,0.92,0.93,0,0.04,489.92,7.85,3103923.92,6.6
8335,"writingprompts",2807,677,248,2558,-2.47,-1.65,6.11,1.45,0.91,0.91,0.01,0.06,405.3,5.21,2660031.53,4.18
8336,"writingprompts",8461,2101,20,8440,-2.55,-1.76,6.8,1.49,0.78,0.75,0.01,0.04,494.6,5.81,3297168.04,4.77
8337,"writingprompts",3458,759,75,3382,-2.86,-1.84,9.13,1.69,0.88,0.87,0,0.02,751.23,6.3,5416667.65,5.29
8338,"writingprompts",3934,887,141,3792,-2.8,-1.95,7.96,1.73,0.81,0.82,0,0.01,623.83,7.03,4331562.73,6.01
8339,"writingprompts",9780,2333,190,9589,-2.56,-1.74,6.6,1.37,0.72,0.71,0.01,0.07,459.56,5.7,3058896.56,4.53
8340,"writingprompts",3720,831,203,3516,-2.61,-1.77,6.72,1.36,0.89,0.88,0,0.02,511.86,5.87,3531074.94,4.75
8341,"writingprompts",10569,2526,53,10515,-2.66,-1.92,6.27,1.47,0.82,0.8,0,0.04,438.15,6.82,2844627.22,5.67
8342,"writingprompts",4666,1103,82,4583,-3.2,-2.31,8.61,1.7,0.9,0.87,0,0.03,869.87,10.07,6039079.24,8.91
8343,"writingprompts",6000,1330,120,5879,-3.17,-2.38,8.41,1.75,0.91,0.87,0,0.02,776.66,10.75,5249958.33,9.63
8344,"writingprompts",2342,491,120,2221,-3.16,-2.61,6.91,1.64,0.92,0.92,0,0.05,559.28,13.6,3444312.39,12.25
8345,"writingprompts",8622,2016,95,8526,-3.16,-2.38,7.89,1.71,0.87,0.86,0,0.06,691.16,10.8,4645241.86,9.62
8346,"writingprompts",2728,554,289,2438,-3.05,-2.26,7.42,1.65,0.95,0.94,0,0.03,644.21,9.58,4139441.62,8.38
8347,"writingprompts",3945,738,283,3661,-3.13,-2.34,7.48,1.65,0.92,0.92,0,0.02,676.61,10.44,4430893.05,9.2
8348,"writingprompts",5118,1060,251,4866,-2.96,-2.18,7.52,1.68,0.85,0.85,0.01,0.06,629.84,8.9,4337601.81,7.71
8349,"writingprompts",3779,815,18,3760,-2.47,-1.67,6.57,1.28,0.8,0.8,0.01,0.07,444.31,5.31,3149099.5,4.16
8350,"writingprompts",2137,490,44,2092,-2.58,-1.91,5.88,1.38,0.88,0.88,0,0.04,455.84,6.75,3155438.29,5.55
8351,"writingprompts",1688,402,102,1585,-2.88,-2.23,7,1.49,0.93,0.91,0,0.05,583.1,9.3,3882324.17,8.11
8352,"writingprompts",2118,469,88,2029,-2.76,-1.99,7.12,1.49,0.89,0.88,0,0.03,601.64,7.32,4449728.83,6.18
8353,"writingprompts",828,169,118,709,-2.88,-2.18,7.23,1.54,0.97,0.97,0,0.01,654.65,8.85,4791996.08,7.68
8354,"writingprompts",847,155,157,689,-3.59,-2.61,8.75,1.81,0.99,0.99,0,0.01,941.82,13.6,6141817.81,12.56
8355,"writingprompts",862,185,84,777,-2.88,-1.95,8.55,1.43,0.86,0.86,0,0.02,899.7,7.03,6887156.8,5.95
8356,"writingprompts",904,179,91,812,-2.84,-1.92,8.08,1.74,0.76,0.74,0.01,0.05,660.01,6.82,4942877.24,5.78
8357,"writingprompts",3369,771,204,3164,-3.34,-2.34,9.71,1.91,0.9,0.9,0,0.05,1006.78,10.38,7076634.52,9.33
8358,"writingprompts",6001,1320,247,5753,-2.54,-1.6,7.41,1.32,0.85,0.85,0,0.02,561.7,4.93,4110357.2,3.85
8359,"writingprompts",10453,2489,67,10385,-2.44,-1.71,5.5,1.27,0.69,0.62,0.01,0.04,348.43,5.53,2199107.34,4.38
8360,"writingprompts",6011,1388,36,5974,-2.9,-2.2,6.84,1.55,0.88,0.88,0,0.05,569.93,9.07,3997396.29,7.85
8361,"writingprompts",1325,302,84,1240,-3.56,-2.78,10.55,2.18,0.96,0.96,0,0.01,946.24,16.12,6241261.57,15.05
8362,"writingprompts",4212,990,118,4093,-2.49,-1.76,5.67,1.3,0.8,0.8,0.01,0.07,380.59,5.78,2389244.14,4.56
8363,"writingprompts",2236,492,53,2182,-2.71,-1.98,5.85,1.34,0.89,0.88,0,0.01,405.67,7.2,2633209.65,5.87
8364,"writingprompts",2764,538,207,2556,-3.52,-2.72,8.8,1.83,0.93,0.93,0,0.01,941.61,15.1,6455022.39,13.84
8365,"writingprompts",3034,654,66,2967,-3.08,-2.01,10.19,1.78,0.94,0.94,0,0.02,921.35,7.46,6586228.83,6.44
8366,"writingprompts",1837,455,191,1645,-3.53,-2.97,9.2,1.96,0.96,0.96,0,0.01,868.89,19.49,5835630.93,18.28
8367,"writingprompts",1228,271,51,1176,-3.51,-2.75,8.45,1.85,0.94,0.93,0,0.01,868.68,15.64,5574629.76,14.36
8368,"writingprompts",883,158,164,718,-3.32,-2.82,6.76,1.65,0.95,0.95,0,0.01,654.61,16.8,4703959.4,15.11
8369,"writingprompts",3710,870,212,3497,-2.72,-1.86,7.23,1.48,0.8,0.77,0,0.03,610.77,6.43,4411300.01,5.3
8370,"writingprompts",1618,328,187,1430,-3.51,-2.54,10.44,1.89,0.97,0.98,0,0.02,1054.6,12.62,7657094.04,11.48
8371,"writingprompts",2885,573,239,2645,-3.96,-3.3,11.47,2.29,0.96,0.95,0,0.01,1241.79,27.11,8479567.68,25.92
8372,"writingprompts",2119,471,62,2056,-3.41,-2.63,8.93,1.83,0.92,0.92,0,0.01,914.08,13.87,6217477.41,12.67
8373,"writingprompts",3541,698,163,3377,-3.25,-2.4,8.39,1.9,0.86,0.85,0,0.06,805.06,11.02,5115896.2,9.9
8374,"writingprompts",1086,197,136,949,-3.17,-2.32,8.68,1.67,0.95,0.96,0,0.01,880.66,10.18,5811532.39,8.95
8375,"writingprompts",3527,753,86,3440,-3.15,-2.35,8.28,1.86,0.93,0.94,0,0.05,714.52,10.49,4532053.41,9.41
8376,"writingprompts",1601,334,75,1525,-3.04,-2.24,6.89,1.44,0.97,0.98,0,0.02,604.63,9.39,3877985.69,8.14
8377,"writingprompts",4616,902,242,4373,-3.08,-2.26,8.43,1.7,0.87,0.87,0,0.04,840.5,9.58,6049124.09,8.45
8378,"writingprompts",987,194,93,893,-2.91,-2.1,6.96,1.24,0.8,0.77,0.01,0.03,602.89,8.21,4596127.64,6.68
8379,"writingprompts",3776,819,55,3720,-2.88,-2.18,6.8,1.62,0.91,0.92,0,0.05,550.88,8.85,3870795.48,7.62
8380,"writingprompts",1851,397,112,1738,-2.76,-1.9,7.35,1.47,0.89,0.88,0,0.02,576.51,6.69,3789865.24,5.58
8381,"writingprompts",3981,817,140,3840,-2.97,-2.18,8.15,1.76,0.9,0.9,0,0.03,691.2,8.85,4873819.23,7.76
8382,"writingprompts",3203,667,165,3037,-3.13,-2.53,7.62,1.64,0.91,0.9,0,0.01,641.28,12.55,4370419.18,11.23
8383,"writingprompts",1798,408,118,1679,-3.1,-2.24,8.44,1.77,0.9,0.89,0,0.04,771.48,9.4,5482054.79,8.25
8384,"writingprompts",2193,487,34,2158,-3.54,-2.78,9.27,2.08,0.85,0.84,0,0.02,1060.39,16.12,7259873.13,14.97
8385,"writingprompts",3429,727,202,3226,-3.1,-2.2,8.16,1.69,0.88,0.88,0,0.07,775.43,9.03,5197726.58,7.84
8386,"writingprompts",9866,2457,55,9810,-2.75,-1.93,7.15,1.53,0.74,0.7,0.01,0.03,554.79,6.89,3632518.55,5.76
8387,"writingprompts",925,193,65,859,-3.14,-2.43,7.99,1.93,0.9,0.89,0,0.04,622.81,11.36,4368214.19,10.11
8388,"writingprompts",2353,466,133,2219,-3.08,-2.37,7.63,1.67,0.91,0.88,0,0.01,617.05,10.7,4067155.72,9.41
8389,"writingprompts",3882,857,111,3770,-2.91,-2.14,7.55,1.67,0.89,0.87,0,0.04,568.5,8.5,3402652.18,7.33
8390,"writingprompts",6354,1290,198,6155,-3.33,-2.56,8.71,1.84,0.93,0.92,0,0.02,856.12,12.94,5823036.96,11.83
8391,"writingprompts",1665,391,48,1616,-2.95,-2.03,7.26,1.47,0.93,0.93,0,0.04,655.11,7.61,4360202.14,6.36
8392,"writingprompts",10084,2239,52,10031,-2.88,-2.12,7.51,1.61,0.82,0.81,0,0.05,621.02,8.33,4163499.36,7.19
8393,"writingprompts",4903,1123,40,4862,-2.43,-1.72,5.81,1.35,0.84,0.83,0,0.04,338.01,5.58,2039778.91,4.42
8394,"writingprompts",1465,277,195,1269,-3.21,-2.51,7.84,1.88,0.92,0.89,0,0.01,679.01,12.3,4424879.6,11.11
8395,"writingprompts",1888,421,82,1805,-2.85,-1.97,7.99,1.54,0.95,0.95,0,0.03,667.94,7.17,4790288.92,6.03
8396,"writingprompts",4919,1296,59,4859,-2.3,-1.47,6.64,1.28,0.79,0.83,0.01,0.04,436.11,4.35,3017830.19,3.32
8397,"writingprompts",1037,227,67,969,-2.87,-1.9,7.78,1.38,0.96,0.97,0,0.03,725.1,6.69,4986161.86,5.6
8398,"writingprompts",1346,279,158,1187,-3.02,-2.23,7.09,1.75,0.96,0.96,0,0.02,596.98,9.3,4119567.86,8.16
8399,"writingprompts",1347,255,178,1168,-3.2,-2.51,7.03,1.62,0.96,0.96,0,0.02,619.43,12.3,4395828.61,11.03
8400,"writingprompts",1599,383,45,1553,-2.87,-2.18,7.08,1.58,0.93,0.93,0,0.02,517.68,8.85,3351231.2,7.72
8401,"writingprompts",1404,289,195,1208,-2.94,-2.15,7.45,1.56,0.88,0.85,0,0.01,667.51,8.58,4537886.22,7.26
8402,"writingprompts",5074,1062,168,4905,-2.8,-2.05,7.05,1.65,0.87,0.86,0,0.05,543.55,7.81,3608107.63,6.74
8403,"writingprompts",3303,716,51,3251,-3.03,-2.2,7.4,1.54,0.87,0.86,0,0.03,640.95,8.98,4146754.7,7.59
8404,"writingprompts",1819,428,85,1733,-2.59,-1.66,7.21,1.49,0.85,0.78,0.01,0.04,574.3,5.26,4032711.08,4.23
8405,"writingprompts",4050,826,50,3999,-2.71,-1.94,6.42,1.51,0.84,0.81,0.01,0.04,494.06,6.92,3326057.11,5.73
8406,"writingprompts",6574,1455,148,6425,-2.85,-2.12,7.09,1.6,0.83,0.81,0,0.04,562.7,8.33,3921505.09,7.14
8407,"writingprompts",3978,902,196,3781,-2.82,-2.08,6.63,1.59,0.78,0.74,0.01,0.05,470.37,8,3033249.89,6.83
8408,"writingprompts",1111,278,81,1029,-2.56,-1.44,8.06,1.34,0.5,0.46,0.02,0.04,639.83,4.24,4474503.66,3.22
8409,"writingprompts",2240,499,202,2037,-2.5,-1.61,7.13,1.38,0.83,0.79,0.01,0.03,486.09,5,3243278.28,3.96
8410,"writingprompts",2358,482,39,2318,-2.88,-1.96,7.1,1.43,0.85,0.84,0,0.01,575.7,7.1,3770518.39,5.85
8411,"writingprompts",7075,1667,233,6841,-2.75,-2.02,6.5,1.53,0.83,0.83,0.01,0.08,498.29,7.54,3402443.14,6.33
8412,"writingprompts",3817,792,82,3734,-2.99,-2.1,7.8,1.6,0.93,0.92,0,0.03,676.66,8.21,4554650.69,7.01
8413,"writingprompts",4773,1017,221,4551,-2.58,-1.78,6.12,1.33,0.86,0.87,0.01,0.08,398.1,5.93,2554292.51,4.76
8414,"writingprompts",3370,760,97,3272,-2.83,-2.04,7.28,1.47,0.88,0.88,0,0.01,583.49,7.69,3990492.64,6.49
8415,"writingprompts",2330,519,29,2300,-3.25,-2.62,7.76,1.86,0.93,0.92,0,0.04,688.95,13.74,4395641.21,12.44
8416,"writingprompts",2568,553,72,2495,-3.11,-2.29,7.89,1.64,0.92,0.93,0,0.04,708.89,9.87,4494004.89,8.68
8417,"writingprompts",1761,354,249,1511,-3.16,-2.45,7.46,1.73,0.94,0.93,0,0.02,763.77,11.59,5343790.43,10.21
8418,"writingprompts",3310,724,97,3212,-3.21,-2.49,8.4,1.77,0.92,0.92,0,0.02,751.81,12,5095865.32,10.8
8419,"writingprompts",1994,406,172,1821,-3.56,-2.78,9.39,1.97,0.94,0.93,0,0.01,993.6,16.04,6501054.92,14.91
8420,"writingprompts",982,200,132,849,-3,-1.91,8.27,1.58,0.94,0.95,0,0.03,797.67,6.76,5373292.72,5.59
8421,"writingprompts",2631,608,50,2580,-2.95,-2.22,6.45,1.59,0.91,0.89,0,0.02,537.09,9.21,3548717.43,8.01
8422,"writingprompts",1378,246,277,1100,-3.15,-2.2,9.51,1.72,0.91,0.9,0,0.02,932.28,9.07,7102960.72,7.89
8423,"writingprompts",4579,924,245,4333,-2.88,-2.14,7.53,1.68,0.86,0.84,0,0.05,634.87,8.5,4175730.76,7.36
8424,"writingprompts",3185,632,106,3078,-3.15,-2.42,7.01,1.52,0.91,0.9,0,0.01,626.57,11.24,4371270.1,9.82
8425,"writingprompts",2144,487,121,2022,-2.73,-1.98,6.9,1.58,0.76,0.69,0.01,0.02,535.51,7.24,3690248.91,6.18
8426,"writingprompts",4312,901,246,4065,-2.87,-2.07,7.39,1.64,0.87,0.85,0,0.03,565.17,7.92,3734189.12,6.81
8427,"writingprompts",4742,1069,37,4704,-2.83,-1.99,7.33,1.55,0.86,0.87,0,0.06,608.73,7.32,4387188.86,6.17
8428,"writingprompts",4553,1027,178,4374,-2.89,-2.13,7.38,1.58,0.82,0.8,0,0.03,570.17,8.41,3907814.58,7.2
8429,"writingprompts",2986,649,115,2870,-2.57,-1.72,6.61,1.34,0.86,0.83,0.01,0.05,450.74,5.58,3083729.34,4.49
8430,"writingprompts",866,151,203,662,-3.22,-2.34,9.67,1.7,0.96,0.97,0,0.03,765.61,10.38,5441772.51,9.13
8431,"writingprompts",986,200,151,834,-4.29,-3.86,9.09,2.13,0.94,0.95,0,0.02,1248.49,47.7,7755125.97,45.91
8432,"writingprompts",2901,626,72,2828,-2.86,-1.9,8.08,1.56,0.91,0.89,0,0.01,641.4,6.69,4523619.5,5.58
8433,"writingprompts",3246,679,159,3086,-2.55,-1.7,6.59,1.32,0.81,0.76,0.01,0.03,496.36,5.47,3452374.36,4.33
8434,"writingprompts",4883,1091,69,4813,-2.62,-1.91,6.01,1.31,0.83,0.82,0,0.01,457.02,6.75,3054551.31,5.45
8435,"writingprompts",1346,282,54,1291,-3.23,-2.4,8.14,1.67,0.94,0.93,0,0.02,817.44,11.02,5921634,9.72
8436,"writingprompts",5852,1368,152,5699,-3.39,-2.53,9.16,1.83,0.85,0.82,0,0.01,895.81,12.55,6314181.1,11.3
8437,"writingprompts",1679,386,88,1590,-2.74,-1.86,7.68,1.5,0.86,0.84,0.01,0.04,594.46,6.39,4193123.49,5.31
8438,"writingprompts",4472,1025,252,4219,-2.51,-1.56,6.75,1.29,0.84,0.83,0.01,0.05,468.62,4.76,3039285.81,3.67
8439,"writingprompts",3036,664,79,2956,-3.08,-2.3,8.05,1.82,0.95,0.94,0,0.01,708.41,9.97,4881699.87,8.84
8440,"writingprompts",2427,565,121,2305,-2.7,-1.91,7.18,1.42,0.89,0.87,0,0.02,552.91,6.75,3999778.55,5.58
8441,"writingprompts",665,135,103,561,-3.6,-3.21,8.16,1.99,0.97,0.96,0,0.01,825.17,24.78,5093805.92,23.3
8442,"writingprompts",9330,2131,134,9195,-2.59,-1.81,5.97,1.34,0.81,0.8,0.01,0.08,412.35,6.11,2665982.56,4.94
8443,"writingprompts",4570,1017,195,4374,-2.44,-1.75,5.4,1.37,0.73,0.72,0,0.03,317.05,5.75,1935037.9,4.59
8444,"writingprompts",1936,435,56,1879,-2.62,-1.78,6.74,1.37,0.83,0.77,0.01,0.03,543.43,5.93,3849454.98,4.71
8445,"writingprompts",2451,558,45,2405,-2.69,-2,6.28,1.31,0.91,0.9,0,0.06,489.6,7.42,3224610.69,6.1
8446,"writingprompts",4727,939,179,4547,-3.31,-2.53,8.38,1.81,0.9,0.89,0,0.01,810.28,12.55,5434929.34,11.3
8447,"writingprompts",1347,352,48,1298,-3.02,-2.25,8.9,1.79,0.96,0.96,0,0.04,752.91,9.48,5195777.07,8.39
8448,"writingprompts",6286,1365,152,6133,-2.71,-1.94,6.4,1.42,0.89,0.87,0,0.03,467.31,6.96,3025013.57,5.85
8449,"writingprompts",3059,641,245,2813,-2.3,-1.5,6.38,1.33,0.84,0.86,0.01,0.04,454.08,4.48,3283112.56,3.44
8450,"writingprompts",1368,281,106,1261,-3.87,-3.14,10.48,2.15,0.99,1,0,0,1226.47,23.1,8335157.73,21.65
8451,"writingprompts",1678,364,89,1588,-3.12,-2.46,8.01,1.77,0.94,0.93,0,0.01,783.84,11.64,5552736.9,10.46
8452,"writingprompts",2258,546,93,2164,-3.01,-2.12,8.52,1.66,0.85,0.85,0,0.03,666.68,8.29,4474446.05,7.09
8453,"writingprompts",2892,589,196,2695,-2.76,-2.07,6.64,1.51,0.88,0.87,0,0.04,449.84,7.92,3111636.63,6.66
8454,"writingprompts",1375,314,112,1262,-3.37,-2.72,7.5,1.83,0.97,0.96,0,0.02,663.81,15.1,4409542.57,13.96
8455,"writingprompts",3093,698,84,3008,-2.56,-1.67,6.48,1.34,0.86,0.85,0,0.03,412.46,5.34,2502584.98,4.25
8456,"writingprompts",2713,556,54,2658,-3.51,-2.86,8.81,2.02,0.94,0.94,0,0.01,933.32,17.38,6437377.87,16.17
8457,"writingprompts",2424,509,218,2205,-3.49,-2.59,9.04,1.98,0.93,0.93,0,0.02,931.59,13.33,6177606.48,12.2
8458,"writingprompts",1948,456,127,1820,-3.26,-2.25,9.28,1.66,0.85,0.87,0.01,0.05,909.79,9.48,6393252.95,8.21
8459,"writingprompts",4149,874,127,4021,-3.08,-2.21,8.04,1.64,0.86,0.87,0,0.02,711.24,9.12,4837024.62,7.92
8460,"writingprompts",588,126,42,545,-3.26,-2.3,8.52,1.74,0.96,0.97,0,0.01,919.57,9.93,6355413.33,8.77
8461,"writingprompts",1739,399,116,1622,-3.09,-2.46,7.56,1.83,0.92,0.94,0,0.06,639.04,11.7,4451650.28,10.55
8462,"writingprompts",614,132,34,579,-2.96,-2.26,8.14,1.65,0.95,0.98,0,0.02,696.66,9.54,4653794.66,8.36
8463,"writingprompts",1503,282,246,1256,-3.1,-2.16,8.97,1.7,0.91,0.88,0,0.03,887.79,8.62,6601323.35,7.44
8464,"writingprompts",2935,655,67,2867,-3.16,-2.59,7.92,1.79,0.95,0.96,0,0.03,721.65,13.33,4787986.52,12.18
8465,"writingprompts",5736,1131,196,5539,-3.26,-2.6,7.74,1.74,0.89,0.88,0,0.02,696.56,13.46,4529686.26,12.12
8466,"writingprompts",721,127,203,517,-3.34,-2.48,8.97,1.91,0.91,0.92,0,0.01,746.89,11.94,4996498.51,10.8
8467,"writingprompts",2225,480,50,2174,-3.27,-2.65,7.86,1.94,0.93,0.93,0,0.02,745.05,14.15,4987938.72,12.86
8468,"writingprompts",2045,452,65,1979,-3.1,-2.26,8.39,1.76,0.93,0.94,0,0.06,668.26,9.59,4620103.96,8.52
8469,"writingprompts",5094,1173,73,5020,-2.37,-1.46,6.66,1.28,0.68,0.67,0,0.02,463.06,4.31,3261288.46,3.27
8470,"writingprompts",1471,267,247,1223,-3.36,-2.65,8.94,1.85,0.95,0.95,0,0.02,1008.52,14.15,7261931.66,12.83
8471,"writingprompts",9937,2041,260,9676,-3.58,-2.96,8.41,1.89,0.9,0.89,0,0.02,909.74,19.3,6023651.57,18.05
8472,"writingprompts",1410,309,40,1369,-2.89,-2.23,6.48,1.54,0.94,0.94,0,0.03,504.81,9.3,2836785.7,8.03
8473,"writingprompts",1330,244,146,1183,-3.4,-2.64,9.33,1.83,0.97,0.98,0,0.01,956.21,14.08,6682727.02,12.79
8474,"writingprompts",1230,284,51,1178,-3.93,-3.26,9.9,2.32,0.93,0.92,0,0.01,1256.31,26.18,8358330.42,24.63
8475,"writingprompts",1231,265,120,1110,-2.83,-2.16,6.81,1.51,0.93,0.91,0,0.01,512.2,8.67,3413860.55,7.4
8476,"writingprompts",4002,921,166,3835,-2.87,-2.05,7.62,1.53,0.86,0.87,0,0.02,650.62,7.77,4362164.16,6.62
8477,"writingprompts",1539,387,198,1340,-2.94,-1.98,8.92,1.79,0.78,0.77,0.01,0.02,700.63,7.24,4604327.06,6.2
8478,"writingprompts",2849,570,242,2606,-3.21,-2.41,8.76,1.87,0.92,0.93,0,0.01,813.65,11.14,5595923.47,10.03
8479,"writingprompts",1081,229,161,919,-2.54,-1.45,8.03,1.22,0.89,0.89,0.01,0.06,565.5,4.26,4292951.89,3.2
8480,"writingprompts",1707,317,114,1592,-3.57,-2.75,8.91,1.77,0.96,0.96,0,0.03,898.75,15.64,6115519.36,14.43
8481,"writingprompts",5579,1165,62,5516,-3.33,-2.53,8,1.78,0.93,0.93,0,0.02,795.55,12.55,5421695.27,11.33
8482,"writingprompts",2940,669,156,2783,-2.46,-1.63,6.8,1.34,0.8,0.76,0.01,0.05,461.08,5.1,3233180.97,4.02
8483,"writingprompts",976,220,133,842,-3.21,-2.49,8.78,1.82,0.97,0.96,0,0.02,872.47,12.06,5592885.56,10.78
8484,"writingprompts",2445,545,150,2294,-2.72,-2.01,6.19,1.45,0.88,0.85,0,0.04,419.22,7.46,2849599.88,6.23
8485,"writingprompts",2340,529,13,2326,-2.9,-2.12,6.58,1.51,0.9,0.89,0,0.05,555.46,8.33,3669545.56,7.1
8486,"writingprompts",734,165,44,689,-2.89,-2.25,7.19,1.62,0.9,0.9,0,0.03,609.93,9.49,4000688.04,8.29
8487,"writingprompts",573,120,74,498,-2.38,-1.97,5.32,1.35,0.98,0.97,0,0.01,325.84,7.18,2357224.35,6.09
8488,"writingprompts",1977,398,194,1782,-3.05,-2.33,6.64,1.6,0.95,0.95,0,0.02,512.66,10.28,2622273.42,8.97
8489,"writingprompts",1518,335,75,1442,-3.04,-2.51,6.42,1.68,0.91,0.92,0,0.04,481.49,12.3,3126614.87,10.91
8490,"writingprompts",1497,333,106,1390,-3.4,-2.56,8.72,1.88,0.95,0.94,0,0.02,826.98,12.94,5265224.81,11.77
8491,"writingprompts",3413,886,117,3295,-2.74,-1.94,7.41,1.6,0.88,0.92,0.01,0.07,546.85,6.92,3714762.84,5.89
8492,"writingprompts",2526,518,124,2401,-2.87,-2.02,7.69,1.55,0.87,0.84,0,0.01,659.24,7.58,4712317.26,6.44
8493,"writingprompts",2214,518,57,2156,-2.6,-1.74,7.3,1.5,0.66,0.64,0.02,0.03,554.36,5.7,3609008.42,4.66
8494,"writingprompts",2701,604,145,2555,-3.04,-2.33,7.58,1.73,0.9,0.88,0,0.03,641.37,10.28,4452706.45,9.12
8495,"writingprompts",4122,850,149,3972,-2.75,-1.98,7.44,1.52,0.9,0.87,0,0.02,618.18,7.24,4313977.92,6.09
8496,"writingprompts",2937,709,97,2839,-2.53,-1.69,6.95,1.41,0.82,0.8,0,0.02,501.67,5.42,3395553.34,4.39
8497,"writingprompts",1373,237,292,1080,-3.73,-2.87,9.24,1.91,0.96,0.97,0,0.03,1091.41,17.64,7329762.58,16.01
8498,"writingprompts",12199,2786,246,11952,-2.71,-1.99,6.66,1.48,0.77,0.75,0.01,0.04,485.49,7.32,3393340.19,6.13
8499,"writingprompts",813,146,198,614,-4.58,-4.39,10.49,2.54,0.96,0.98,0,0.02,1550.4,81.06,9187161.58,79.23
8500,"writingprompts",1906,453,111,1794,-2.59,-1.73,7.1,1.5,0.83,0.85,0.01,0.03,504.23,5.64,3401301.49,4.64
8501,"writingprompts",649,126,69,579,-2.92,-2.01,8.4,1.5,0.96,0.96,0,0.04,724.74,7.5,5095871.83,6.4
8502,"writingprompts",1750,379,127,1622,-3.03,-2.29,8.56,1.66,0.94,0.94,0,0.04,796.45,9.87,5652774.46,8.7
8503,"writingprompts",3053,630,151,2901,-3.07,-2.24,8.1,1.73,0.79,0.78,0,0.01,729.62,9.39,4985729.89,8.2
8504,"writingprompts",4755,1072,249,4505,-2.51,-1.76,6.82,1.35,0.87,0.85,0,0.04,479.44,5.78,3541547.01,4.69
8505,"writingprompts",1208,219,252,955,-2.41,-1.41,5.95,1.2,0.93,0.91,0,0.03,434.05,4.1,2786600.81,3.03
8506,"writingprompts",8637,1948,133,8503,-2.69,-2.03,6.04,1.41,0.85,0.84,0,0.04,445.18,7.61,3036373.73,6.4
8507,"writingprompts",1504,339,13,1490,-3.14,-2.26,8.41,1.66,0.92,0.92,0,0.01,782.4,9.58,4953186.45,8.51
8508,"writingprompts",6556,1507,175,6380,-2.41,-1.68,5.49,1.31,0.77,0.75,0,0.02,325.91,5.37,1989761.37,4.24
8509,"writingprompts",1576,336,93,1482,-2.92,-2.21,7.15,1.6,0.92,0.89,0,0.01,630.94,9.12,4368950.56,7.99
8510,"writingprompts",842,167,105,736,-2.85,-1.94,6.48,1.41,0.97,0.97,0,0.01,461.58,6.96,3091481.01,5.76
8511,"writingprompts",3727,718,198,3528,-3.08,-2.28,7.78,1.71,0.86,0.85,0,0.01,697.27,9.73,4710126.51,8.65
8512,"writingprompts",3615,831,159,3455,-2.35,-1.57,6.12,1.28,0.79,0.79,0.01,0.06,394.24,4.81,2630881.36,3.74
8513,"writingprompts",1210,257,26,1183,-2.83,-1.98,6.6,1.51,0.82,0.81,0.01,0.07,572.09,7.24,3813220.74,6.13
8514,"writingprompts",3327,817,139,3187,-3.21,-2.25,8.44,1.75,0.91,0.9,0,0.04,844.72,9.49,5810424.65,8.34
8515,"writingprompts",3035,724,46,2988,-2.61,-1.72,6.94,1.35,0.86,0.86,0.01,0.09,484.77,5.61,3421199.79,4.45
8516,"writingprompts",1636,302,295,1340,-2.99,-2.3,6.71,1.63,0.88,0.86,0.01,0.05,513.18,9.97,3089709.89,8.76
8517,"writingprompts",3185,706,189,2995,-3.02,-2.2,8.32,1.73,0.88,0.84,0,0.02,739.4,9.07,5039458.64,7.98
8518,"writingprompts",1997,430,142,1854,-2.84,-1.94,7.29,1.56,0.9,0.85,0,0.03,561.95,6.96,3707211.13,5.8
8519,"writingprompts",7168,1612,220,6947,-2.62,-1.9,6.25,1.39,0.83,0.82,0,0.04,422.09,6.69,2622151.05,5.49
8520,"writingprompts",2039,427,137,1901,-2.76,-2.01,6.77,1.5,0.87,0.86,0,0.02,507,7.46,3456821.88,6.3
8521,"writingprompts",2915,670,96,2818,-2.46,-1.67,5.79,1.31,0.8,0.8,0.02,0.13,373.37,5.34,2474042.47,4.18
8522,"writingprompts",1705,310,246,1458,-2.83,-1.95,6.91,1.44,0.92,0.91,0,0.01,535.31,7.03,3518151.42,5.82
8523,"writingprompts",816,164,74,741,-2.87,-2.11,7.55,1.59,0.99,1,0,0,728.3,8.25,5061889.7,7.19
8524,"writingprompts",1725,360,122,1602,-2.85,-2.07,7.48,1.6,0.96,0.96,0,0.03,549.8,7.92,3542547.89,6.83
8525,"writingprompts",2725,640,158,2566,-2.44,-1.72,6.54,1.46,0.88,0.85,0,0.04,474.79,5.61,3287418.96,4.57
8526,"writingprompts",1612,339,145,1466,-3.29,-2.09,10.23,1.89,0.97,0.98,0,0.01,974.42,8.08,6645533.52,7.08
8527,"writingprompts",1552,313,30,1521,-3.25,-2.51,7.38,1.6,0.94,0.95,0,0.01,666.17,12.3,4083674.65,11.05
8528,"writingprompts",1428,322,48,1379,-3.12,-2.12,8.59,1.74,0.95,0.94,0,0.01,780.91,8.29,5316615.82,7.15
8529,"writingprompts",1490,310,81,1408,-3.34,-2.33,9.73,1.78,0.96,0.97,0,0.03,912.12,10.28,6163574.34,9.02
8530,"writingprompts",6681,1408,24,6656,-3.19,-2.52,7.74,1.84,0.88,0.87,0,0.01,718.03,12.49,4776898.81,11.27
8531,"writingprompts",3459,739,248,3210,-3.31,-2.61,7.64,1.69,0.9,0.88,0,0.04,757.27,13.6,4933132.95,12.22
8532,"writingprompts",1357,296,162,1194,-2.54,-1.83,6.37,1.5,0.7,0.69,0.02,0.12,465.28,6.23,3208799.04,5.13
8533,"writingprompts",7979,1801,292,7686,-2.7,-1.93,7,1.55,0.84,0.82,0,0.01,548.19,6.89,3811058.83,5.8
8534,"writingprompts",1012,229,72,939,-2.61,-1.99,5.51,1.53,0.92,0.92,0,0.02,346.64,7.32,2246634.74,6.19
8535,"writingprompts",1859,401,139,1719,-3,-2.07,8.25,1.59,0.95,0.95,0,0.03,731.95,7.92,4897931.92,6.78
8536,"writingprompts",4041,889,216,3824,-2.7,-1.94,6.43,1.46,0.89,0.87,0,0.03,455.98,6.96,2786662.02,5.84
8537,"writingprompts",2211,402,206,2004,-3.44,-2.64,8.84,1.86,0.95,0.96,0,0.03,939.7,13.94,6585065.88,12.74
8538,"writingprompts",4392,991,128,4263,-2.63,-1.75,6.81,1.42,0.89,0.88,0,0.04,480.97,5.75,3281991.3,4.64
8539,"writingprompts",1407,269,86,1320,-3.64,-3.02,9.02,2.08,0.96,0.96,0,0.04,979.15,20.49,6712609.68,19.29
8540,"writingprompts",872,194,66,805,-2.89,-1.62,9.68,1.44,0.92,0.94,0,0.05,755.97,5.03,4978578.49,3.98
8541,"writingprompts",2252,502,145,2106,-2.31,-1.57,5.79,1.12,0.86,0.86,0,0.06,411.65,4.81,3166529.77,3.6
8542,"writingprompts",1761,401,100,1660,-2.88,-2.11,7.51,1.54,0.87,0.86,0,0.01,634.13,8.25,4565615.83,6.99
8543,"writingprompts",1501,308,147,1353,-2.98,-2.25,7.57,1.77,0.94,0.94,0,0.04,560.18,9.49,3739392.62,8.38
8544,"writingprompts",1858,391,208,1649,-2.7,-1.83,7.2,1.47,0.94,0.91,0,0.04,610.9,6.23,4350423.8,5.09
8545,"writingprompts",2203,509,22,2180,-3.46,-2.48,9.91,1.99,0.95,0.95,0,0.01,1003.67,11.94,6900664.75,10.87
8546,"writingprompts",2471,510,232,2238,-2.94,-2.18,7.09,1.55,0.93,0.92,0,0.03,528.38,8.85,3699930.57,7.55
8547,"writingprompts",4957,1078,196,4760,-3.12,-2.32,7.58,1.53,0.8,0.78,0,0.03,702.25,10.18,4768498.81,8.83
8548,"writingprompts",1668,284,187,1480,-3.19,-2.17,8.97,1.41,0.97,0.96,0,0.01,978.24,8.8,6797184.14,7.61
8549,"writingprompts",757,138,124,632,-3.35,-2.46,9.53,1.99,0.95,0.92,0,0.02,881.72,11.7,5602692.54,10.53
8550,"writingprompts",6853,1642,64,6788,-2.96,-2.24,7.59,1.76,0.84,0.86,0.01,0.07,603.65,9.39,4037119.59,8.34
8551,"writingprompts",2949,646,23,2925,-3.52,-2.55,10.59,1.9,0.94,0.93,0,0.03,1167.03,12.81,8006927.42,11.69
8552,"writingprompts",3009,655,60,2948,-2.55,-1.76,6.29,1.41,0.91,0.89,0,0.04,409.2,5.81,2651313.02,4.68
8553,"writingprompts",1909,354,248,1660,-2.94,-2.03,8.42,1.62,0.95,0.94,0,0.01,769.28,7.61,4913020.37,6.42
8554,"writingprompts",1276,254,96,1179,-3.2,-2.35,9.69,1.93,0.96,0.98,0,0.02,897.67,10.48,5959956.48,9.4
8555,"writingprompts",2473,559,220,2252,-2.79,-1.87,7.64,1.42,0.83,0.82,0,0.02,650.29,6.49,4622984.64,5.33
8556,"writingprompts",2344,513,45,2298,-2.58,-2.09,4.66,1.41,0.93,0.93,0,0.03,267.23,8.08,1519598.26,6.73
8557,"writingprompts",805,179,4,800,-3.3,-2.19,9.74,1.79,0.76,0.7,0.02,0.05,937.62,8.94,6775051.3,7.72
8558,"writingprompts",1429,266,305,1123,-2.46,-1.58,6.97,1.36,0.85,0.83,0.01,0.06,564.38,4.85,3882351.43,3.73
8559,"writingprompts",830,211,66,763,-2.02,-1.28,5.7,1.11,0.84,0.82,0.02,0.13,265.5,3.6,1665657.18,2.55
8560,"writingprompts",4394,933,118,4275,-2.68,-1.89,6.96,1.42,0.87,0.86,0,0.02,504.25,6.62,3517953.95,5.47
8561,"writingprompts",3803,898,140,3662,-2.7,-1.98,6.54,1.43,0.88,0.88,0,0.03,488.97,7.24,3178480.98,6.04
8562,"writingprompts",732,153,54,677,-3.3,-2.39,10.81,1.83,0.9,0.96,0.01,0.04,879.97,10.91,6305159.06,9.77
8563,"writingprompts",5075,1327,41,5033,-2.46,-1.65,6.6,1.41,0.71,0.7,0,0.03,461.73,5.21,3121735.8,4.2
8564,"writingprompts",1141,278,64,1076,-3.05,-2.26,7.97,1.77,0.93,0.93,0,0.02,711.25,9.64,5078686.25,8.33
8565,"writingprompts",5212,1125,114,5097,-2.96,-2.21,7.47,1.61,0.9,0.9,0,0.04,646.22,9.12,4455192.87,7.86
8566,"writingprompts",3215,695,308,2906,-2.85,-1.91,7.62,1.46,0.94,0.94,0,0.04,597.64,6.75,4028397.45,5.53
8567,"writingprompts",3015,706,16,2998,-3.03,-2.13,7.93,1.62,0.92,0.93,0,0.04,710.13,8.41,5081787.24,7.19
8568,"writingprompts",5239,1133,124,5114,-3.21,-2.41,8.68,1.75,0.92,0.92,0,0.02,753.12,11.13,5203222.58,9.99
8569,"writingprompts",7860,1913,111,7748,-2.28,-1.42,5.92,1.14,0.67,0.61,0.01,0.01,385.44,4.14,2638761.7,3.02
8570,"writingprompts",5674,1246,160,5513,-2.71,-1.91,7.2,1.54,0.86,0.84,0,0.06,564.04,6.75,3897306.58,5.66
8571,"writingprompts",5373,1142,163,5209,-2.58,-1.82,6.23,1.44,0.87,0.86,0,0.03,444.56,6.14,3149628.89,5.01
8572,"writingprompts",3683,821,77,3605,-2.64,-1.85,6.59,1.45,0.81,0.79,0,0.03,506.49,6.36,3302713.29,5.25
8573,"writingprompts",1982,387,175,1806,-3.12,-2.15,8.44,1.66,0.94,0.92,0,0.02,776.64,8.58,5798796.79,7.5
8574,"writingprompts",7776,1871,116,7659,-3.29,-2.56,8.96,1.96,0.65,0.65,0,0.01,846.41,12.94,5848678.6,11.81
8575,"writingprompts",2765,587,94,2670,-2.98,-1.96,8.85,1.67,0.93,0.95,0,0.05,720.12,7.1,4912625.91,6.07
8576,"writingprompts",5127,1352,136,4990,-2.62,-1.58,8.28,1.46,0.57,0.5,0.02,0.04,643.52,4.88,4529275.26,3.87
8577,"writingprompts",3725,863,175,3549,-3.13,-2.28,8.62,1.8,0.85,0.82,0,0.02,750.5,9.78,5067216.22,8.64
8578,"writingprompts",2658,585,51,2606,-2.54,-1.92,5.34,1.46,0.88,0.88,0,0.04,334.24,6.82,2108213.69,5.67
8579,"writingprompts",3779,792,154,3624,-2.7,-1.92,6.64,1.46,0.87,0.86,0,0.02,529.14,6.79,3622845.3,5.65
8580,"writingprompts",1107,279,120,986,-3.19,-2.23,8.84,1.8,0.96,0.95,0,0.03,763.5,9.3,5373412.68,8.14
8581,"writingprompts",2197,516,139,2057,-2.5,-1.84,5.89,1.39,0.78,0.75,0.01,0.05,378.78,6.3,2405946.12,5.15
8582,"writingprompts",4047,808,166,3880,-3.54,-2.76,8.56,1.9,0.93,0.93,0,0.04,912.97,15.88,5997410.22,14.54
8583,"writingprompts",2654,558,125,2528,-3.18,-2.33,8.08,1.72,0.94,0.94,0,0.02,733.2,10.23,5001415.47,9
8584,"writingprompts",646,135,66,579,-4.48,-4.04,9.9,2.6,0.98,0.97,0,0.01,1506.76,56.83,8849842.4,54.37
8585,"writingprompts",1242,223,234,1007,-3.11,-2.46,8.63,1.84,0.94,0.92,0,0.01,793.13,11.7,5886797.34,10.48
8586,"writingprompts",2658,613,123,2534,-2.66,-1.81,6.58,1.46,0.88,0.87,0,0.05,490.74,6.11,2928551.95,5.02
8587,"writingprompts",3358,683,183,3174,-3,-2.33,7.66,1.71,0.86,0.84,0,0.05,656.97,10.28,4421731.38,8.98
8588,"writingprompts",1862,396,20,1841,-3.3,-2.45,9.28,1.92,0.94,0.94,0,0.04,928.24,11.59,6394253.67,10.43
8589,"writingprompts",2087,437,270,1816,-2.81,-2.15,6.27,1.54,0.88,0.88,0,0.05,474.8,8.58,3187367.78,7.24
8590,"writingprompts",2572,573,49,2522,-2.83,-2.15,6.78,1.51,0.88,0.86,0,0.02,578.42,8.58,3845053.71,7.36
8591,"writingprompts",7319,1631,260,7058,-2.68,-1.83,7.26,1.44,0.86,0.85,0,0.04,563.34,6.23,3880983.94,5.15
8592,"writingprompts",3789,772,174,3614,-3.18,-2.39,8.17,1.81,0.9,0.9,0,0.02,723.54,10.91,4748002.92,9.75
8593,"writingprompts",3338,721,137,3200,-3.33,-2.63,8.98,1.92,0.94,0.93,0,0.03,945.97,13.87,6686308.36,12.68
8594,"writingprompts",4916,1111,138,4777,-2.75,-1.88,7.28,1.48,0.87,0.88,0,0.04,568.43,6.55,3918976.49,5.4
8595,"writingprompts",2212,501,36,2175,-3.16,-2.53,8.06,1.84,0.93,0.94,0,0.03,757.06,12.55,5166577.41,11.25
8596,"writingprompts",1409,277,142,1266,-2.82,-2.42,5.91,1.61,0.93,0.93,0,0.03,431.76,11.25,2414586.22,9.93
8597,"writingprompts",8315,1984,171,8143,-2.59,-1.74,7.22,1.53,0.82,0.81,0,0.02,531.48,5.7,3670054.41,4.68
8598,"writingprompts",1269,275,64,1204,-2.27,-1.62,5.36,1.29,0.89,0.87,0,0.05,368.44,5.05,2688969.28,3.92
8599,"writingprompts",1679,365,220,1458,-3.1,-2.29,8.41,1.67,0.86,0.85,0.01,0.02,673.15,9.87,4952127.14,8.65
8600,"writingprompts",5317,1191,136,5180,-3.01,-2.17,8.25,1.69,0.89,0.88,0,0.04,751.05,8.76,5150637.71,7.63
8601,"writingprompts",1877,403,24,1852,-2.72,-1.84,6.95,1.39,0.92,0.92,0,0.01,542.74,6.3,3537265.84,5.16
8602,"writingprompts",4387,992,210,4176,-3.01,-2.12,8.57,1.77,0.79,0.75,0.01,0.07,811.62,8.29,5613253.15,7.26
8603,"writingprompts",2822,627,110,2711,-2.85,-2.01,7.26,1.56,0.85,0.82,0,0.01,618.65,7.46,4403173.18,6.33
8604,"writingprompts",3405,737,166,3238,-3.19,-2.29,8.73,1.74,0.93,0.91,0,0.01,822.22,9.87,5987162.58,8.76
8605,"writingprompts",2327,568,46,2280,-2.44,-1.65,5.93,1.38,0.85,0.86,0.01,0.08,415.38,5.24,2781776.47,4.17
8606,"writingprompts",4179,964,91,4087,-2.75,-1.93,8.07,1.64,0.67,0.73,0.03,0.04,662.24,6.89,4572891.8,5.85
8607,"writingprompts",6037,1316,10,6026,-3.29,-2.46,8.92,1.88,0.91,0.92,0,0.02,825.31,11.7,5655098.15,10.55
8608,"writingprompts",2303,511,61,2241,-2.7,-2.06,6.1,1.48,0.91,0.92,0,0.04,423.27,7.85,2674043.07,6.54
8609,"writingprompts",6672,1517,9,6662,-2.8,-1.96,7.34,1.54,0.91,0.9,0,0.05,618.11,7.1,4357096.95,5.97
8610,"writingprompts",3282,750,160,3121,-2.49,-1.74,6.2,1.38,0.87,0.83,0,0.04,417.55,5.67,2741719.58,4.59
8611,"writingprompts",5505,1447,111,5393,-2.22,-1.36,6.11,1.25,0.72,0.7,0.01,0.04,355.6,3.9,2400346.09,2.89
8612,"writingprompts",3456,788,177,3278,-2.35,-1.6,5.48,1.28,0.81,0.77,0.01,0.04,329.34,4.97,2112773.08,3.84
8613,"writingprompts",2011,487,48,1962,-2.69,-1.97,6.37,1.38,0.83,0.77,0.01,0.01,510.03,7.17,3375406.9,5.97
8614,"writingprompts",2370,513,18,2351,-3.46,-2.6,9.59,1.83,0.91,0.91,0,0.04,948.49,13.46,6417593.4,12.23
8615,"writingprompts",4416,971,61,4354,-2.45,-1.4,7.35,1.3,0.65,0.58,0.03,0.05,492.62,4.06,3486703.54,3.02
8616,"writingprompts",4249,928,60,4188,-2.6,-1.89,5.82,1.3,0.89,0.88,0,0.03,406.95,6.62,2571902.35,5.36
8617,"writingprompts",5311,1111,195,5115,-2.87,-2,7.86,1.62,0.9,0.89,0,0.01,624,7.39,4329123.36,6.33
8618,"writingprompts",6959,1593,246,6712,-2.81,-1.99,7.46,1.66,0.85,0.83,0,0.03,592.09,7.32,4041429.23,6.27
8619,"writingprompts",7533,1544,135,7397,-3.6,-2.76,10.3,2.14,0.92,0.9,0,0.02,1116.55,15.72,7558984.71,14.63
8620,"writingprompts",3078,683,187,2890,-2.95,-2.21,8.2,1.86,0.82,0.94,0.03,0.03,660.33,9.12,4473791.29,8.06
8621,"writingprompts",1831,408,38,1792,-2.61,-1.67,7.11,1.32,0.9,0.9,0,0.06,592.09,5.34,4255539.18,4.19
8622,"writingprompts",3022,525,283,2738,-3.47,-2.83,8.22,1.84,0.95,0.92,0,0.03,881.88,16.95,6245081.61,15.57
8623,"writingprompts",1916,426,110,1805,-3.09,-2.28,7.03,1.72,0.93,0.91,0,0.01,607.56,9.73,3706340.72,8.53
8624,"writingprompts",5151,1150,120,5030,-3.03,-2.22,8.04,1.67,0.87,0.88,0,0.04,679.4,9.16,4803988.39,8.02
8625,"writingprompts",1837,397,135,1701,-2.96,-2.28,7.55,1.58,0.95,0.96,0,0.03,682.1,9.78,4512359.7,8.53
8626,"writingprompts",7736,1819,138,7597,-2.75,-1.96,6.84,1.52,0.83,0.83,0,0.03,526.96,7.1,3611992.34,5.94
8627,"writingprompts",4588,1001,142,4445,-3.1,-2.23,7.93,1.79,0.87,0.88,0,0.02,655.52,9.3,4159902.13,8.23
8628,"writingprompts",1655,352,94,1560,-3,-2.26,6.81,1.57,0.92,0.94,0,0.05,533.01,9.59,3372175.35,8.37
8629,"writingprompts",1130,235,60,1069,-2.94,-1.92,7.23,1.47,0.95,0.96,0,0.03,643.23,6.82,4561380.41,5.7
8630,"writingprompts",746,163,65,680,-2.25,-1.1,7.89,1.1,0.75,0.67,0.03,0.08,546.21,3,3913626.63,2
8631,"writingprompts",793,140,91,701,-3.35,-2.67,7.79,1.65,0.95,0.95,0,0.02,872.38,14.44,5947565.14,13.24
8632,"writingprompts",4312,987,152,4159,-2.77,-2,7.11,1.55,0.88,0.88,0,0.02,591.13,7.39,4071868.24,6.2
8633,"writingprompts",8792,1871,299,8492,-2.9,-2.11,7.04,1.57,0.89,0.89,0,0.04,560.62,8.25,3738231.43,7.1
8634,"writingprompts",757,172,20,736,-3.29,-2.3,8.19,1.64,0.97,0.97,0,0,686.2,9.92,4045759.69,8.8
8635,"writingprompts",2656,570,227,2428,-2.84,-1.94,8.01,1.61,0.92,0.91,0,0.01,677.41,6.93,4617735.91,5.86
8636,"writingprompts",1090,247,72,1017,-4.19,-3.35,12.46,2.44,0.96,0.96,0,0.01,1562.22,28.5,10125828.9,27.35
8637,"writingprompts",5181,1149,69,5111,-2.94,-2.13,8.01,1.56,0.87,0.86,0,0.04,703.12,8.41,4868511.53,7.22
8638,"writingprompts",1610,377,39,1570,-3.32,-2.46,7.96,1.59,0.91,0.94,0,0.06,784.68,11.7,5130196.3,10.43
8639,"writingprompts",3685,809,19,3665,-2.91,-2.18,6.92,1.57,0.83,0.8,0.01,0.04,572.81,8.85,3960973.87,7.65
8640,"writingprompts",981,213,106,874,-3.94,-2.9,10.86,2.35,0.88,0.85,0,0.02,1282.76,18.17,7729990.01,17
8641,"writingprompts",8028,1844,57,7970,-3,-2.28,6.56,1.53,0.8,0.78,0,0.04,540.68,9.78,3425238.62,8.39
8642,"writingprompts",1073,214,84,988,-3.41,-3.04,7.14,1.93,0.8,0.78,0.01,0.05,680.87,20.81,4433248.05,19.64
8643,"writingprompts",1819,392,110,1708,-2.91,-2.12,7.9,1.71,0.93,0.93,0,0.01,649,8.29,4408001.83,7.22
8644,"writingprompts",953,186,148,804,-2.56,-1.98,5.99,1.3,0.93,0.92,0,0.04,419.4,7.21,3237473.21,6.05
8645,"writingprompts",4949,1116,39,4909,-3.43,-2.78,7.67,1.69,0.9,0.89,0,0.04,726.49,16.12,4830668.88,14.79
8646,"writingprompts",1531,361,47,1483,-2.91,-1.89,8.72,1.58,0.85,0.88,0.01,0.09,727.77,6.62,5061263.17,5.56
8647,"writingprompts",2763,630,26,2736,-2.88,-2.22,6.77,1.61,0.81,0.77,0.01,0.02,525.79,9.21,3428510.47,7.94
8648,"writingprompts",1234,275,140,1093,-2.97,-2.1,8.9,1.93,0.94,0.98,0.01,0.02,785.83,8.17,4872630.05,7.12
8649,"writingprompts",4292,969,216,4075,-2.86,-2.05,7.65,1.62,0.88,0.88,0,0.06,591.7,7.77,3900953.85,6.72
8650,"writingprompts",2055,426,58,1996,-3.05,-2.37,7.66,1.75,0.95,0.94,0,0.01,651.17,10.7,4171032.52,9.59
8651,"writingprompts",1812,373,112,1699,-3.05,-2.26,7.29,1.66,0.96,0.95,0,0.02,606.28,9.58,4077671.69,8.49
8652,"writingprompts",1612,314,130,1481,-2.77,-2.12,6.69,1.62,0.98,0.97,0,0.02,476.16,8.38,3330521.35,7.24
8653,"writingprompts",1781,394,39,1741,-2.71,-2.12,6.24,1.6,0.9,0.88,0,0.06,386.24,8.37,2184528.73,7.21
8654,"writingprompts",2598,578,93,2504,-3.48,-2.72,8.77,1.83,0.92,0.91,0,0.02,905.56,15.1,6144945.48,13.69
8655,"writingprompts",2157,527,12,2144,-2.83,-2.29,6.14,1.68,0.87,0.86,0,0.01,443.77,9.87,2916804.32,8.61
8656,"writingprompts",5763,1246,159,5603,-2.78,-2.04,6.94,1.57,0.87,0.85,0,0.01,516.07,7.65,3416900.65,6.52
8657,"writingprompts",3852,809,95,3756,-3.34,-2.43,8.77,1.95,0.93,0.92,0,0.01,846.56,11.36,5414165.91,10.31
8658,"writingprompts",1589,389,20,1568,-3.2,-2.21,8.33,1.58,0.85,0.85,0.01,0.05,765.91,9.12,4988542.77,7.93
8659,"writingprompts",3045,653,76,2968,-2.87,-2.15,7.07,1.56,0.91,0.9,0,0.02,557.57,8.58,3805981.38,7.32
8660,"writingprompts",1767,406,58,1708,-2.81,-1.9,7.2,1.54,0.86,0.85,0,0.03,616.35,6.72,4408941.52,5.64
8661,"writingprompts",2643,580,116,2526,-2.98,-2.05,7.99,1.63,0.89,0.89,0,0.05,755.86,7.81,5155885.59,6.68
8662,"writingprompts",4736,1017,29,4706,-3.11,-2.28,8.77,1.7,0.91,0.89,0,0.05,733.29,9.78,4959618.11,8.69
8663,"writingprompts",4661,1031,79,4581,-2.93,-2.09,7.71,1.57,0.92,0.91,0,0.03,675.8,8.08,4695173.09,6.97
8664,"writingprompts",3512,887,73,3438,-2.89,-2.12,8.65,1.84,0.79,0.77,0.01,0.01,732.54,8.33,5248370.7,7.31
8665,"writingprompts",2185,508,151,2033,-2.8,-1.9,8.33,1.52,0.87,0.87,0.01,0.08,637.26,6.66,4589473.79,5.58
8666,"writingprompts",2306,486,131,2174,-2.68,-1.82,6.66,1.4,0.91,0.9,0,0.02,558.52,6.14,3756622.08,4.92
8667,"writingprompts",2504,611,165,2338,-2.31,-1.51,5.54,1.12,0.76,0.76,0.01,0.02,372.84,4.53,2494461.96,3.38
8668,"writingprompts",2316,501,92,2223,-3.18,-2.66,6.26,1.64,0.9,0.89,0,0.01,521.46,14.3,3163955.37,12.75
8669,"writingprompts",2464,533,30,2433,-3.4,-2.53,8.48,1.84,0.96,0.96,0,0.02,873.19,12.55,5722617.64,11.32
8670,"writingprompts",3757,818,168,3588,-3.24,-2.41,8.59,1.88,0.79,0.79,0,0.01,725.57,11.14,4633714.56,10.02
8671,"writingprompts",4920,1188,61,4858,-2.34,-1.42,6.19,1.14,0.82,0.81,0.01,0.08,386.43,4.12,2642288.44,3.03
8672,"writingprompts",3363,730,64,3298,-3.33,-2.6,8.3,2,0.91,0.92,0,0.04,789.63,13.53,5160618.49,12.29
8673,"writingprompts",1085,242,102,982,-3.24,-2.18,9.72,1.74,0.89,0.88,0,0.05,968.91,8.9,7243154.21,7.77
8674,"writingprompts",1873,437,101,1771,-2.85,-2.25,7.16,1.65,0.89,0.9,0,0.04,556.11,9.49,4043947.65,8.38
8675,"writingprompts",1053,234,12,1040,-2.59,-1.89,6.22,1.39,0.92,0.91,0,0.03,494.57,6.62,3063558.78,5.37
8676,"writingprompts",3376,704,185,3190,-3.02,-2.18,8.12,1.84,0.88,0.88,0,0.03,737.13,8.85,5002576.83,7.79
8677,"writingprompts",674,138,43,630,-3.66,-3,9.43,2.03,0.99,0.99,0,0.01,1018.36,20.15,6577032.81,18.85
8678,"writingprompts",720,146,122,597,-3.13,-2.2,8.77,1.73,0.91,0.94,0.01,0.06,727.98,8.98,4565684.42,7.75
8679,"writingprompts",1825,394,96,1728,-3.09,-2.37,7.34,1.76,0.9,0.89,0,0.02,586.78,10.7,3670487.44,9.45
8680,"writingprompts",1605,366,59,1545,-2.44,-1.62,6.67,1.25,0.87,0.86,0.01,0.07,443.92,5.05,3037333.88,3.88
8681,"writingprompts",1988,448,190,1797,-2.89,-2.08,7.48,1.52,0.92,0.89,0,0.01,592.97,8.04,4019199.43,6.91
8682,"writingprompts",2253,554,97,2155,-2.73,-1.72,8.41,1.43,0.79,0.76,0.01,0.03,608.78,5.58,4224436.05,4.49
8683,"writingprompts",6080,1282,174,5905,-3.22,-2.37,9.21,1.77,0.88,0.88,0.01,0.06,884.69,10.7,6115020.81,9.57
8684,"writingprompts",3852,843,164,3687,-3.06,-2.37,7.26,1.7,0.89,0.91,0,0.03,674.24,10.7,4647074.79,9.42
8685,"writingprompts",2073,462,62,2010,-2.62,-1.71,6.65,1.29,0.89,0.87,0.01,0.08,536.75,5.53,3576807.93,4.38
8686,"writingprompts",1525,303,120,1404,-3.4,-2.65,8.26,1.83,0.9,0.9,0,0.01,889.63,14.15,5601769.77,12.83
8687,"writingprompts",733,173,36,696,-3.89,-3.18,8.27,1.85,0.96,0.97,0,0.03,1130.1,24.05,7992948.26,22.48
8688,"writingprompts",1528,314,76,1451,-3.39,-2.74,7.64,1.81,0.97,0.97,0,0.03,647.2,15.41,4117160.45,14.2
8689,"writingprompts",7030,1478,152,6877,-3.05,-2.21,8.21,1.76,0.86,0.86,0,0.01,708.95,9.12,4754728.4,8
8690,"writingprompts",3617,739,155,3461,-3.03,-2.2,8.25,1.7,0.92,0.94,0,0.06,730.52,9.03,4878376.49,7.86
8691,"writingprompts",2103,444,112,1990,-2.74,-2.01,7.19,1.5,0.93,0.94,0,0.05,549.3,7.5,3744613.1,6.34
8692,"writingprompts",1771,462,113,1657,-2.77,-1.68,8.74,1.51,0.84,0.83,0,0.02,762.41,5.4,5734407.7,4.35
8693,"writingprompts",4026,956,236,3789,-3.04,-2.21,8.29,1.7,0.85,0.84,0,0.02,626.17,9.12,4072469.82,8.01
8694,"writingprompts",1680,385,179,1500,-4.18,-3.31,11.07,2.05,0.95,0.95,0,0.01,1354.19,27.39,9262875.86,25.94
8695,"writingprompts",4065,996,46,4018,-2.72,-1.96,6.57,1.45,0.81,0.78,0.01,0.04,440.98,7.1,2852452.68,5.95
8696,"writingprompts",3878,874,140,3737,-2.82,-1.99,7.57,1.51,0.88,0.84,0.01,0.05,554.02,7.32,3657650.6,6.19
8697,"writingprompts",2889,636,119,2769,-2.68,-2.08,6.82,1.58,0.89,0.87,0,0.03,483.08,8,3312478.28,6.8
8698,"writingprompts",3355,758,99,3255,-2.92,-2.13,7.65,1.69,0.9,0.92,0.01,0.07,611.91,8.41,4191705.63,7.27
8699,"writingprompts",2910,644,197,2712,-3.02,-2.18,7.86,1.64,0.91,0.89,0,0.02,750.53,8.9,5125990.25,7.68
8700,"writingprompts",2189,482,48,2140,-3.13,-2.26,8.55,1.93,0.92,0.91,0,0.02,782.12,9.58,5199474.64,8.48
8701,"writingprompts",4353,1048,268,4084,-2.76,-1.78,8.32,1.5,0.77,0.76,0.01,0.09,679.78,5.93,4815718.74,4.82
8702,"writingprompts",810,154,63,746,-3.21,-2.38,7.08,1.62,0.97,0.98,0,0.02,609.58,10.88,3703901.15,9.38
8703,"writingprompts",1436,301,216,1219,-2.75,-1.93,7.27,1.35,0.83,0.82,0.01,0.04,557.08,6.89,3898046.32,5.68
8704,"writingprompts",3664,796,70,3593,-2.98,-2.02,8.48,1.67,0.9,0.9,0,0.03,756.18,7.58,5425424.46,6.5
8705,"writingprompts",3520,812,153,3366,-3.08,-2.17,8.58,1.7,0.89,0.86,0,0.02,754.6,8.8,5288081.58,7.64
8706,"writingprompts",4701,1065,167,4533,-3.3,-2.47,9.43,1.89,0.9,0.89,0,0.05,921.13,11.82,6561502.52,10.75
8707,"writingprompts",4838,1134,12,4825,-2.4,-1.69,5.83,1.32,0.78,0.74,0.01,0.06,361.61,5.44,2470142.85,4.33
8708,"writingprompts",2544,559,119,2424,-2.59,-1.77,6.89,1.36,0.9,0.93,0.01,0.05,481.16,5.87,3104586.15,4.66
8709,"writingprompts",6271,1228,283,5987,-3.17,-2.34,8.65,1.76,0.85,0.83,0,0.02,798.11,10.44,5357555.07,9.3
8710,"writingprompts",1643,356,170,1472,-3.09,-2.41,7.93,1.69,0.96,0.95,0,0.02,766.19,11.08,5558865.92,9.83
8711,"writingprompts",810,169,66,743,-2.8,-2.26,6.04,1.6,0.97,0.98,0,0.02,473.01,9.58,2716482.5,8.42
8712,"writingprompts",7372,1790,104,7267,-3.13,-2.28,8.42,1.72,0.79,0.77,0,0.02,753.13,9.73,4981005.47,8.57
8713,"writingprompts",810,170,106,703,-3.95,-3.28,10.26,2.35,0.98,1,0,0,1143.93,26.44,7492095.47,25.13
8714,"writingprompts",4675,1018,110,4564,-2.55,-1.7,6.66,1.4,0.86,0.85,0,0.05,474.3,5.48,3240915.78,4.43
8715,"writingprompts",2350,534,198,2151,-2.61,-1.82,6.99,1.49,0.89,0.88,0,0.02,516.45,6.17,3571721.24,5.13
8716,"writingprompts",704,140,111,592,-3.16,-2.34,9.33,1.53,0.95,0.94,0,0.02,889.97,10.33,6610763.56,8.91
8717,"writingprompts",2535,548,292,2242,-3.38,-2.66,8.93,1.95,0.94,0.93,0,0.02,855.27,14.23,5930583.73,13.07
8718,"writingprompts",1487,276,243,1243,-3.39,-2.57,8.39,1.89,0.91,0.92,0,0.08,862.24,13.07,5750593.45,11.84
8719,"writingprompts",1021,220,39,981,-3.5,-2.73,9.95,2.13,0.98,0.98,0,0,848.65,15.34,4965938.33,14.26
8720,"writingprompts",2508,514,203,2304,-3.09,-2.14,8.29,1.68,0.95,0.94,0,0.02,729.9,8.5,4856783.6,7.37
8721,"writingprompts",953,223,90,862,-2.69,-1.71,7.57,1.46,0.81,0.8,0,0.02,589.83,5.53,4672518.58,4.49
8722,"writingprompts",1131,213,158,972,-2.87,-1.97,7.57,1.46,0.97,0.96,0,0.01,678.2,7.17,4904339.16,5.96
8723,"writingprompts",1138,201,228,909,-3.34,-2.66,7.63,1.89,0.93,0.93,0,0.01,766.83,14.3,5229039.27,12.96
8724,"writingprompts",2300,451,132,2167,-2.65,-1.79,6.89,1.43,0.89,0.88,0,0.01,517.59,5.99,3393166.05,4.85
8725,"writingprompts",3938,843,73,3864,-2.53,-1.75,6.09,1.4,0.87,0.86,0,0.05,373.24,5.75,2278260.22,4.66
8726,"writingprompts",6179,1434,186,5992,-2.62,-1.77,7.41,1.48,0.84,0.83,0.01,0.06,581.75,5.87,4080771.73,4.84
8727,"writingprompts",7849,1909,54,7794,-2.55,-1.56,7.59,1.39,0.85,0.84,0.01,0.07,585.98,4.76,4031278.53,3.74
8728,"writingprompts",1983,387,174,1808,-2.98,-2.14,6.67,1.59,0.93,0.93,0,0.05,546.9,8.5,2965526.64,7.3
8729,"writingprompts",1766,383,70,1695,-2.89,-1.91,7.68,1.5,0.81,0.77,0.01,0.06,600.49,6.75,4066450.48,5.61
8730,"writingprompts",3429,788,200,3228,-2.46,-1.78,5.89,1.43,0.86,0.84,0,0.02,376.17,5.96,2576900.17,4.9
8731,"writingprompts",2353,551,173,2179,-3.09,-2.32,7.76,1.65,0.84,0.81,0.01,0.04,646.98,10.18,4319204.82,8.86
8732,"writingprompts",4112,873,114,3997,-3.23,-2.5,7.51,1.8,0.86,0.82,0,0.01,715.3,12.18,4705347.76,10.93
8733,"writingprompts",1467,329,13,1453,-3.69,-3.01,9.25,1.89,0.95,0.93,0,0.01,941.98,20.29,6268576.53,18.98
8734,"writingprompts",3030,687,98,2931,-2.19,-1.39,5.87,1.17,0.71,0.69,0,0.02,393.52,4.01,2970683.75,2.93
8735,"writingprompts",2181,484,154,2026,-3.36,-2.75,7.51,1.9,0.89,0.9,0,0.06,695.41,15.64,4396945.67,14.37
8736,"writingprompts",1566,370,35,1530,-3.07,-2.26,8.76,1.86,0.86,0.86,0,0.02,790.8,9.54,5315761.51,8.39
8737,"writingprompts",2296,509,44,2251,-3.04,-2.11,7.89,1.69,0.94,0.93,0,0.03,714.95,8.25,5106876.76,7.13
8738,"writingprompts",4415,935,239,4175,-2.99,-2.16,7.52,1.68,0.8,0.78,0.01,0.05,663.07,8.67,4376042.41,7.55
8739,"writingprompts",6405,1392,197,6207,-2.55,-1.76,6.39,1.36,0.79,0.79,0,0.03,450,5.81,3068745.57,4.68
8740,"writingprompts",3464,834,72,3391,-2.56,-1.81,6.05,1.32,0.8,0.81,0,0.04,377.31,6.08,2367083,4.85
8741,"writingprompts",1256,385,57,1198,-1.33,-0.06,6,0.06,0.36,0.28,0.05,0.04,326.79,1.06,2282187.46,0.06
8742,"writingprompts",5512,1379,148,5363,-2.39,-1.46,6.85,1.37,0.73,0.7,0.01,0.06,432.1,4.31,2974726.51,3.29
8743,"writingprompts",3220,740,13,3206,-3.18,-2.41,7.99,1.71,0.92,0.91,0,0.03,739.09,11.13,4989813.74,9.96
8744,"writingprompts",7574,1618,124,7449,-2.79,-1.98,7.24,1.57,0.87,0.85,0,0.03,587.6,7.24,3973749.25,6.1
8745,"writingprompts",1531,354,44,1486,-3.12,-2.26,8.9,1.91,0.95,0.94,0,0.03,787.31,9.54,5422299.51,8.49
8746,"writingprompts",4657,936,131,4525,-3,-2.28,7.77,1.8,0.95,0.95,0,0.03,656.45,9.82,4483260.14,8.75
8747,"writingprompts",4669,952,147,4521,-2.8,-1.89,7.61,1.49,0.91,0.91,0,0.04,639.48,6.62,4505729.83,5.46
8748,"writingprompts",1236,241,54,1181,-3.05,-2.3,7.21,1.58,0.96,0.99,0,0.01,646.6,9.97,4458038.16,8.77
8749,"writingprompts",645,166,34,610,-2.49,-1.59,7.09,1.43,0.89,0.86,0.01,0.08,600.89,4.9,4552073.19,3.88
8750,"writingprompts",1395,276,218,1176,-3.28,-2.26,10.15,1.78,0.97,0.98,0,0.02,1002.05,9.58,7240265.25,8.37
8751,"writingprompts",2112,486,89,2022,-3.13,-2.36,8.94,1.78,0.94,0.96,0,0.03,827.67,10.54,5881933.46,9.45
8752,"writingprompts",1051,190,164,886,-3.15,-2.46,6.68,1.77,0.97,0.96,0,0.01,615.29,11.7,4061172.32,10.56
8753,"writingprompts",4716,1009,108,4607,-2.61,-1.55,7.61,1.41,0.78,0.75,0,0.01,565.37,4.71,3720887.8,3.69
8754,"writingprompts",7428,1739,206,7221,-2.58,-1.74,6.86,1.46,0.87,0.86,0,0.05,476.82,5.7,3109055.99,4.66
8755,"writingprompts",1499,341,91,1407,-3.11,-2.35,7.7,1.63,0.96,0.96,0,0.01,758.7,10.49,5277181.04,9.32
8756,"writingprompts",3110,674,126,2983,-3.18,-2.5,7.95,1.68,0.92,0.9,0,0.01,744.33,12.24,5285294.64,10.93
8757,"writingprompts",1177,241,87,1089,-2.99,-2.27,7.27,1.64,0.98,0.97,0,0,636.62,9.68,4170364.01,8.48
8758,"writingprompts",3283,761,95,3187,-3.04,-2.1,8.43,1.69,0.87,0.89,0.01,0.07,756.23,8.17,5407256.52,7.05
8759,"writingprompts",2104,420,182,1921,-3.38,-2.5,8.97,1.79,0.92,0.92,0,0.01,835.51,12.12,5698027.12,10.89
8760,"writingprompts",2432,525,39,2392,-3.34,-2.59,8.25,1.9,0.91,0.9,0,0.06,702.34,13.33,4261938.52,12.2
8761,"writingprompts",1218,267,71,1146,-3.1,-2.37,7.31,1.6,0.96,0.95,0,0.04,579.41,10.7,3607639,9.47
8762,"writingprompts",948,189,144,803,-4.45,-3.61,10.57,2.14,0.99,0.99,0,0.01,1565.33,36.97,10574945.47,34.81
8763,"writingprompts",1284,307,83,1200,-2.9,-2.09,7.35,1.72,0.94,0.94,0,0.04,547.71,8.08,3330376.26,6.95
8764,"writingprompts",4609,1085,163,4445,-2.77,-1.93,7.6,1.58,0.88,0.87,0,0.03,573.1,6.89,3832107.74,5.84
8765,"writingprompts",6718,1590,83,6634,-2.54,-1.76,6.42,1.42,0.69,0.65,0.01,0.02,454.08,5.81,3118817.58,4.73
8766,"writingprompts",1438,351,133,1304,-2.79,-1.94,7.4,1.55,0.8,0.76,0.01,0.04,587.27,6.96,3835808.36,5.84
8767,"writingprompts",9657,2233,119,9537,-2.87,-2.08,7.85,1.69,0.81,0.79,0,0.03,654.11,8,4387205.66,6.97
8768,"writingprompts",2603,580,36,2566,-3,-2.14,7.74,1.65,0.91,0.91,0,0.01,686.54,8.54,4731000.57,7.39
8769,"writingprompts",937,193,91,845,-3.21,-2.67,7.77,1.47,0.93,0.92,0,0.02,633.33,14.44,4399114.27,12.81
8770,"writingprompts",3928,854,83,3844,-2.66,-1.83,6.95,1.39,0.9,0.9,0,0.05,530.97,6.2,3616649.9,5
8771,"writingprompts",2832,597,293,2538,-2.73,-2.02,6.93,1.57,0.84,0.83,0,0.01,516.48,7.54,3597499.06,6.47
8772,"writingprompts",4059,888,172,3886,-2.68,-1.95,6.43,1.44,0.83,0.82,0,0.03,480.17,7.03,3215992.32,5.88
8773,"writingprompts",1018,239,36,981,-3.16,-2.44,8.19,1.76,0.96,0.96,0,0.03,690.88,11.47,4700788.63,10.3
8774,"writingprompts",9281,2388,160,9120,-2.81,-2.01,7.56,1.61,0.74,0.78,0.01,0.1,597.4,7.5,4085897.51,6.41
8775,"writingprompts",3063,603,274,2788,-3.07,-2.33,7.57,1.64,0.93,0.93,0,0.03,580.28,10.28,3667214.9,9.02
8776,"writingprompts",5353,1174,148,5204,-2.88,-2.16,7.05,1.63,0.87,0.84,0.01,0.06,553.07,8.62,3463531.02,7.48
8777,"writingprompts",5899,1403,79,5819,-2.93,-2.14,7.67,1.55,0.86,0.85,0,0.03,661.85,8.5,4612439.35,7.33
8778,"writingprompts",879,184,132,746,-3.27,-2.74,6.54,1.7,0.83,0.84,0,0.04,588.15,15.48,3893502.29,13.95
8779,"writingprompts",5089,1256,155,4933,-2.73,-1.94,7.24,1.48,0.75,0.76,0.01,0.07,581.44,6.96,3991241.72,5.79
8780,"writingprompts",4538,1029,191,4346,-3.36,-2.31,9.3,1.75,0.92,0.9,0,0.02,979.65,10.07,6524653.92,8.93
8781,"writingprompts",3048,647,120,2927,-3.07,-2.24,7.9,1.73,0.86,0.84,0.01,0.01,686.23,9.39,4447817.33,8.27
8782,"writingprompts",2625,610,138,2486,-2.83,-2.08,7.18,1.55,0.83,0.8,0,0.01,552.62,8.04,3712905.29,6.88
8783,"writingprompts",2294,480,20,2273,-3.25,-2.46,8.31,1.84,0.92,0.92,0,0.04,830.49,11.76,5751000.8,10.43
8784,"writingprompts",848,188,83,764,-2.94,-2.35,7.14,1.68,0.9,0.87,0,0.04,453.99,10.49,2865119.76,9.32
8785,"writingprompts",1101,203,178,922,-2.88,-2.13,7.22,1.75,0.93,0.93,0,0.02,556.02,8.41,3137631.78,7.27
8786,"writingprompts",1126,245,94,1031,-3.1,-2.66,6.66,1.59,0.97,0.97,0,0.03,602.8,14.3,4041565.18,12.91
8787,"writingprompts",1758,374,162,1595,-3.05,-2.32,7.75,1.76,0.81,0.75,0.01,0.03,707.69,10.14,5008636.21,8.98
8788,"writingprompts",1099,227,162,936,-2.81,-1.8,7.69,1.51,0.89,0.87,0,0.03,603.14,6.05,3903001.42,4.97
8789,"writingprompts",3507,704,129,3377,-2.84,-2.23,6.49,1.61,0.93,0.92,0,0.04,488,9.3,3015396.31,8.11
8790,"writingprompts",4810,1224,67,4742,-2.25,-1.46,6.01,1.29,0.83,0.83,0,0.04,375.26,4.33,2450890.8,3.31
8791,"writingprompts",2015,437,57,1957,-3.17,-2.51,7.1,1.69,0.94,0.95,0,0.02,664.71,12.3,4325421.59,11
8792,"writingprompts",721,165,48,672,-2.92,-2.06,6.9,1.48,0.91,0.89,0,0.02,539.12,7.85,3353392.71,6.45
8793,"writingprompts",2399,487,140,2258,-2.8,-1.84,7.84,1.59,0.76,0.81,0.01,0.03,622.75,6.3,4105256.86,5.28
8794,"writingprompts",1295,244,166,1128,-2.96,-2.34,6.99,1.71,0.88,0.85,0,0.02,616.49,10.33,4019469.54,9.06
8795,"writingprompts",2607,603,93,2513,-3.28,-2.62,8.23,1.85,0.95,0.95,0,0.01,780.58,13.74,5367993.76,12.55
8796,"writingprompts",3213,688,44,3168,-3.01,-2.14,7.7,1.63,0.88,0.84,0,0.02,655.09,8.54,4459607.05,7.46
8797,"writingprompts",1120,239,135,984,-2.96,-1.84,8.96,1.62,0.95,0.96,0,0.04,746.65,6.3,4901081.92,5.25
8798,"writingprompts",1159,227,138,1020,-3.08,-2.17,10.24,1.57,0.9,0.89,0.01,0.08,884.35,8.76,6884128.37,7.6
8799,"writingprompts",1312,261,40,1271,-3.25,-2.5,8.44,1.66,0.89,0.87,0,0.01,800.47,12.18,5032316.69,10.86
8800,"writingprompts",9058,1917,174,8883,-2.87,-2.03,7.67,1.64,0.87,0.87,0,0.05,611.52,7.61,4065872.36,6.54
8801,"writingprompts",5802,1352,167,5634,-2.44,-1.56,6.56,1.37,0.83,0.8,0,0.02,426.46,4.78,2785295,3.75
8802,"writingprompts",3960,846,224,3735,-2.89,-1.99,7.63,1.57,0.9,0.89,0,0.01,609.36,7.32,4293794.19,6.21
8803,"writingprompts",1545,317,79,1465,-2.84,-2.16,6.71,1.65,0.89,0.88,0,0.01,473.24,8.67,2913637.04,7.5
8804,"writingprompts",2935,629,251,2683,-3.35,-2.22,9.9,1.77,0.88,0.91,0.01,0.02,1014.5,9.21,7190721.8,8.09
8805,"writingprompts",3772,834,242,3529,-2.68,-1.9,6.42,1.52,0.84,0.82,0,0.04,478.77,6.68,3314071.23,5.56
8806,"writingprompts",2745,569,151,2593,-3.27,-2.13,10.87,1.81,0.96,0.95,0,0,1037.41,8.41,7015520.64,7.38
8807,"writingprompts",3251,809,35,3215,-2.65,-1.78,7.29,1.44,0.81,0.8,0.01,0.05,554.35,5.93,3834024.86,4.8
8808,"writingprompts",5752,1274,176,5575,-2.57,-1.79,6.57,1.41,0.84,0.84,0,0.02,481.68,5.99,3486250.87,4.86
8809,"writingprompts",900,184,86,813,-2.95,-2.11,7.72,1.59,0.97,0.97,0,0.03,669.52,8.25,4535754.76,7.05
8810,"writingprompts",1905,432,15,1889,-3.04,-2.22,7.41,1.55,0.94,0.94,0,0.01,636.39,9.26,4273456.25,8
8811,"writingprompts",2544,635,150,2393,-2.28,-1.4,6.62,1.28,0.73,0.69,0.01,0.08,420.81,4.06,2869978.3,3.04
8812,"writingprompts",6076,1308,60,6015,-3.04,-2.26,8.18,1.8,0.89,0.89,0,0.03,701.32,9.58,4874796.14,8.5
8813,"writingprompts",4588,1130,134,4453,-2.98,-1.96,9.58,1.76,0.79,0.76,0.01,0.04,837.43,7.06,5913344.04,6.04
8814,"writingprompts",2317,487,203,2113,-2.9,-2.17,7.2,1.62,0.91,0.91,0,0.02,561.28,8.76,3553458.37,7.57
8815,"writingprompts",2453,558,48,2404,-3.1,-2.39,7.85,1.72,0.88,0.9,0.01,0.03,736.5,10.91,5092600.25,9.54
8816,"writingprompts",6601,1534,256,6344,-2.74,-1.99,6.69,1.49,0.85,0.86,0.01,0.09,507.22,7.32,3124467.26,6.24
8817,"writingprompts",5371,1197,145,5225,-2.33,-1.58,5.74,1.35,0.87,0.88,0,0.04,353.61,4.85,2394157.44,3.82
8818,"writingprompts",1004,171,259,744,-3.5,-2.93,7.77,1.95,0.94,0.94,0,0.05,865.94,18.73,5639308.58,17.22
8819,"writingprompts",3991,897,81,3909,-2.94,-2.19,7.6,1.69,0.9,0.87,0,0.03,640.29,8.94,4357749.27,7.8
8820,"writingprompts",4024,844,157,3866,-3.22,-2.4,7.84,1.65,0.91,0.9,0,0.02,773.99,10.96,5109449.84,9.71
8821,"writingprompts",2026,433,145,1880,-3.14,-2.26,7.64,1.71,0.88,0.87,0,0.01,696.38,9.58,4264543.63,8.42
8822,"writingprompts",1346,243,149,1196,-3.29,-2.33,8.8,1.77,0.98,0.97,0,0.01,875.73,10.28,6382913.36,9.19
8823,"writingprompts",835,186,46,788,-3.21,-2.6,7.65,1.72,0.98,0.98,0,0.02,677.89,13.52,4817699.08,12.2
8824,"writingprompts",5196,1171,125,5070,-3.1,-2.32,7.47,1.66,0.82,0.79,0.01,0.07,638.12,10.18,3997323.67,8.98
8825,"writingprompts",2844,577,40,2803,-3.2,-2.23,8.89,1.87,0.94,0.94,0,0.03,785.63,9.3,5389544.8,8.21
8826,"writingprompts",3511,827,91,3419,-2.86,-2.13,7.1,1.6,0.9,0.88,0,0.05,540.61,8.41,3731160.18,7.32
8827,"writingprompts",949,179,114,834,-2.76,-1.84,6.27,1.25,0.99,0.98,0,0.02,534.61,6.3,3414033.16,5.04
8828,"writingprompts",781,154,52,728,-3.77,-2.99,10.55,2.07,0.98,0.98,0,0.01,1218.77,19.79,7916986.41,18.57
8829,"writingprompts",3702,781,213,3488,-2.48,-1.64,5.92,1.25,0.8,0.79,0,0.03,374.5,5.16,2481186.36,3.97
8830,"writingprompts",2640,592,118,2521,-3.03,-2.06,8.17,1.64,0.88,0.84,0,0.02,712.51,7.88,4642430.34,6.76
8831,"writingprompts",933,186,80,852,-3.28,-2.43,8.3,1.79,0.97,0.97,0,0.01,737.23,11.36,4634757.34,10.18
8832,"writingprompts",2428,514,163,2264,-2.8,-1.98,6.78,1.45,0.92,0.91,0,0.04,460.42,7.2,3049882.84,5.94
8833,"writingprompts",2837,641,86,2750,-2.66,-1.95,6.7,1.49,0.88,0.86,0,0.05,476.7,7.03,3179727.32,5.86
8834,"writingprompts",900,156,170,729,-3.75,-2.65,10.23,1.87,0.8,0.77,0.01,0.06,1192.62,14.16,8650482.22,12.92
8835,"writingprompts",6466,1518,252,6213,-2.37,-1.53,6.35,1.28,0.82,0.8,0.01,0.05,422.46,4.62,2887478.97,3.56
8836,"writingprompts",2228,501,91,2136,-3.19,-2.48,9.2,1.9,0.94,0.96,0,0.01,872.23,11.94,6481175.91,10.87
8837,"writingprompts",2046,485,35,2010,-2.58,-1.67,7.16,1.37,0.83,0.81,0.01,0.04,585.71,5.31,4457558.55,4.24
8838,"writingprompts",8467,1801,109,8357,-2.79,-2.03,6.57,1.52,0.87,0.87,0,0.04,520.09,7.61,3497348.97,6.46
8839,"writingprompts",1836,365,147,1688,-3.69,-2.61,11.13,2.1,0.96,0.95,0,0.01,1440.39,13.6,9563784.88,12.47
8840,"writingprompts",3371,739,134,3236,-2.76,-2.13,5.72,1.42,0.91,0.89,0,0.03,413.41,8.41,2660425.44,7.14
8841,"writingprompts",1034,231,172,861,-2.97,-2.17,7.2,1.46,0.89,0.89,0,0.01,615.11,8.76,4581240.73,7.41
8842,"writingprompts",3266,731,34,3231,-3.16,-2.33,8.68,1.88,0.93,0.92,0,0,755.28,10.28,4832366.63,9.25
8843,"writingprompts",2243,485,148,2094,-3.89,-3,11.01,2.31,0.96,0.97,0,0.03,1303.75,20.09,8830248.98,18.93
8844,"writingprompts",1754,467,26,1727,-2.81,-2.02,6.59,1.54,0.81,0.8,0,0.04,507.46,7.54,3403411.83,6.46
8845,"writingprompts",4660,1018,235,4424,-2.98,-2.2,8.17,1.74,0.89,0.89,0,0.05,723.27,9.07,5003323.67,7.95
8846,"writingprompts",5430,1223,230,5199,-2.91,-2.04,7.91,1.59,0.84,0.83,0,0.02,655.85,7.69,4548053.5,6.54
8847,"writingprompts",1111,251,28,1082,-3.27,-2.46,8.36,1.82,0.98,0.97,0,0.01,862.52,11.7,6156496.29,10.63
8848,"writingprompts",4681,1148,35,4645,-2.61,-1.7,6.9,1.39,0.87,0.84,0,0.03,543.35,5.5,3844613.93,4.39
8849,"writingprompts",1637,414,49,1587,-2.77,-1.9,7.04,1.48,0.88,0.85,0.01,0.1,558.08,6.66,3595425.27,5.5
8850,"writingprompts",4718,1007,140,4577,-2.9,-2.09,7.72,1.69,0.87,0.86,0,0.03,667.92,8.08,4775372.59,7
8851,"writingprompts",1829,400,259,1569,-2.53,-1.7,7.35,1.36,0.79,0.8,0,0.03,506.48,5.5,3703855.77,4.41
8852,"writingprompts",6896,1523,100,6795,-2.59,-1.79,6.55,1.46,0.87,0.87,0,0.03,485.99,5.99,3255444.92,4.93
8853,"writingprompts",2839,684,146,2692,-2.49,-1.77,6.27,1.31,0.75,0.71,0.01,0.02,441.17,5.87,3167059.04,4.66
8854,"writingprompts",1484,287,155,1328,-3.48,-2.61,9.09,1.83,0.91,0.9,0,0.05,968.67,13.6,6781865.48,12.22
8855,"writingprompts",1921,412,190,1730,-3.48,-2.68,8.77,1.91,0.92,0.9,0,0.04,948.22,14.59,6608438.04,13.24
8856,"writingprompts",1189,262,67,1121,-3.1,-2.38,7.28,1.72,0.95,0.94,0,0.04,645.5,10.8,4237883.23,9.56
8857,"writingprompts",1595,372,5,1589,-2.89,-2.22,7.16,1.75,0.94,0.93,0,0.02,568.97,9.26,3910522.32,8.17
8858,"writingprompts",3227,610,111,3115,-3.04,-2.2,8,1.74,0.92,0.91,0,0.01,679.9,9.07,4521873.53,7.92
8859,"writingprompts",2364,531,79,2284,-2.52,-1.63,6.7,1.27,0.9,0.89,0,0.03,508.13,5.1,3707008.12,4.02
8860,"writingprompts",4746,976,162,4583,-2.81,-2.03,7.33,1.56,0.9,0.91,0,0.06,583.09,7.61,4026291.11,6.48
8861,"writingprompts",962,195,70,891,-3.31,-2.61,8.1,1.87,0.95,0.94,0,0.03,792.35,13.6,5556409.25,12.45
8862,"writingprompts",931,171,147,783,-3.65,-3.17,9.14,2.06,0.98,1,0,0,848.1,23.81,5021118.61,22.36
8863,"writingprompts",3639,787,147,3491,-2.99,-2.2,7.41,1.67,0.88,0.87,0,0.02,585.72,9.03,3738268.87,7.86
8864,"writingprompts",4205,845,181,4023,-3.06,-2.29,8,1.66,0.92,0.91,0,0.02,729.26,9.87,4866612.14,8.68
8865,"writingprompts",4870,1077,86,4783,-3.32,-2.55,9.16,1.95,0.9,0.88,0,0.02,858.94,12.81,5667474.14,11.74
8866,"writingprompts",1584,338,75,1508,-3.07,-2.24,8.02,1.64,0.89,0.88,0,0.01,677.19,9.44,4519015.74,8.21
8867,"writingprompts",3998,922,131,3866,-3.18,-2.39,8.75,1.79,0.79,0.77,0,0.01,858.23,10.91,5954740.27,9.75
8868,"writingprompts",3022,832,191,2830,-3.02,-2.05,9.98,1.96,0.76,0.73,0.01,0.02,808.02,7.77,5585701.78,6.77
8869,"writingprompts",3407,800,62,3344,-3.35,-2.63,8.54,1.78,0.82,0.78,0.01,0.02,804.89,13.87,5414051.48,12.56
8870,"writingprompts",722,149,91,630,-4.9,-4.54,10.34,2.44,0.99,0.99,0,0.01,1856.36,93.69,11302751.32,92.18
8871,"writingprompts",731,182,67,663,-3.01,-2.44,7.62,1.88,0.89,0.9,0.01,0.07,732.29,11.48,5257799.32,10.46
8872,"writingprompts",2146,459,59,2086,-2.42,-1.69,5.89,1.32,0.83,0.8,0,0.03,390.62,5.42,2595135.96,4.28
8873,"writingprompts",2660,539,237,2422,-2.97,-2.18,7.16,1.61,0.91,0.88,0,0.01,647.43,8.85,4706900.93,7.59
8874,"writingprompts",3122,685,152,2969,-2.76,-1.93,7.25,1.44,0.93,0.93,0,0.02,536.62,6.89,3645949.74,5.69
8875,"writingprompts",2879,615,189,2689,-2.97,-2.23,7.63,1.63,0.95,0.95,0,0.01,661.86,9.3,4581577.15,8.18
8876,"writingprompts",5340,1186,67,5272,-2.83,-2.07,6.88,1.49,0.84,0.81,0,0.04,549.15,7.92,3774917.85,6.75
8877,"writingprompts",2464,591,60,2403,-3.53,-2.73,10.16,2.19,0.91,0.89,0,0.01,1151.45,15.33,7845843.18,14.31
8878,"writingprompts",2036,488,106,1929,-2.69,-1.78,7,1.37,0.83,0.82,0,0.03,579.29,5.9,3987243.13,4.73
8879,"writingprompts",3556,796,157,3398,-2.93,-2.26,6.94,1.6,0.85,0.84,0,0.02,572.71,9.58,3884224.95,8.33
8880,"writingprompts",5831,1281,57,5773,-2.77,-1.87,7.55,1.56,0.8,0.77,0.01,0.04,590.89,6.49,4052072.51,5.4
8881,"writingprompts",6487,1511,162,6324,-2.42,-1.7,5.82,1.34,0.82,0.81,0,0.04,387.27,5.47,2569366.95,4.39
8882,"writingprompts",3055,663,195,2859,-2.59,-1.63,6.76,1.34,0.86,0.83,0,0.01,487.94,5.1,3275903.37,4.02
8883,"writingprompts",3977,907,135,3841,-3.07,-2.27,7.79,1.72,0.93,0.95,0,0.03,678.86,9.68,4382818.08,8.53
8884,"writingprompts",669,132,120,548,-3.26,-2.48,8.62,1.61,0.91,0.9,0,0.02,734.19,11.94,5319830.22,10.62
8885,"writingprompts",2697,619,200,2496,-2.47,-1.64,6.61,1.42,0.92,0.93,0,0.04,486.12,5.16,3440602.66,4.11
8886,"writingprompts",4753,969,135,4617,-3.27,-2.49,8.07,1.85,0.92,0.9,0,0.01,763.52,12.06,4928361.65,10.92
8887,"writingprompts",6359,1631,125,6233,-2.49,-1.64,6.48,1.5,0.79,0.76,0.01,0.05,388.54,5.16,2313031.19,4.15
8888,"writingprompts",2958,654,73,2884,-3.04,-2.28,6.83,1.54,0.93,0.94,0,0.03,592.79,9.77,3992895.35,8.43
8889,"writingprompts",2333,525,55,2277,-2.56,-1.49,8.19,1.3,0.73,0.68,0.01,0.02,610.49,4.44,4238856.51,3.35
8890,"writingprompts",1661,350,234,1426,-3.93,-3.36,8.28,2.17,0.96,0.96,0,0.02,1030.57,28.79,6157103.75,27.38
8891,"writingprompts",3146,684,140,3005,-2.84,-1.96,6.83,1.45,0.83,0.79,0.01,0.04,568.94,7.1,3640321.7,5.85
8892,"writingprompts",1070,238,67,1002,-3.61,-2.96,9.71,2.15,0.98,0.97,0,0.01,1203.34,19.4,8544668.21,18.25
8893,"writingprompts",1022,192,153,868,-2.89,-2.08,6.96,1.54,0.97,0.96,0,0.01,591.49,7.96,4015642.88,6.79
8894,"writingprompts",2060,443,149,1910,-3.29,-2.6,8.82,1.92,0.94,0.92,0,0.01,854.84,13.46,6066876.55,12.34
8895,"writingprompts",845,145,106,738,-3.71,-2.74,10.26,2.26,0.99,1,0,0,1041.73,15.49,6779397.05,14.42
8896,"writingprompts",1026,235,59,966,-3.25,-2.69,8.16,1.79,0.93,0.93,0,0.01,741.97,14.73,4846990.12,13.38
8897,"writingprompts",2373,473,217,2155,-2.68,-1.92,6.6,1.49,0.9,0.91,0,0.05,448.35,6.82,2929140.85,5.69
8898,"writingprompts",1259,267,57,1201,-3.04,-2.42,6.63,1.69,0.93,0.93,0,0.04,581.55,11.25,3807292.93,9.97
8899,"writingprompts",946,205,183,762,-3.12,-2.55,8.6,1.96,0.87,0.87,0,0.03,791.7,12.81,5588401.14,11.72
8900,"writingprompts",747,145,57,689,-4.31,-3.94,10.65,2.47,0.95,0.95,0,0.01,1226.02,51.42,6991431.93,50.15
8901,"writingprompts",690,145,54,635,-3.62,-2.71,9.95,2.13,0.96,0.95,0,0.01,954.33,15.03,6371317.01,13.83
8902,"writingprompts",3001,627,224,2776,-3.71,-2.94,9.27,2.12,0.95,0.94,0,0.03,1006.83,18.92,6594734.27,17.66
8903,"writingprompts",765,134,160,604,-3.03,-2.02,8.97,1.54,0.89,0.9,0,0.03,673.53,7.58,4626366.21,6.48
8904,"writingprompts",5166,1165,168,4997,-3.08,-2.17,8.4,1.67,0.87,0.88,0.01,0.01,769.34,8.76,5195719.51,7.64
8905,"writingprompts",1013,219,74,938,-3.57,-2.9,9.25,1.69,0.9,0.89,0,0.02,967.06,18.17,6980286.31,16.78
8906,"writingprompts",2463,529,174,2288,-2.55,-1.96,5.85,1.47,0.84,0.87,0.01,0.11,363.09,7.1,2465803.61,5.91
8907,"writingprompts",1122,226,96,1025,-3.47,-2.77,8.43,1.97,0.96,0.94,0,0.02,970.64,15.96,6588902.69,14.68
8908,"writingprompts",975,183,120,854,-3.18,-2.16,9.04,1.8,0.9,0.89,0,0.03,853.79,8.67,6227672.34,7.48
8909,"writingprompts",7627,1656,135,7491,-2.68,-1.96,6.13,1.44,0.8,0.77,0.01,0.02,455.69,7.14,3029213.55,5.96
8910,"writingprompts",2451,602,62,2388,-2.79,-2.04,6.71,1.49,0.69,0.6,0.03,0.06,547.54,7.69,3686858.18,6.51
8911,"writingprompts",3441,758,197,3243,-3.46,-2.55,9.2,1.81,0.87,0.88,0,0.03,978.53,12.88,6905907.81,11.62
8912,"writingprompts",1653,343,112,1540,-3.03,-2.31,7.68,1.85,0.91,0.91,0,0.05,664.83,10.07,4288757.41,9.04
8913,"writingprompts",1213,197,197,1015,-3.19,-2.15,9.72,1.5,0.98,0.98,0,0.01,845.2,8.58,6069616.08,7.03
8914,"writingprompts",3681,1006,192,3488,-2.1,-1.02,6.77,1.01,0.79,0.75,0.01,0.05,387.17,2.77,2602453.07,1.77
8915,"writingprompts",1441,283,200,1240,-3.42,-2.54,10.3,1.8,0.92,0.9,0,0.01,994.87,12.68,7103246.88,11.49
8916,"writingprompts",1450,365,189,1260,-3.27,-2.77,8.87,2.18,0.84,0.85,0.01,0.07,878.4,15.96,6164458.81,14.95
8917,"writingprompts",8887,2129,52,8834,-2.61,-1.7,7.89,1.48,0.77,0.75,0.01,0.05,573.4,5.47,4172793.42,4.45
8918,"writingprompts",3337,764,273,3063,-2.69,-1.9,7.25,1.57,0.85,0.86,0,0.03,572.11,6.69,4132112.57,5.65
8919,"writingprompts",727,143,65,661,-3.23,-2.34,8.94,1.83,0.92,0.94,0,0.01,1051.99,10.38,7464349.81,9.36
8920,"writingprompts",1369,267,133,1235,-2.41,-1.68,5.83,1.35,0.91,0.89,0,0.03,382.21,5.37,2711615.07,4.24
8921,"writingprompts",4421,953,19,4401,-3,-2.14,8.06,1.69,0.87,0.89,0.01,0.02,633.6,8.5,4219435.82,7.36
8922,"writingprompts",2343,534,108,2234,-2.43,-1.59,6.19,1.25,0.87,0.87,0,0.01,420.39,4.9,2973329.67,3.76
8923,"writingprompts",795,149,68,726,-3.16,-2.35,7.61,1.62,0.98,0.99,0,0.01,765.91,10.49,5264300.76,9.03
8924,"writingprompts",3641,826,72,3568,-2.53,-1.92,5.54,1.5,0.89,0.87,0,0.03,319.66,6.82,2079812.26,5.69
8925,"writingprompts",1888,442,29,1858,-3.08,-2.5,7.47,1.65,0.9,0.92,0.01,0.07,596.33,12.18,4139940.26,10.84
8926,"writingprompts",2608,582,67,2540,-2.65,-1.96,6.61,1.4,0.88,0.86,0.01,0.07,519.07,7.1,3740502.36,5.88
8927,"writingprompts",2003,521,139,1863,-2.82,-2,8.27,1.72,0.57,0.54,0.01,0.02,661.29,7.39,4760738.8,6.35
8928,"writingprompts",4688,1112,54,4633,-2.74,-1.85,7.62,1.59,0.8,0.84,0.01,0.06,574.44,6.36,3887612.96,5.33
8929,"writingprompts",5361,1225,197,5163,-2.84,-2.11,7.33,1.48,0.77,0.77,0.01,0.03,576.81,8.25,4004747.86,6.93
8930,"writingprompts",2567,570,80,2486,-2.78,-1.79,7.76,1.51,0.94,0.94,0,0.02,695.53,5.99,4804937.02,4.91
8931,"writingprompts",3592,837,96,3495,-2.31,-1.52,5.76,1.18,0.79,0.75,0.02,0.11,383.48,4.57,2694145.6,3.42
8932,"writingprompts",2170,476,29,2140,-3.34,-2.68,8.08,1.9,0.93,0.92,0,0.03,803.03,14.66,5298762.88,13.42
8933,"writingprompts",2072,442,52,2019,-2.89,-2.08,7.05,1.54,0.8,0.8,0,0.03,567.99,8,4019594.79,6.78
8934,"writingprompts",7458,1575,150,7307,-3.3,-2.42,8.74,1.77,0.91,0.89,0,0.01,878.88,11.25,6120563.04,10.08
8935,"writingprompts",2049,470,45,2003,-3.39,-2.57,8.97,2.01,0.86,0.86,0.01,0.09,965.62,13.07,6312973.55,12
8936,"writingprompts",1343,290,63,1279,-2.62,-1.74,7.56,1.42,0.86,0.86,0,0.04,662.58,5.72,4854089.41,4.57
8937,"writingprompts",828,150,151,676,-4.68,-4.22,11.13,2.49,0.98,0.98,0,0.01,1645.14,68.62,9963744.53,67.44
8938,"writingprompts",3256,769,148,3107,-2.99,-2.11,8.03,1.64,0.82,0.81,0.01,0.02,644.35,8.25,4350550.84,7.14
8939,"writingprompts",2736,555,187,2548,-3.67,-2.77,10.73,2.19,0.95,0.95,0,0.01,1258.59,15.96,8565537.86,14.89
8940,"writingprompts",5872,1514,95,5776,-2.44,-1.53,7.21,1.41,0.8,0.8,0.01,0.1,522.17,4.62,3630612.64,3.61
8941,"writingprompts",849,183,96,752,-3.84,-3.13,11.26,2.4,0.94,0.93,0,0.03,1275.92,22.87,8835070.88,21.64
8942,"writingprompts",5520,1356,128,5391,-2.58,-1.75,6.81,1.49,0.87,0.86,0,0.06,484.98,5.75,3133084.57,4.73
8943,"writingprompts",4657,986,141,4515,-2.44,-1.55,6.25,1.28,0.78,0.71,0.01,0.02,428.62,4.71,2770301.85,3.62
8944,"writingprompts",4418,1066,114,4303,-2.44,-1.57,6.7,1.28,0.81,0.77,0.01,0.04,449.08,4.8,2987155.6,3.71
8945,"writingprompts",3180,714,193,2986,-2.61,-2,6.19,1.49,0.85,0.81,0.01,0.03,374.64,7.39,2517357.47,6.14
8946,"writingprompts",2234,519,60,2173,-3.51,-3,9.04,1.96,0.76,0.76,0.01,0.05,945.15,20.09,6704904.59,19
8947,"writingprompts",7984,1723,101,7882,-2.87,-2.09,7.37,1.63,0.82,0.79,0,0.02,594.38,8.08,3839021.64,6.96
8948,"writingprompts",1106,239,119,986,-3.09,-2.3,8.84,1.73,0.95,0.94,0,0.02,781.48,9.97,5004002.14,8.86
8949,"writingprompts",3220,685,87,3132,-3.27,-2.63,8.34,1.92,0.97,0.98,0,0.02,837.9,13.87,6026556.98,12.75
8950,"writingprompts",6291,1473,103,6187,-2.37,-1.49,6.18,1.3,0.84,0.82,0.01,0.07,395.67,4.44,2606921.21,3.42
8951,"writingprompts",3932,829,202,3729,-2.81,-1.92,7.23,1.57,0.91,0.9,0,0.02,571.94,6.82,3679545.84,5.75
8952,"writingprompts",2732,621,89,2642,-2.57,-1.78,6.62,1.42,0.85,0.85,0.01,0.06,381.57,5.93,2287334.79,4.74
8953,"writingprompts",1788,321,259,1528,-2.35,-1.68,5.37,1.37,0.95,0.96,0,0.02,361.43,5.37,2403346.63,4.23
8954,"writingprompts",2645,525,74,2570,-2.76,-1.96,7.35,1.48,0.87,0.86,0,0.01,637.1,7.1,4649402.26,5.98
8955,"writingprompts",1994,437,204,1789,-2.54,-1.69,6.73,1.4,0.91,0.89,0,0.05,595.4,5.42,4425445.53,4.36
8956,"writingprompts",4943,1086,223,4719,-2.94,-2.26,7.82,1.72,0.87,0.87,0,0.05,716.81,9.54,5117027.88,8.46
8957,"writingprompts",9702,1947,202,9499,-2.96,-2.24,7.73,1.7,0.85,0.85,0.01,0.06,638,9.39,4435421.25,8.25
8958,"writingprompts",3739,802,135,3603,-2.84,-1.99,7.42,1.5,0.89,0.89,0,0.06,621.07,7.32,4413238.59,6.2
8959,"writingprompts",939,168,148,790,-3.25,-2.47,10.15,1.72,0.98,0.98,0,0.01,880.05,11.82,6566808.42,10.22
8960,"writingprompts",3209,669,197,3011,-2.94,-2.29,6.32,1.55,0.94,0.95,0,0.03,540.73,9.87,3621988.7,8.6
8961,"writingprompts",3019,683,74,2944,-2.4,-1.7,5.88,1.34,0.85,0.87,0.01,0.11,399.89,5.47,2682728.43,4.39
8962,"writingprompts",1467,312,91,1375,-2.62,-1.91,6.67,1.3,0.93,0.94,0,0.04,505.27,6.76,3652103.65,5.39
8963,"writingprompts",3598,816,15,3582,-2.6,-1.86,6.33,1.43,0.82,0.77,0.01,0.02,485.01,6.39,3304092.31,5.22
8964,"writingprompts",1259,231,259,999,-2.6,-1.86,7.61,1.6,0.86,0.87,0.01,0.03,579.47,6.42,4521550.53,5.35
8965,"writingprompts",2960,698,64,2895,-2.63,-1.75,7.04,1.4,0.89,0.88,0.01,0.06,527.26,5.75,3587625.96,4.62
8966,"writingprompts",9903,2236,101,9801,-2.58,-1.68,7.41,1.48,0.69,0.65,0.01,0.05,565.07,5.37,3905093.56,4.35
8967,"writingprompts",940,186,184,755,-2.84,-1.98,7.03,1.61,0.97,0.97,0,0.03,548.9,7.24,3855619.91,6.1
8968,"writingprompts",1892,366,196,1695,-2.67,-1.9,6.29,1.44,0.94,0.94,0,0.03,403.45,6.68,2452740.24,5.6
8969,"writingprompts",1807,377,154,1652,-3.27,-2.57,8.4,1.85,0.95,0.95,0,0.01,811.82,13.07,5561027.09,11.85
8970,"writingprompts",1896,414,201,1694,-2.64,-1.75,6.95,1.34,0.81,0.83,0.01,0.13,525.22,5.76,3612604.85,4.57
8971,"writingprompts",1678,342,122,1555,-3.73,-3.08,8.77,1.92,0.96,0.94,0,0.01,1039.16,21.87,7041593.97,20.37
8972,"writingprompts",4350,964,144,4205,-2.58,-1.72,6.74,1.33,0.85,0.87,0,0.02,486.94,5.56,3407281,4.39
8973,"writingprompts",6422,1571,105,6316,-2.73,-1.9,6.65,1.41,0.75,0.75,0.01,0.02,507.26,6.69,3444846.97,5.52
8974,"writingprompts",1248,284,107,1140,-3.56,-3.03,8.32,2.08,0.9,0.9,0,0.01,906.7,20.7,6042399.64,19.34
8975,"writingprompts",2126,444,107,2018,-3.33,-2.72,7.52,1.75,0.92,0.93,0,0.04,751.87,15.18,5087867.96,13.65
8976,"writingprompts",4635,1018,292,4342,-2.54,-1.78,5.95,1.29,0.81,0.79,0.01,0.06,409.94,5.93,2725116.83,4.77
8977,"writingprompts",1387,301,136,1250,-2.99,-1.82,9.39,1.45,0.88,0.86,0,0.02,791.8,6.17,5878047.76,5.1
8978,"writingprompts",3402,745,96,3305,-3.22,-2.49,8.24,1.75,0.92,0.93,0,0.04,827.51,12.06,5904004.15,10.85
8979,"writingprompts",2799,602,124,2674,-3.26,-2.48,7.88,1.72,0.93,0.93,0,0.03,784.54,11.94,5561291.08,10.64
8980,"writingprompts",3023,651,131,2891,-2.85,-1.96,7.41,1.41,0.9,0.9,0,0.04,619.35,7.1,4157002.37,5.87
8981,"writingprompts",3164,764,25,3138,-2.25,-1.68,4.78,1.34,0.77,0.73,0.01,0.04,250.61,5.37,1480926.5,4.22
8982,"writingprompts",3908,845,107,3800,-3.29,-2.51,8.75,1.87,0.91,0.91,0,0.05,801.02,12.3,5523253.87,11.21
8983,"writingprompts",669,137,72,596,-4.63,-4.05,11.07,2.51,0.98,0.98,0,0,1765.94,57.4,11277414.19,56.31
8984,"writingprompts",5092,1134,6,5085,-3.19,-2.58,7.69,1.95,0.92,0.92,0,0.05,675.05,13.2,4394871.09,12.06
8985,"writingprompts",5837,1382,170,5666,-2.5,-1.83,5.64,1.38,0.79,0.78,0.01,0.07,366.84,6.2,2357926.08,5
8986,"writingprompts",3545,806,134,3410,-2.93,-2.12,7.01,1.64,0.88,0.86,0,0.03,558.83,8.37,3406463.07,7.22
8987,"writingprompts",5991,1310,170,5820,-2.8,-2.08,6.64,1.56,0.87,0.85,0,0.03,538.84,8,3799476.43,6.84
8988,"writingprompts",4081,958,82,3998,-3.07,-2.22,7.77,1.64,0.8,0.78,0,0.03,765.59,9.26,5264817.41,8.12
8989,"writingprompts",3375,783,151,3223,-2.4,-1.72,5.94,1.43,0.9,0.89,0,0.03,369.9,5.58,2305200.31,4.52
8990,"writingprompts",2725,676,232,2492,-2.1,-1.27,5.18,1.09,0.69,0.61,0.01,0.03,277.08,3.54,1719571.92,2.51
8991,"writingprompts",2224,485,192,2031,-3.27,-2.39,9.04,1.86,0.96,0.97,0,0.01,864.25,10.91,5945330.07,9.75
8992,"writingprompts",2069,428,252,1816,-3.87,-3.08,8.98,2.06,0.95,0.95,0,0.01,1011.1,21.65,6443592.79,20.3
8993,"writingprompts",5875,1456,136,5738,-2.28,-1.41,6.36,1.3,0.76,0.75,0,0.03,398.07,4.1,2700964.97,3.09
8994,"writingprompts",1206,280,27,1178,-3.43,-2.76,8.2,1.84,0.95,0.95,0,0.01,716.78,15.72,4015807.24,14.38
8995,"writingprompts",1297,374,37,1259,-3.98,-3.16,11.13,2.42,0.92,0.93,0,0.01,1413.6,23.46,9790485.84,22.37
8996,"writingprompts",2378,435,270,2107,-3.3,-2.58,8.22,1.81,0.96,0.98,0,0.02,786.86,13.2,5559761.79,11.93
8997,"writingprompts",2514,536,217,2296,-2.87,-2.01,7.79,1.57,0.94,0.95,0,0.02,617.8,7.46,4432668.18,6.35
8998,"writingprompts",2620,558,78,2541,-3.03,-2.1,8.64,1.74,0.93,0.93,0,0.02,759.74,8.17,5188062.58,7.09
8999,"writingprompts",2622,576,106,2515,-3.37,-2.76,7.23,1.65,0.94,0.93,0,0.02,615.76,15.72,3878492.83,14.31
9000,"writingprompts",1987,488,64,1922,-2.95,-2.14,7.73,1.63,0.84,0.83,0,0.01,685,8.54,4928987.16,7.42
9001,"writingprompts",4351,918,39,4311,-3.47,-2.64,9.34,1.91,0.93,0.93,0,0.01,953.91,14.01,6561373.1,12.82
9002,"writingprompts",5879,1421,140,5738,-2.64,-1.77,7.1,1.54,0.85,0.86,0,0.05,534.29,5.87,3483955.24,4.86
9003,"writingprompts",6265,1302,36,6228,-3.2,-2.38,8.48,1.72,0.88,0.87,0,0.04,852.89,10.8,6064466.55,9.65
9004,"writingprompts",860,169,124,735,-2.97,-2.11,7.18,1.48,0.94,0.93,0,0.03,637.59,8.25,4815482.37,7.02
9005,"writingprompts",1584,382,62,1521,-2.87,-2.25,6.77,1.58,0.91,0.91,0,0.06,540,9.49,3542149.99,8.25
9006,"writingprompts",1063,241,90,972,-3.54,-3.12,7.82,2.05,0.97,0.97,0,0.01,752.86,22.65,4806290.04,21.14
9007,"writingprompts",3424,889,169,3254,-2.61,-1.71,7.44,1.41,0.84,0.84,0.01,0.07,580.05,5.53,3901745.82,4.49
9008,"writingprompts",2145,428,198,1946,-3.11,-2.4,7.46,1.71,0.92,0.89,0,0.02,663.89,10.98,4224290.01,9.85
9009,"writingprompts",1031,210,170,860,-4.2,-3.84,12.17,2.54,1,1,0,0,1456.13,46.32,9964619.22,45.24
9010,"writingprompts",1378,307,109,1268,-3.19,-2.51,7.98,1.87,0.91,0.9,0,0.06,603.96,12.3,3420720.08,11.1
9011,"writingprompts",3756,762,283,3472,-3.09,-2.28,7.98,1.64,0.89,0.88,0,0.04,657.29,9.73,4387585.05,8.47
9012,"writingprompts",6894,1502,179,6714,-3.07,-2.29,7.61,1.64,0.84,0.83,0,0.03,691.81,9.87,4759535.98,8.66
9013,"writingprompts",1384,362,62,1321,-2.59,-1.78,6.35,1.37,0.85,0.84,0.01,0.07,449.92,5.9,2990063.62,4.71
9014,"writingprompts",1104,220,78,1025,-3.49,-2.7,8.79,1.84,0.94,0.93,0,0.01,957.33,14.88,6815753.8,13.6
9015,"writingprompts",891,173,107,783,-3.44,-2.37,9.72,1.93,0.92,0.92,0,0.01,936.74,10.7,6134266.9,9.44
9016,"writingprompts",810,181,98,711,-3.21,-2.24,9.26,1.66,0.93,0.98,0,0.02,825.06,9.39,6137528.41,8.25
9017,"writingprompts",2790,573,162,2627,-2.75,-1.98,6.83,1.53,0.91,0.91,0,0.03,543.06,7.24,3676866.81,6.09
9018,"writingprompts",3630,783,84,3545,-3.02,-2.08,8.44,1.64,0.95,0.95,0,0.02,792.96,8,5523985.8,6.94
9019,"writingprompts",3629,811,217,3411,-2.91,-1.93,8.46,1.54,0.86,0.84,0,0.01,707.01,6.89,5032653.92,5.82
9020,"writingprompts",757,150,118,638,-3.17,-2.37,8.28,1.57,0.96,0.94,0,0.02,774.64,10.64,5921893.69,9.14
9021,"writingprompts",1852,376,109,1742,-3.13,-2.44,8.3,1.81,0.93,0.91,0,0.02,793.68,11.42,5384358.97,10.36
9022,"writingprompts",3118,732,51,3066,-2.88,-2.1,7.6,1.57,0.78,0.74,0.01,0.03,618.22,8.17,4582966.06,6.95
9023,"writingprompts",3204,752,135,3068,-2.87,-2.04,7.21,1.51,0.9,0.9,0,0.04,572.22,7.73,3936085.19,6.65
9024,"writingprompts",1097,242,74,1022,-3.69,-2.98,8.79,2.01,0.74,0.74,0.02,0.05,1064.7,19.61,7331507.54,18.28
9025,"writingprompts",1472,315,137,1334,-2.68,-1.84,7.3,1.37,0.85,0.84,0,0.01,638.61,6.3,4718548.8,5.08
9026,"writingprompts",927,216,92,834,-3.63,-2.8,11.78,2.39,0.91,0.91,0,0.02,1281.87,16.36,8983422.17,15.32
9027,"writingprompts",2123,457,54,2068,-3.57,-2.69,9.05,1.81,0.96,0.96,0,0.03,963.38,14.73,6583335.65,13.25
9028,"writingprompts",2067,427,117,1949,-3.25,-2.71,7.04,1.69,0.85,0.84,0,0.01,591.34,15.03,3650531.76,13.71
9029,"writingprompts",1171,251,113,1057,-3.38,-2.52,7.65,1.8,0.95,0.95,0,0.02,762.38,12.43,4616662.17,11.31
9030,"writingprompts",2544,584,114,2429,-2.52,-1.65,6.35,1.26,0.82,0.8,0.01,0.05,435.26,5.24,2833368.17,4.11
9031,"writingprompts",2045,447,38,2006,-2.65,-1.81,6.8,1.37,0.9,0.89,0,0.03,509.42,6.11,3351845.22,4.95
9032,"writingprompts",7954,1779,85,7868,-3,-2.21,7.14,1.6,0.83,0.81,0,0.07,598.48,9.12,4028445.56,7.92
9033,"writingprompts",2799,581,118,2680,-2.53,-1.74,6.48,1.45,0.91,0.89,0,0.02,445.49,5.7,2928461.11,4.62
9034,"writingprompts",2698,563,171,2526,-2.51,-1.64,6.27,1.34,0.88,0.85,0,0.03,433.88,5.16,2739784.31,4.04
9035,"writingprompts",2278,504,55,2222,-3.09,-2.3,8.19,1.64,0.93,0.91,0,0.01,649.77,10.02,4041866.26,8.79
9036,"writingprompts",1235,226,103,1131,-3.64,-2.64,8.87,1.84,0.96,0.95,0,0.01,1152.82,14.01,7991477.06,12.67
9037,"writingprompts",2632,637,15,2616,-2.37,-1.44,6.46,1.29,0.84,0.83,0.01,0.07,423.32,4.22,2766115.58,3.21
9038,"writingprompts",744,158,46,697,-3.77,-3.28,7.27,1.74,0.97,0.97,0,0.01,925.81,26.59,6303168.02,24.66
9039,"writingprompts",3343,737,129,3213,-2.83,-1.83,7.62,1.5,0.87,0.84,0,0.04,626.44,6.23,4000757.45,5.15
9040,"writingprompts",1741,382,107,1633,-4.09,-3.37,10.59,2.25,0.96,0.96,0,0.01,1244.02,29.08,8516792.89,27.66
9041,"writingprompts",4177,823,91,4085,-3.68,-3.05,9.5,2.06,0.93,0.93,0,0.06,1012.56,21.12,7094824.63,19.78
9042,"writingprompts",800,131,189,610,-2.92,-2.16,7.75,1.79,0.97,0.96,0,0.03,692.68,8.67,5175575.32,7.52
9043,"writingprompts",3136,709,194,2941,-2.7,-1.89,7.34,1.54,0.82,0.79,0,0.01,504.07,6.62,3325834.57,5.57
9044,"writingprompts",4761,997,72,4688,-3.47,-2.46,9.24,1.77,0.82,0.81,0,0.03,1036.82,11.7,7040490.61,10.43
9045,"writingprompts",1445,322,87,1357,-2.8,-1.96,7.17,1.51,0.88,0.85,0,0.01,570.27,7.14,3572330.31,5.92
9046,"writingprompts",3987,936,136,3850,-2.61,-1.78,6.87,1.42,0.85,0.85,0,0.04,462.91,5.93,3156698.11,4.8
9047,"writingprompts",6680,1488,80,6599,-2.68,-1.94,6.45,1.44,0.83,0.81,0.01,0.06,470.46,6.92,3032226.05,5.72
9048,"writingprompts",8613,2095,279,8333,-2.41,-1.72,5.84,1.41,0.73,0.72,0,0.03,371.83,5.58,2431778.91,4.55
9049,"writingprompts",2316,502,85,2230,-2.97,-2.21,7.92,1.71,0.93,0.93,0,0.03,683.83,9.12,4687545.75,8.02
9050,"writingprompts",1908,354,255,1652,-3.45,-2.74,8.04,1.79,0.89,0.87,0,0.06,867.86,15.42,6301299.66,13.96
9051,"writingprompts",773,160,40,732,-3.93,-2.76,12.17,2.47,0.96,0.96,0,0.01,1431.15,15.88,9303599.91,14.87
9052,"writingprompts",2766,576,128,2637,-2.96,-2.11,8.31,1.59,0.86,0.84,0,0.01,691.04,8.25,4921173.74,7
9053,"writingprompts",2295,535,79,2215,-2.82,-2.04,7.19,1.49,0.91,0.91,0,0.03,598.65,7.69,3996069.62,6.47
9054,"writingprompts",3341,696,174,3166,-2.49,-1.83,5.24,1.43,0.82,0.81,0.01,0.05,292.31,6.23,1887892.01,5.11
9055,"writingprompts",3370,746,44,3325,-3.36,-2.56,8.47,1.77,0.94,0.94,0,0.02,846.62,13,5684466.58,11.74
9056,"writingprompts",1329,282,40,1288,-3.75,-3.02,9.16,2.16,0.95,0.95,0,0,987.66,20.51,6486009.34,19.38
9057,"writingprompts",2900,704,243,2656,-3.06,-2.34,8.05,1.88,0.82,0.81,0.01,0.07,726.04,10.38,4611939.36,9.32
9058,"writingprompts",3949,966,150,3798,-2.59,-1.82,6.66,1.48,0.65,0.59,0.03,0.1,465.22,6.17,2936464.4,5.04
9059,"writingprompts",6612,1447,198,6413,-1.9,-0.94,5.76,0.94,0.6,0.5,0.07,0.22,282.33,2.56,1813518.96,1.56
9060,"writingprompts",6461,1518,148,6312,-2.51,-1.69,6.39,1.36,0.8,0.77,0.01,0.03,420.17,5.42,2618499.38,4.29
9061,"writingprompts",1518,324,134,1383,-4.02,-2.8,12.33,2.23,0.94,0.94,0,0.01,1582.59,16.37,10612513.3,15.18
9062,"writingprompts",2540,515,129,2410,-2.92,-2.18,7.61,1.67,0.92,0.91,0,0.02,592.77,8.85,3923947.65,7.71
9063,"writingprompts",1904,423,165,1738,-3.32,-2.45,10.31,2.15,0.64,0.6,0.04,0.12,950.03,11.59,6581963.2,10.54
9064,"writingprompts",4193,1090,40,4152,-2.97,-2.09,8.6,1.73,0.77,0.7,0.02,0.09,708.53,8.12,4858851.19,7.04
9065,"writingprompts",3651,854,90,3560,-3.22,-2.52,8.92,1.95,0.93,0.91,0,0.03,786.15,12.43,5569282.94,11.26
9066,"writingprompts",1772,329,172,1599,-2.84,-1.76,7.93,1.34,0.95,0.95,0,0.02,684.68,5.81,4340027,4.7
9067,"writingprompts",4322,927,224,4097,-2.86,-2.11,7.29,1.48,0.84,0.82,0,0.02,540.1,8.25,3552639.21,6.95
9068,"writingprompts",1330,250,175,1154,-3.07,-2.17,8.13,1.61,0.96,0.95,0,0.02,662.51,8.81,4294799.42,7.61
9069,"writingprompts",1947,383,160,1786,-3.24,-2.34,7.82,1.65,0.91,0.88,0,0.03,747.64,10.38,4582687.2,9.02
9070,"writingprompts",680,131,52,627,-3.24,-2.61,8.77,1.8,0.91,0.91,0,0.01,858.69,13.6,6525634.96,12.48
9071,"writingprompts",1699,360,51,1647,-3.28,-2.17,10.33,1.78,0.9,0.89,0,0.01,988.64,8.81,6984965.07,7.72
9072,"writingprompts",1932,405,193,1738,-2.77,-1.95,7.32,1.45,0.88,0.85,0,0.03,609.48,7.03,4539322.37,5.81
9073,"writingprompts",4516,1051,132,4383,-2.84,-2.05,7.25,1.49,0.89,0.89,0,0.06,624.17,7.77,4378186.41,6.56
9074,"writingprompts",1357,293,62,1294,-2.89,-2.07,7.88,1.54,0.92,0.89,0,0.04,608.25,7.92,4119007.81,6.83
9075,"writingprompts",4770,1101,117,4652,-2.62,-1.73,6.95,1.46,0.83,0.85,0.01,0.05,518.25,5.64,3443946.47,4.58
9076,"writingprompts",2742,640,104,2637,-2.78,-1.91,7.07,1.55,0.9,0.88,0,0.03,528.21,6.75,3312506.08,5.63
9077,"writingprompts",2554,566,82,2471,-2.69,-1.96,6.42,1.49,0.91,0.89,0,0.04,449.07,7.1,3045359.02,5.94
9078,"writingprompts",1544,314,183,1360,-3.12,-2.38,7.37,1.67,0.95,0.95,0,0.02,585.36,10.75,3668377.68,9.38
9079,"writingprompts",2870,698,258,2611,-2.32,-1.48,6.74,1.34,0.78,0.77,0.01,0.05,400.48,4.39,2715541.55,3.38
9080,"writingprompts",5848,1434,209,5638,-2.41,-1.49,7.2,1.36,0.68,0.63,0.01,0.03,552.09,4.44,3915866.95,3.43
9081,"writingprompts",10425,2789,56,10368,-2.48,-1.63,6.76,1.4,0.7,0.67,0.01,0.04,489.17,5.1,3402855.24,4.08
9082,"writingprompts",2292,529,131,2160,-2.88,-1.99,6.57,1.41,0.9,0.89,0.01,0.06,504.29,7.32,3076694.5,6.14
9083,"writingprompts",2855,669,139,2715,-2.61,-1.8,7,1.47,0.87,0.86,0,0.02,514.46,6.05,3404617.94,4.96
9084,"writingprompts",3726,847,92,3633,-2.98,-2.16,7.69,1.51,0.89,0.85,0.01,0.04,632.96,8.67,4304010.45,7.41
9085,"writingprompts",3225,666,124,3100,-3.03,-2.28,7.34,1.69,0.95,0.95,0,0.02,666.87,9.78,4658861.24,8.61
9086,"writingprompts",2125,435,142,1982,-2.78,-2.09,6.64,1.42,0.91,0.91,0,0.06,524.08,8.08,3681546.83,6.81
9087,"writingprompts",7378,1781,292,7085,-2.5,-1.63,6.81,1.4,0.76,0.74,0,0.02,484.54,5.1,3311711.14,4.06
9088,"writingprompts",2518,603,165,2352,-2.58,-1.84,5.95,1.35,0.83,0.79,0.01,0.04,399.62,6.3,2344728.22,5.04
9089,"writingprompts",1583,344,55,1527,-2.95,-2,8.18,1.6,0.92,0.88,0,0.02,783,7.36,5744196.87,6.27
9090,"writingprompts",1716,402,67,1648,-2.87,-1.98,7.25,1.6,0.89,0.87,0,0.01,527.24,7.24,3269948.51,6.12
9091,"writingprompts",6073,1458,140,5932,-2.35,-1.5,6.19,1.31,0.83,0.81,0,0.05,404.67,4.48,2825856.5,3.45
9092,"writingprompts",3393,784,136,3256,-2.83,-2,7.82,1.59,0.89,0.89,0,0.07,626.8,7.36,4517534.53,6.29
9093,"writingprompts",3050,695,196,2853,-2.46,-1.84,5.45,1.37,0.81,0.77,0.01,0.03,335.73,6.3,2203745.67,5.09
9094,"writingprompts",1374,288,79,1294,-3.41,-2.74,8.19,1.86,0.95,0.95,0,0.02,777.83,15.41,4816147.84,13.87
9095,"writingprompts",5107,1105,223,4883,-2.73,-1.96,6.45,1.5,0.88,0.87,0,0.03,420.53,7.1,2578093.78,5.96
9096,"writingprompts",1533,318,79,1453,-2.95,-1.9,8.67,1.43,0.96,0.96,0,0.02,761.35,6.69,5582189.74,5.53
9097,"writingprompts",3380,769,10,3369,-2.88,-2.24,6.45,1.53,0.89,0.86,0,0.04,516.6,9.39,3359426.48,8.11
9098,"writingprompts",2756,675,51,2704,-2.81,-1.84,8.21,1.43,0.87,0.87,0,0.01,693.27,6.3,4751138.55,5.17
9099,"writingprompts",8692,1996,15,8676,-2.38,-1.59,5.68,1.27,0.8,0.78,0.01,0.07,334.04,4.9,2077498.57,3.81
9100,"writingprompts",2146,458,141,2004,-2.79,-2.01,7.29,1.58,0.86,0.86,0,0.02,570.88,7.46,4018476.69,6.29
9101,"writingprompts",1191,227,137,1053,-3.34,-2.45,9.7,1.88,0.97,0.96,0,0.02,919.72,11.59,6973267.86,10.37
9102,"writingprompts",2633,486,205,2427,-2.98,-2.06,7.86,1.52,0.95,0.96,0,0.01,694.02,7.85,4873873.6,6.71
9103,"writingprompts",3666,785,153,3512,-2.93,-2.04,7.82,1.51,0.88,0.88,0,0.01,699.15,7.69,4591380.54,6.48
9104,"writingprompts",1314,308,42,1271,-2.75,-1.82,7.61,1.54,0.58,0.58,0.01,0.04,634.57,6.18,4765226.02,5.03
9105,"writingprompts",4423,939,117,4305,-2.99,-2.27,7.01,1.54,0.88,0.88,0,0.01,590.75,9.68,4173309.31,8.45
9106,"writingprompts",3038,651,191,2846,-3,-2.14,8.19,1.48,0.93,0.92,0,0.02,677.09,8.5,4787078.83,7.34
9107,"writingprompts",4510,916,184,4325,-3.07,-2.22,8.19,1.71,0.93,0.93,0,0.01,742.38,9.16,5322089.57,8
9108,"writingprompts",664,132,102,561,-3.27,-2.32,9.2,1.98,0.95,0.99,0.01,0.01,815.8,10.12,5212491.18,9.1
9109,"writingprompts",3939,914,272,3666,-2.55,-1.54,7.92,1.39,0.77,0.71,0.01,0.05,620.99,4.66,4407872.15,3.62
9110,"writingprompts",2699,660,173,2525,-2.6,-1.72,6.77,1.35,0.9,0.9,0,0.05,533.3,5.56,3647757.83,4.47
9111,"writingprompts",921,196,99,821,-2.72,-1.98,6.88,1.42,0.94,0.92,0,0.01,531.97,7.24,3730711.13,5.99
9112,"writingprompts",1575,349,97,1477,-2.85,-1.87,8.71,1.52,0.93,0.93,0,0.03,660.75,6.49,4575974.76,5.34
9113,"writingprompts",2904,615,137,2766,-3.08,-2.08,9.16,1.71,0.93,0.92,0,0.01,866.36,8,6348816.9,6.93
9114,"writingprompts",1075,215,91,983,-2.6,-1.85,6.77,1.49,0.95,0.93,0,0.02,472.22,6.36,3106869.29,5.25
9115,"writingprompts",3756,1028,40,3715,-2.37,-1.45,7.27,1.33,0.65,0.6,0.02,0.09,515.54,4.26,3671332.62,3.24
9116,"writingprompts",925,181,140,784,-3.28,-2.29,9.64,1.85,0.94,0.95,0,0.01,1062.23,9.87,7289046.64,8.83
9117,"writingprompts",1526,380,14,1511,-3.24,-2.49,8.75,1.95,0.88,0.84,0.01,0.03,812.89,12,5522729.8,10.82
9118,"writingprompts",8108,1943,218,7889,-2.67,-1.91,6.94,1.51,0.77,0.76,0,0.03,493.47,6.75,3329331.03,5.67
9119,"writingprompts",3478,823,114,3363,-2.68,-2,6.91,1.58,0.89,0.89,0,0.02,464.82,7.39,2742486.99,6.2
9120,"writingprompts",2833,678,98,2734,-3.07,-2.21,8.12,1.69,0.86,0.81,0.01,0.02,697.05,9.12,4742183.87,7.99
9121,"writingprompts",1034,226,63,970,-2.58,-1.56,7.93,1.28,0.79,0.79,0.01,0.08,710.6,4.73,4781748.42,3.66
9122,"writingprompts",4003,912,164,3838,-2.76,-2.1,6.56,1.57,0.84,0.83,0,0.03,472.36,8.16,3070213.47,7.03
9123,"writingprompts",4784,1085,63,4720,-2.61,-1.75,6.6,1.43,0.86,0.84,0,0.04,531.03,5.75,3663571.37,4.67
9124,"writingprompts",2003,367,60,1942,-2.99,-2,8.41,1.61,0.94,0.93,0,0.05,781.08,7.39,5576434.24,6.28
9125,"writingprompts",3356,750,24,3331,-2.6,-1.83,6.47,1.43,0.89,0.87,0,0.03,516.11,6.2,3397090.37,5.11
9126,"writingprompts",1560,321,143,1416,-2.9,-2,8.01,1.47,0.89,0.88,0,0.02,700.14,7.39,5087553.4,6.22
9127,"writingprompts",1009,200,222,786,-3.54,-3.13,9.09,2.06,0.89,0.9,0,0.02,968.96,22.87,6744537.61,21.71
9128,"writingprompts",8844,2081,159,8684,-3.04,-2.28,8.02,1.76,0.8,0.8,0,0.02,700.35,9.78,4768248.6,8.65
9129,"writingprompts",2785,631,94,2690,-2.89,-2.2,6.4,1.47,0.92,0.93,0,0.04,502.39,9.03,3494639.09,7.64
9130,"writingprompts",1047,215,109,937,-2.28,-1.43,5.4,1.24,0.84,0.82,0.01,0.05,313.62,4.18,1825823.87,3.05
9131,"writingprompts",3430,761,127,3302,-2.85,-1.93,7.54,1.43,0.89,0.86,0,0.01,655.75,6.89,4491980.67,5.68
9132,"writingprompts",1903,398,94,1808,-2.97,-2.05,8.16,1.6,0.96,0.96,0,0.03,707.57,7.76,5293566.16,6.7
9133,"writingprompts",1549,341,120,1428,-3.11,-2.37,7.59,1.56,0.91,0.9,0,0.03,719.32,10.7,5142062.96,9.3
9134,"writingprompts",2569,519,187,2381,-3.43,-2.64,9.01,1.95,0.93,0.92,0,0.01,889.7,14.01,6142869.03,12.86
9135,"writingprompts",1543,368,73,1469,-2.54,-1.7,7.35,1.5,0.52,0.55,0.04,0.1,532.45,5.47,3694948.23,4.44
9136,"writingprompts",9316,1935,216,9099,-3.65,-2.88,9.59,1.88,0.91,0.91,0,0.03,1041.79,17.81,7100582.36,16.54
9137,"writingprompts",2388,498,129,2258,-2.82,-1.96,7.66,1.52,0.82,0.8,0.01,0.04,609.63,7.14,4202792.11,6.01
9138,"writingprompts",5001,1284,303,4697,-2.37,-1.35,7.17,1.29,0.73,0.71,0.01,0.04,500.34,3.84,3607560.1,2.84
9139,"writingprompts",1317,262,192,1124,-2.9,-1.72,9.03,1.44,0.9,0.9,0,0.04,783.52,5.61,5383807.67,4.57
9140,"writingprompts",2959,669,152,2806,-2.59,-1.8,6.71,1.45,0.86,0.86,0,0.03,512.3,6.05,3574152.5,4.93
9141,"writingprompts",3341,719,140,3200,-3.17,-2.49,7.97,1.76,0.93,0.93,0,0.04,717.44,12.06,5105822.04,10.9
9142,"writingprompts",1362,330,55,1306,-3.03,-2.47,6.74,1.77,0.97,0.97,0,0.03,574.44,11.82,3717798.68,10.75
9143,"writingprompts",1369,312,62,1306,-2.57,-1.86,5.8,1.45,0.82,0.79,0,0.03,385.48,6.39,2352212.93,5.27
9144,"writingprompts",3391,645,286,3104,-3.29,-2.57,8.1,1.67,0.92,0.9,0,0.03,773.55,13.07,5186828.59,11.77
9145,"writingprompts",1415,296,189,1225,-3.35,-2.65,8.53,1.9,0.94,0.93,0,0.01,903.55,14.15,6480000.75,12.89
9146,"writingprompts",5193,1102,201,4991,-3.21,-2.42,9.2,1.8,0.91,0.89,0,0.03,901.27,11.25,6560469.37,10.11
9147,"writingprompts",2405,488,104,2300,-3.29,-2.46,8.94,1.88,0.96,0.96,0,0.02,903.84,11.76,6261321.75,10.64
9148,"writingprompts",2314,454,156,2157,-3.14,-2.26,8.11,1.65,0.94,0.93,0,0.04,731.51,9.54,4936850.24,8.34
9149,"writingprompts",3002,660,153,2848,-2.61,-1.96,6.36,1.5,0.86,0.82,0,0.02,395.64,7.1,2579315.78,6.01
9150,"writingprompts",2839,623,153,2685,-2.95,-2.12,7.24,1.58,0.93,0.92,0,0.04,608.65,8.33,4092670.82,7.17
9151,"writingprompts",3286,603,169,3116,-3.08,-2.29,8.58,1.82,0.92,0.93,0,0.02,733.91,9.87,4733784.55,8.79
9152,"writingprompts",2608,541,106,2501,-2.51,-1.68,6.44,1.31,0.9,0.89,0.01,0.07,493.04,5.37,3405391.02,4.2
9153,"writingprompts",850,170,120,729,-2.9,-2.32,7.26,1.71,0.96,0.95,0,0.01,578.21,10.14,3935321.44,8.87
9154,"writingprompts",605,130,68,536,-3.32,-2.92,6.3,2.04,0.99,0.99,0,0.01,480.64,18.45,2289613.89,17.28
9155,"writingprompts",5029,1106,91,4937,-2.97,-2.04,7.99,1.66,0.83,0.81,0,0.05,675.05,7.69,4488033.84,6.62
9156,"writingprompts",1861,409,163,1697,-3.24,-2.29,9.51,1.67,0.92,0.92,0,0.03,858.45,9.87,6286467.76,8.7
9157,"writingprompts",4832,989,292,4539,-2.81,-1.9,7.24,1.51,0.84,0.82,0,0.03,619.36,6.69,4066782.12,5.57
9158,"writingprompts",4797,1038,145,4651,-2.9,-1.95,7.57,1.57,0.9,0.9,0,0.04,649.99,7.03,4456595.43,5.95
9159,"writingprompts",3237,738,84,3152,-2.49,-1.66,5.86,1.4,0.86,0.86,0,0.02,361,5.26,2220049.43,4.2
9160,"writingprompts",3036,739,118,2917,-2.74,-1.91,6.8,1.47,0.83,0.81,0,0.02,518.34,6.75,3505056.52,5.61
9161,"writingprompts",1601,372,56,1544,-2.67,-1.86,7.3,1.53,0.97,0.97,0,0.03,523.63,6.39,3334300.26,5.32
9162,"writingprompts",1883,411,146,1736,-2.78,-1.94,7.3,1.46,0.88,0.86,0,0.03,539.99,6.96,3650114.22,5.73
9163,"writingprompts",6074,1287,196,5877,-3.07,-2.15,8.14,1.63,0.86,0.85,0,0.01,736.87,8.58,5192806.25,7.44
9164,"writingprompts",2494,579,160,2333,-3.18,-2.36,7.73,1.87,0.93,0.92,0,0.03,698.03,10.59,4414355.34,9.43
9165,"writingprompts",1533,310,196,1336,-2.82,-2.06,6.84,1.51,0.91,0.91,0,0.02,547.23,7.85,3699565.84,6.65
9166,"writingprompts",3143,642,129,3013,-2.88,-2.25,7.03,1.52,0.89,0.87,0,0.03,586.85,9.49,3936343.7,8.23
9167,"writingprompts",3538,789,213,3324,-2.63,-1.82,7.06,1.51,0.92,0.91,0,0.04,520.3,6.17,3469984.83,5.1
9168,"writingprompts",846,155,118,727,-4.3,-3.58,10.49,2.22,0.95,0.94,0,0.02,1450.41,35.87,9834256.58,34.38
9169,"writingprompts",5853,1323,233,5619,-2.11,-1.36,5.06,1.07,0.77,0.75,0.01,0.05,296.82,3.9,2072271.65,2.79
9170,"writingprompts",1278,301,22,1255,-2.65,-2.02,5.5,1.47,0.87,0.87,0.01,0.07,352.59,7.54,2094805.92,6.33
9171,"writingprompts",3553,764,92,3460,-3.39,-2.54,8.88,1.89,0.92,0.93,0,0.04,925.92,12.62,6246121.06,11.39
9172,"writingprompts",848,175,100,747,-2.2,-0.95,7.69,0.9,0.8,0.96,0.05,0.04,544.88,2.59,3506851.62,1.56
9173,"writingprompts",6268,1331,229,6038,-2.83,-2.13,6.53,1.56,0.89,0.89,0,0.05,504.47,8.41,3452095.61,7.16
9174,"writingprompts",6424,1424,98,6325,-3.02,-2.24,8,1.68,0.87,0.86,0,0.04,670.42,9.39,4593109.7,8.17
9175,"writingprompts",2696,613,11,2684,-2.95,-2.04,7.42,1.51,0.92,0.92,0,0.02,599.06,7.69,3770792.64,6.42
9176,"writingprompts",1283,269,121,1161,-3.31,-2.42,7.57,1.76,0.95,0.97,0,0.03,785.56,11.25,5046380.66,9.94
9177,"writingprompts",1139,239,82,1056,-2.73,-1.76,7.9,1.59,0.86,0.86,0,0.02,666.3,5.81,4848062.75,4.79
9178,"writingprompts",2194,443,245,1948,-3.48,-2.75,8.96,2.03,0.9,0.87,0,0.01,963.4,15.64,6960622.85,14.49
9179,"writingprompts",4338,1080,183,4154,-2.94,-2.09,8.52,1.84,0.89,0.89,0,0.04,653.74,8.12,4537006.87,7.12
9180,"writingprompts",3895,800,132,3762,-3.33,-2.29,10.07,1.96,0.94,0.94,0,0.03,941.51,9.88,6363745.07,8.82
9181,"writingprompts",3873,781,251,3621,-3.45,-2.71,9.12,1.88,0.92,0.92,0,0.03,929.83,15.03,6316113.45,13.84
9182,"writingprompts",935,209,78,856,-2.89,-1.82,8.96,1.48,0.9,0.89,0,0.01,719.66,6.17,5334554.62,5.09
9183,"writingprompts",5163,1175,237,4925,-2.67,-1.87,7.06,1.57,0.87,0.87,0,0.04,520.34,6.49,3466126.66,5.43
9184,"writingprompts",1542,331,133,1408,-3.57,-2.88,8.31,1.85,0.96,0.98,0,0.02,911.12,17.81,6187354.07,16.42
9185,"writingprompts",2418,517,47,2370,-3.43,-2.64,8.71,1.99,0.93,0.92,0,0.01,873.9,14.01,5879498.1,12.85
9186,"writingprompts",2770,592,79,2690,-2.9,-2.36,6.66,1.6,0.9,0.89,0,0.02,542.34,10.6,3641804.5,9.44
9187,"writingprompts",1192,273,21,1170,-2.58,-1.96,5.63,1.41,0.93,0.94,0,0.06,397.28,7.1,2475051.43,5.97
9188,"writingprompts",1499,327,38,1460,-3.04,-2.58,6.35,1.71,0.93,0.91,0,0.01,486.89,13.2,3141462.12,11.93
9189,"writingprompts",2740,627,231,2508,-2.91,-1.94,8.78,1.78,0.87,0.86,0,0.01,719.47,6.96,4944103.57,5.95
9190,"writingprompts",2724,637,70,2653,-2.61,-1.84,6.34,1.44,0.87,0.85,0,0.04,450.74,6.3,3039906.93,5.15
9191,"writingprompts",756,148,87,668,-3.48,-2.8,10.07,1.98,0.94,0.92,0,0.02,1138.27,16.44,8240533.42,15.18
9192,"writingprompts",8895,2302,189,8705,-2.5,-1.64,6.72,1.44,0.73,0.69,0.01,0.04,438.97,5.16,2772231.62,4.14
9193,"writingprompts",1439,369,94,1344,-2.92,-2.06,7.75,1.73,0.89,0.89,0,0.04,709.5,7.85,4982721.91,6.82
9194,"writingprompts",5665,1126,283,5381,-2.81,-1.9,7.43,1.5,0.9,0.9,0,0.04,573.45,6.66,3772558.56,5.53
9195,"writingprompts",4469,1009,183,4285,-2.84,-2.06,7.19,1.57,0.89,0.88,0,0.02,571.04,7.85,3707062.61,6.7
9196,"writingprompts",8484,1908,56,8427,-2.75,-1.89,7.41,1.5,0.81,0.77,0.01,0.01,548.36,6.62,3752631.41,5.49
9197,"writingprompts",871,203,52,818,-3.41,-2.85,8.74,2.04,0.91,0.9,0,0.04,938.74,17.29,6155447.62,16.18
9198,"writingprompts",2185,480,78,2106,-2.95,-1.98,8.53,1.55,0.88,0.87,0,0.03,754.85,7.2,5008771.87,6.11
9199,"writingprompts",1115,238,68,1046,-3.16,-2.43,8.56,1.84,0.94,0.93,0,0.01,758.27,11.36,4980228.91,10.27
9200,"writingprompts",2228,533,66,2161,-2.44,-1.67,6.18,1.28,0.8,0.8,0,0.03,402.78,5.31,2716187.44,4.12
9201,"writingprompts",1387,287,142,1244,-3.78,-2.72,10.06,1.94,0.97,0.98,0,0.02,1333.62,15.18,9348767.64,13.88
9202,"writingprompts",1410,367,56,1353,-2.9,-2.09,8.15,1.63,0.86,0.84,0,0.02,791.95,8.08,6123882.38,6.87
9203,"writingprompts",2929,677,64,2864,-3.14,-2.22,8.7,1.86,0.88,0.91,0.01,0.03,785.95,9.21,5108041.17,8.15
9204,"writingprompts",2515,519,203,2311,-2.93,-1.99,7.81,1.55,0.86,0.84,0,0.03,560.42,7.32,3677831.57,6.18
9205,"writingprompts",5728,1380,92,5635,-2.8,-2.11,7.04,1.6,0.77,0.75,0,0.04,520,8.25,3572544.48,7.14
9206,"writingprompts",4366,1055,21,4344,-2.76,-1.93,7.47,1.62,0.89,0.87,0,0.03,607.84,6.89,4273801.26,5.85
9207,"writingprompts",3542,796,32,3509,-2.6,-1.83,6.47,1.44,0.91,0.9,0,0.03,463.95,6.23,3053970.63,5.12
9208,"writingprompts",1003,205,117,885,-3.33,-2.55,8.16,1.63,0.94,0.93,0,0.01,874.64,12.81,6275561.01,11.32
9209,"writingprompts",3604,828,119,3484,-2.69,-2.06,5.68,1.46,0.89,0.87,0,0.05,379.98,7.88,2223262.06,6.65
9210,"writingprompts",3122,627,92,3029,-3.52,-2.75,9.21,1.9,0.93,0.93,0,0.02,986.52,15.64,6826571.05,14.48
9211,"writingprompts",1624,425,17,1606,-2.37,-1.7,5.47,1.46,0.87,0.88,0,0.05,355.31,5.47,2494890.09,4.42
9212,"writingprompts",6712,1441,158,6553,-2.89,-2.2,7.03,1.58,0.87,0.88,0,0.05,575.58,9.03,3991955.92,7.76
9213,"writingprompts",1744,450,51,1692,-3.82,-2.88,11.73,2.12,0.92,0.91,0,0.04,1281.87,17.81,9096074.14,16.77
9214,"writingprompts",5015,1216,56,4958,-2.43,-1.62,6.09,1.33,0.83,0.79,0,0.01,410.11,5.03,2679899.81,3.98
9215,"writingprompts",5018,1160,148,4869,-2.64,-1.78,7.11,1.51,0.87,0.88,0,0.04,520.13,5.96,3558322.34,4.93
9216,"writingprompts",1156,192,215,940,-3.39,-2.47,9.32,1.81,0.98,0.97,0,0.01,993.52,11.82,6488214.23,10.69
9217,"writingprompts",770,135,113,656,-3.34,-2.59,7.04,1.93,0.96,0.97,0,0.03,656.41,13.33,3447354.43,12.03
9218,"writingprompts",653,139,52,600,-2.88,-2.26,6.02,1.6,0.98,0.99,0,0.01,459.05,9.58,2971247.21,8.19
9219,"writingprompts",5552,1283,113,5438,-3.1,-2.25,8.79,1.74,0.88,0.88,0,0.04,756.58,9.49,5326814.8,8.33
9220,"writingprompts",3905,871,155,3749,-2.86,-2.08,7.33,1.55,0.84,0.81,0,0.02,574.17,8,4020696.39,6.84
9221,"writingprompts",820,175,110,709,-3.75,-3.06,9.36,1.92,0.94,0.93,0,0.01,994.02,21.33,6555342.04,19.95
9222,"writingprompts",1177,239,90,1086,-3.1,-2.57,7.12,1.78,0.95,0.94,0,0.02,627.22,13.07,3884601.72,11.58
9223,"writingprompts",1877,401,285,1591,-2.83,-2.01,6.9,1.58,0.86,0.85,0,0.04,587.41,7.46,3936745.35,6.25
9224,"writingprompts",6044,1418,170,5873,-2.36,-1.43,6.49,1.23,0.75,0.71,0.01,0.06,443.33,4.18,2899982.04,3.11
9225,"writingprompts",5257,1121,148,5108,-2.78,-2.22,6.16,1.47,0.87,0.86,0,0.01,474.88,9.21,3278999.77,7.91
9226,"writingprompts",1366,286,39,1326,-2.8,-2.13,7.37,1.56,0.96,0.96,0,0.02,476.46,8.41,2966721.81,7.24
9227,"writingprompts",3803,832,146,3656,-2.62,-1.93,6.35,1.41,0.89,0.88,0,0.05,432.93,6.89,2898990.7,5.73
9228,"writingprompts",3717,814,56,3660,-2.79,-2.04,6.99,1.64,0.89,0.89,0,0.01,536.24,7.73,3402711.32,6.61
9229,"writingprompts",2416,489,140,2275,-3.36,-2.64,9.15,2.08,0.88,0.89,0,0.02,909.82,14.01,5959528.67,12.95
9230,"writingprompts",3208,665,161,3046,-3.33,-2.53,8.6,1.88,0.94,0.95,0,0.03,847.72,12.55,5829311.83,11.4
9231,"writingprompts",2951,673,189,2761,-2.58,-1.78,6.56,1.39,0.89,0.87,0,0.03,507.98,5.93,3432434.51,4.77
9232,"writingprompts",4603,1000,259,4343,-2.63,-1.88,6.83,1.5,0.77,0.76,0,0.02,509.8,6.52,3206519.05,5.48
9233,"writingprompts",1606,398,52,1553,-2.79,-1.88,7.67,1.6,0.9,0.9,0,0.04,618.54,6.52,4248660.54,5.48
9234,"writingprompts",2461,512,133,2327,-2.48,-1.5,6.85,1.23,0.82,0.81,0,0.01,480.32,4.46,3219303.8,3.36
9235,"writingprompts",1572,312,87,1484,-3.22,-2.26,8.35,1.7,0.98,0.99,0,0.01,849.27,9.54,5798352.46,8.37
9236,"writingprompts",1285,356,21,1263,-2.51,-1.57,7.14,1.46,0.8,0.76,0.01,0.05,538.55,4.81,4106803.77,3.79
9237,"writingprompts",2431,518,248,2182,-3.83,-3.04,10.07,2,0.94,0.94,0,0.01,1190.82,20.91,8129514.8,19.8
9238,"writingprompts",1405,283,77,1327,-3.34,-2.51,8.2,1.86,0.93,0.93,0,0.01,801.66,12.3,5607889,11.1
9239,"writingprompts",875,175,75,799,-3.52,-2.71,8.63,1.76,0.92,0.88,0,0.04,785.4,15.03,4998826.05,13.58
9240,"writingprompts",1172,229,100,1071,-3.53,-2.93,8.38,1.92,1,1,0,0,880.66,18.73,5659526.16,17.51
9241,"writingprompts",2716,572,134,2581,-2.76,-1.95,7.34,1.5,0.95,0.95,0,0.03,614.69,7.03,4427981.18,5.88
9242,"writingprompts",4387,998,112,4274,-2.64,-1.78,7.04,1.4,0.86,0.84,0.01,0.06,518.57,5.9,3547752.78,4.75
9243,"writingprompts",1724,354,55,1668,-3.03,-2.26,8.18,1.81,0.97,0.97,0,0.03,740.62,9.58,4783932.22,8.5
9244,"writingprompts",2483,590,136,2346,-2.61,-1.72,6.95,1.43,0.87,0.85,0,0.03,552.28,5.61,3797935.36,4.55
9245,"writingprompts",910,156,234,675,-3.65,-2.9,9.87,2.18,0.97,0.96,0,0.01,1072.47,18.28,6744032.84,17.21
9246,"writingprompts",4096,855,285,3810,-2.66,-1.88,6.9,1.51,0.89,0.88,0,0.03,477.67,6.55,3075849.23,5.47
9247,"writingprompts",4338,981,82,4255,-2.41,-1.58,6.03,1.28,0.79,0.78,0.01,0.07,399.48,4.85,2690116.97,3.71
9248,"writingprompts",5525,1268,134,5390,-3.05,-2.36,7.62,1.66,0.83,0.82,0.01,0.08,638.58,10.59,4235856.2,9.38
9249,"writingprompts",792,143,163,628,-2.98,-2.4,6.92,1.61,0.99,1,0,0,536.94,11.02,3647520.08,9.63
9250,"writingprompts",747,134,41,705,-3.83,-3.4,8.63,1.81,0.97,0.97,0,0.01,1053,30.22,7039133.33,28.88
9251,"writingprompts",1776,365,124,1651,-3.52,-2.71,9.31,1.91,0.96,0.96,0,0.03,968.34,15.03,5958243.35,13.78
9252,"writingprompts",1374,322,120,1253,-2.67,-1.99,5.71,1.35,0.92,0.92,0,0.05,358.31,7.32,2338271.51,5.94
9253,"writingprompts",6270,1415,57,6212,-3.06,-2.25,7.71,1.63,0.86,0.84,0,0.03,661.1,9.49,4435279.56,8.32
9254,"writingprompts",7845,1818,114,7730,-2.86,-2.12,6.98,1.53,0.79,0.77,0.01,0.03,574.16,8.33,3953356.91,7.04
9255,"writingprompts",2048,552,173,1874,-2.75,-1.94,7.89,1.63,0.9,0.89,0,0.03,588.91,6.96,3928902.57,5.92
9256,"writingprompts",2146,420,286,1859,-2.73,-1.96,7.33,1.65,0.94,0.94,0,0.02,587.7,7.1,4098792.93,6.05
9257,"writingprompts",3911,826,134,3776,-2.38,-1.49,5.69,1.27,0.82,0.82,0,0.03,317.47,4.44,1904561.84,3.35
9258,"writingprompts",1962,387,183,1778,-3.61,-2.82,8.82,1.91,0.96,0.95,0,0.02,1005.03,16.78,6545561.49,15.59
9259,"writingprompts",1426,319,136,1289,-2.83,-1.95,7.08,1.46,0.92,0.94,0,0.02,591.9,7.03,3747446.82,5.87
9260,"writingprompts",5132,1106,111,5020,-2.83,-2.01,6.7,1.54,0.89,0.9,0,0.03,542.53,7.5,3469295.73,6.36
9261,"writingprompts",1362,273,128,1233,-3.23,-2.38,9.1,1.88,0.9,0.88,0,0.03,860.57,10.8,6135072.85,9.58
9262,"writingprompts",1855,377,142,1712,-3.23,-2.57,8.37,1.94,0.85,0.87,0.01,0.08,782.62,13.07,5376544.02,11.98
9263,"writingprompts",2478,558,141,2336,-2.71,-2.04,6.42,1.53,0.93,0.94,0,0.02,455.48,7.7,3078244.23,6.5
9264,"writingprompts",2948,687,49,2898,-3.17,-2.36,8.08,1.65,0.85,0.83,0,0.01,780.56,10.59,5532460.85,9.31
9265,"writingprompts",4693,1135,163,4529,-2.43,-1.68,5.81,1.36,0.78,0.77,0,0.04,383.86,5.37,2500123.9,4.25
9266,"writingprompts",5504,1323,135,5368,-2.5,-1.67,6.7,1.37,0.69,0.68,0.01,0.05,453.76,5.31,3055628.42,4.24
9267,"writingprompts",4085,935,147,3937,-2.6,-1.77,6.6,1.42,0.84,0.82,0,0.03,450.84,5.87,3067458.64,4.71
9268,"writingprompts",2432,536,77,2354,-3.24,-2.6,7.76,1.86,0.94,0.93,0,0.01,696.09,13.53,4400257.81,12.38
9269,"writingprompts",1703,377,94,1608,-2.85,-2.22,7.43,1.72,0.93,0.93,0,0.01,585.16,9.21,4195839.27,8.01
9270,"writingprompts",1259,249,119,1139,-2.99,-2.28,7.53,1.73,0.92,0.89,0,0.04,701.98,9.78,5249376.89,8.63
9271,"writingprompts",4507,1016,230,4276,-2.83,-2.01,7.08,1.51,0.86,0.86,0,0.01,570.32,7.46,3862476.23,6.33
9272,"writingprompts",3391,737,164,3226,-2.82,-2.01,7.14,1.54,0.91,0.9,0,0.02,572.29,7.46,3957329.58,6.27
9273,"writingprompts",606,141,22,583,-2.47,-1.98,5.46,1.61,0.77,0.69,0.04,0.17,366.99,7.24,2161518.98,6.2
9274,"writingprompts",3082,704,51,3030,-2.66,-1.83,6.63,1.42,0.88,0.86,0,0.04,457.33,6.2,3029804.14,5.04
9275,"writingprompts",4883,1143,82,4800,-2.87,-1.93,8.3,1.67,0.8,0.81,0.01,0.03,687.62,6.89,4800642.42,5.87
9276,"writingprompts",1557,351,56,1500,-3,-2.19,7.67,1.61,0.94,0.93,0,0.03,643.33,8.94,4135088.61,7.71
9277,"writingprompts",1247,248,141,1105,-3.8,-2.72,11.11,2,0.83,0.9,0.03,0.03,1392.34,15.18,9738200.64,13.96
9278,"writingprompts",1361,284,199,1161,-3.63,-2.94,8.9,1.98,0.97,0.97,0,0.02,821.58,18.94,5069600.8,17.81
9279,"writingprompts",6190,1313,119,6070,-3.2,-2.36,8.8,1.83,0.9,0.91,0,0.02,792.05,10.59,5330592.55,9.52
9280,"writingprompts",2454,544,41,2412,-2.91,-2.06,8.26,1.68,0.93,0.93,0,0.04,672.48,7.85,4829161.6,6.7
9281,"writingprompts",2680,509,291,2388,-2.81,-1.88,7.48,1.43,0.92,0.93,0,0.05,654.74,6.55,4805517.21,5.44
9282,"writingprompts",2554,564,261,2292,-2.75,-1.98,6.49,1.36,0.84,0.84,0.01,0.04,517.63,7.28,3643676.62,5.95
9283,"writingprompts",6019,1265,216,5802,-2.76,-1.87,7.32,1.57,0.89,0.87,0,0.03,543.91,6.49,3580234.22,5.43
9284,"writingprompts",6693,1490,138,6554,-2.74,-1.9,6.82,1.37,0.82,0.82,0.01,0.06,532.27,6.66,3657629.51,5.44
9285,"writingprompts",772,184,48,723,-3.11,-2.42,7.81,1.96,0.97,0.95,0,0.01,742.49,11.3,4993778.4,9.98
9286,"writingprompts",2103,503,19,2083,-2.75,-1.85,7.27,1.37,0.85,0.82,0.01,0.04,624.86,6.36,4579453.95,5.14
9287,"writingprompts",2412,513,207,2204,-3.41,-2.76,8.75,1.92,0.95,0.95,0,0.04,899.88,15.8,6149019.09,14.58
9288,"writingprompts",2443,577,160,2282,-2.86,-1.92,7.46,1.55,0.88,0.87,0,0.02,553.79,6.82,3323513.99,5.8
9289,"writingprompts",2785,579,196,2588,-3.28,-2.4,8.24,1.61,0.89,0.87,0,0.02,719.57,11.02,4612246.65,9.75
9290,"writingprompts",4581,1092,252,4328,-2.16,-1.36,5.22,1.17,0.83,0.83,0.01,0.06,301.54,3.88,2014092.52,2.86
9291,"writingprompts",4351,1021,165,4185,-3.46,-2.89,8.59,2.03,0.87,0.85,0,0.03,849.56,17.99,5724254.04,16.87
9292,"writingprompts",4018,996,268,3749,-2.47,-1.7,6.23,1.44,0.81,0.82,0.01,0.07,426.94,5.5,2850676.92,4.47
9293,"writingprompts",2385,569,112,2272,-2.64,-1.74,6.99,1.39,0.92,0.9,0,0.01,534.09,5.7,3678889.69,4.55
9294,"writingprompts",1456,354,35,1420,-2.79,-1.98,6.96,1.51,0.85,0.82,0.01,0.04,515.56,7.24,3451152.4,6.06
9295,"writingprompts",2357,546,166,2190,-2.39,-1.72,5.68,1.38,0.86,0.83,0,0.03,337.79,5.61,2229144.38,4.56
9296,"writingprompts",2304,473,90,2213,-3.23,-2.41,9.12,1.77,0.95,0.97,0,0.03,850.9,11.13,6170096.71,9.99
9297,"writingprompts",2816,615,61,2754,-2.8,-1.95,7.41,1.51,0.82,0.81,0,0.02,608.59,7.03,4335216.18,5.88
9298,"writingprompts",3128,718,201,2926,-2.51,-1.72,6.7,1.32,0.86,0.84,0,0.03,456.86,5.56,3293435.27,4.48
9299,"writingprompts",2435,524,6,2428,-3.03,-2.35,7.12,1.57,0.93,0.92,0,0.04,633.65,10.48,4419727.76,9.27
9300,"writingprompts",1097,248,120,976,-2.74,-1.9,7.45,1.34,0.82,0.77,0.01,0.04,632.44,6.72,4247119.4,5.38
9301,"writingprompts",2227,448,293,1933,-3.6,-2.9,9.22,2.11,0.97,0.96,0,0.02,1020.66,18.26,6797043.29,17.05
9302,"writingprompts",6110,1344,101,6008,-2.67,-1.9,6.75,1.54,0.85,0.83,0,0.03,491.27,6.72,3250843.11,5.68
9303,"writingprompts",1269,278,51,1217,-3.24,-2.47,7.5,1.71,0.96,0.95,0,0.01,681.85,11.82,4607376.34,10.44
9304,"writingprompts",3078,660,195,2882,-3.27,-2.52,8.59,1.82,0.83,0.74,0.01,0.01,859.61,12.43,5895909.92,11.18
9305,"writingprompts",2013,390,164,1848,-2.98,-2.21,8.54,1.79,0.89,0.89,0,0.03,663.91,9.12,4318174.02,8.01
9306,"writingprompts",8502,1912,163,8338,-2.49,-1.72,6.33,1.39,0.82,0.81,0.01,0.06,436.25,5.58,2875560.61,4.49
9307,"writingprompts",2024,437,195,1828,-3.1,-2.29,7.47,1.61,0.94,0.94,0,0.04,709.67,9.87,4726173.48,8.59
9308,"writingprompts",882,188,67,814,-3.32,-2.32,9.22,1.77,0.96,0.96,0,0.02,929.86,10.12,6788869.36,9.05
9309,"writingprompts",1677,359,164,1512,-2.85,-1.92,7.57,1.55,0.93,0.91,0,0.01,565.84,6.82,3830673.33,5.65
9310,"writingprompts",2200,480,67,2132,-2.94,-2.12,7.57,1.5,0.92,0.92,0,0.03,616.42,8.33,4013032.55,7.08
9311,"writingprompts",8109,1859,190,7918,-2.97,-2.2,7.43,1.6,0.81,0.8,0,0.03,639.01,9.03,4459295.99,7.86
9312,"writingprompts",2948,672,84,2863,-2.98,-2.14,7.63,1.62,0.79,0.77,0,0.03,594.04,8.5,3964212.92,7.35
9313,"writingprompts",4945,1124,215,4729,-3.22,-2.34,9.1,1.82,0.89,0.88,0,0.05,852.93,10.44,5821821.66,9.39
9314,"writingprompts",7885,1802,209,7675,-2.68,-1.9,7.03,1.57,0.85,0.84,0,0.06,524.5,6.69,3616604.42,5.65
9315,"writingprompts",3453,748,44,3408,-3.11,-2.32,7.42,1.68,0.91,0.91,0,0.01,671.84,10.18,4551186.45,9.03
9316,"writingprompts",958,208,111,846,-3.06,-2.12,9.71,1.6,0.97,0.96,0,0.01,913.59,8.37,6988628.8,7.16
9317,"writingprompts",3589,717,192,3396,-3.16,-2.31,8.42,1.78,0.92,0.91,0,0.04,764.77,10.07,5032264.45,8.94
9318,"writingprompts",832,154,157,674,-3.24,-2.5,7.68,1.71,0.95,0.96,0,0.01,812.46,12.18,5676035.75,11
9319,"writingprompts",3333,766,193,3139,-2.8,-2.07,6.4,1.52,0.85,0.81,0.01,0.04,466.18,7.92,2835395.44,6.76
9320,"writingprompts",5196,1185,235,4960,-2.89,-2.15,7.34,1.66,0.88,0.85,0,0.03,585.96,8.58,4011878.7,7.41
9321,"writingprompts",1702,350,79,1622,-3.28,-2.74,7.57,1.87,0.97,0.97,0,0.02,674.14,15.57,4565698.26,14.25
9322,"writingprompts",5901,1366,221,5679,-2.64,-1.83,7.1,1.52,0.77,0.72,0.01,0.05,521.25,6.23,3645639.33,5.16
9323,"writingprompts",7883,1723,178,7704,-2.94,-2.23,6.95,1.54,0.87,0.85,0,0.04,598.12,9.3,4142726.3,8.07
9324,"writingprompts",1056,258,111,944,-2.36,-1.49,6.1,1.31,0.93,0.91,0,0.01,447.73,4.44,3086405.41,3.42
9325,"writingprompts",2235,454,157,2077,-3.34,-2.46,8.25,1.77,0.93,0.92,0,0.04,822.88,11.76,5172944.94,10.61
9326,"writingprompts",2949,642,250,2698,-2.22,-1.38,5.86,1.15,0.82,0.79,0.01,0.02,328.36,3.97,2121198.72,2.85
9327,"writingprompts",2193,503,76,2116,-2.98,-2.17,8.32,1.73,0.88,0.85,0,0.02,732.35,8.76,5031148,7.57
9328,"writingprompts",9926,2222,64,9861,-2.8,-1.94,7.54,1.51,0.78,0.75,0.01,0.05,609.33,6.92,4217383.66,5.79
9329,"writingprompts",996,213,41,954,-2.65,-1.72,6.96,1.35,0.94,0.93,0,0.01,517.11,5.58,3762538.87,4.39
9330,"writingprompts",3686,883,170,3515,-2.56,-1.78,6.51,1.41,0.89,0.86,0,0.02,463.45,5.93,3115035.81,4.84
9331,"writingprompts",1217,274,21,1195,-3.22,-2.42,8.43,1.8,0.93,0.92,0,0.02,644.81,11.2,4132641.43,10.09
9332,"writingprompts",783,167,94,688,-2.58,-2.04,5.87,1.5,0.92,0.93,0,0.07,345.16,7.69,2034912.42,6.49
9333,"writingprompts",7765,1719,152,7612,-3.09,-2.28,8.57,1.84,0.89,0.87,0,0.04,797.3,9.78,5417103.6,8.69
9334,"writingprompts",6779,1400,52,6726,-2.97,-2.31,6.92,1.65,0.87,0.87,0,0.03,565.73,10.07,3689560.52,8.87
9335,"writingprompts",674,130,72,601,-3.85,-2.8,11.48,2.04,0.95,0.96,0,0.02,1256.62,16.49,8526841.22,15.27
9336,"writingprompts",1672,389,177,1494,-2.63,-1.91,6.18,1.45,0.92,0.91,0,0.02,411.85,6.75,2662728.67,5.6
9337,"writingprompts",2564,548,234,2329,-2.67,-1.92,6.61,1.32,0.83,0.84,0,0.03,485.49,6.78,3420069.35,5.58
9338,"writingprompts",1943,417,82,1860,-3.45,-2.63,9.23,2.08,0.98,0.98,0,0.01,867.52,13.87,5691244.91,12.73
9339,"writingprompts",9566,2139,179,9386,-2.77,-2.03,6.62,1.53,0.8,0.79,0,0.05,510.79,7.61,3431732.5,6.4
9340,"writingprompts",3956,907,119,3836,-2.2,-1.44,4.74,1.17,0.9,0.89,0,0.04,215.1,4.22,1131478.34,3.11
9341,"writingprompts",891,275,174,716,-5.13,-4.68,11.46,2.66,0.93,0.94,0,0.04,2006.6,107.77,12135543.1,106.31
9342,"writingprompts",1803,394,94,1708,-3.17,-2.39,7.95,1.54,0.95,0.94,0,0.01,760.1,10.91,5218810.01,9.47
9343,"writingprompts",5024,1162,102,4921,-2.71,-1.82,7.21,1.45,0.89,0.89,0,0.05,564.58,6.17,3922341.85,5.04
9344,"writingprompts",1807,393,37,1769,-3.09,-2.39,8.15,1.8,0.92,0.91,0,0.01,644.13,10.91,4483070.83,9.76
9345,"writingprompts",1673,364,55,1617,-2.85,-1.99,7.45,1.49,0.89,0.93,0.01,0.07,620.63,7.32,4122928.51,6.15
9346,"writingprompts",4912,1132,90,4821,-2.2,-1.44,5.23,1.16,0.74,0.73,0,0.02,291.14,4.22,2001136.82,3.11
9347,"writingprompts",1379,284,248,1130,-2.94,-1.9,8.83,1.54,0.92,0.91,0,0.03,808.5,6.72,5831414,5.62
9348,"writingprompts",2351,482,160,2190,-2.95,-2.04,8.05,1.54,0.92,0.91,0,0.03,656.04,7.69,4497606.37,6.56
9349,"writingprompts",959,147,273,685,-2.71,-1.75,7.67,1.41,0.94,0.96,0,0.02,502.93,5.75,3293100.42,4.71
9350,"writingprompts",1551,307,96,1454,-3.51,-2.51,9.65,1.83,0.98,0.99,0,0.01,1063.89,12.3,7617290.12,11.14
9351,"writingprompts",2441,565,166,2274,-2.77,-1.98,6.94,1.56,0.87,0.86,0,0.04,540.9,7.24,3720767.26,6.09
9352,"writingprompts",3591,761,302,3288,-2.55,-1.72,6.26,1.34,0.9,0.9,0,0.03,466.7,5.58,3354440.34,4.52
9353,"writingprompts",2534,525,262,2271,-3.35,-2.54,9.6,1.87,0.87,0.82,0.01,0.03,968.81,12.68,6928350.9,11.57
9354,"writingprompts",987,216,20,966,-3.4,-2.5,8.57,1.7,0.97,0.96,0,0.02,882.25,12.24,5680818.87,11.2
9355,"writingprompts",3361,688,194,3166,-3.99,-3.24,9.71,2.02,0.96,0.96,0,0.02,1182.37,25.4,7733460.96,23.98
9356,"writingprompts",1682,373,160,1521,-2.69,-1.76,7.42,1.52,0.83,0.83,0.01,0.04,574.22,5.81,3613766.14,4.8
9357,"writingprompts",6894,1552,173,6720,-2.92,-2.16,7.35,1.58,0.8,0.77,0.01,0.05,583.81,8.67,4047475.61,7.51
9358,"writingprompts",3867,907,124,3742,-2.77,-1.88,7.36,1.49,0.82,0.82,0.01,0.06,609.77,6.55,4019660.52,5.46
9359,"writingprompts",3073,631,273,2799,-3.22,-2.31,8.57,1.76,0.83,0.83,0,0.02,808.32,10.07,5545139.05,8.91
9360,"writingprompts",7384,1878,49,7334,-2.28,-1.34,6.64,1.19,0.79,0.79,0,0.03,412.99,3.82,2967133.91,2.79
9361,"writingprompts",2839,691,88,2750,-2.88,-2.13,6.71,1.52,0.78,0.77,0.01,0.06,541.2,8.41,3628889.74,7.19
9362,"writingprompts",1209,287,24,1184,-2.82,-2.03,7.02,1.57,0.85,0.83,0,0.01,533.23,7.61,3433016.31,6.49
9363,"writingprompts",3424,801,50,3373,-2.83,-2.14,6.43,1.56,0.86,0.85,0,0.01,531.49,8.5,3453969.62,7.23
9364,"writingprompts",3928,800,51,3876,-2.72,-2.04,6.39,1.63,0.93,0.94,0,0.04,430.19,7.65,2633315.02,6.57
9365,"writingprompts",3068,674,113,2954,-2.83,-2.01,7.66,1.49,0.91,0.91,0,0.05,579.67,7.5,3965683.07,6.28
9366,"writingprompts",2255,488,203,2051,-2.83,-2.04,7.09,1.59,0.88,0.86,0.01,0.06,558.43,7.73,3643184.94,6.58
9367,"writingprompts",2777,578,121,2655,-2.52,-1.5,7.27,1.31,0.86,0.82,0,0.02,487,4.49,3263460.61,3.46
9368,"writingprompts",5041,1203,212,4828,-2.58,-1.62,7.28,1.28,0.75,0.74,0,0.03,536.1,5.05,3717988.72,3.94
9369,"writingprompts",2181,541,136,2044,-2.69,-1.74,7.44,1.42,0.93,0.95,0,0.05,554.15,5.7,3806238.55,4.62
9370,"writingprompts",2188,484,67,2120,-2.91,-1.92,8.3,1.5,0.89,0.88,0,0.05,669.59,6.82,4833281.09,5.69
9371,"writingprompts",4431,1123,175,4255,-2.75,-1.87,7.86,1.54,0.82,0.83,0.01,0.06,612.6,6.49,4094634.22,5.47
9372,"writingprompts",1574,297,159,1414,-3.25,-2.42,7.24,1.59,0.96,0.95,0,0.01,741.56,11.25,5146156,9.97
9373,"writingprompts",1018,215,119,898,-2.92,-1.99,8.43,1.74,0.89,0.84,0.01,0.04,732.96,7.32,5102883.81,6.28
9374,"writingprompts",2270,509,181,2088,-2.61,-1.74,6.82,1.36,0.93,0.91,0,0.02,425.15,5.7,2638544.12,4.56
9375,"writingprompts",1625,364,86,1538,-3.3,-2.5,9.62,2.3,0.93,0.93,0,0.01,910.33,12.24,5924446.96,11.25
9376,"writingprompts",1755,399,117,1637,-2.91,-2.15,7.38,1.63,0.83,0.81,0,0.02,573.3,8.58,3984111.63,7.45
9377,"writingprompts",3472,782,118,3353,-3.01,-2.2,7.83,1.56,0.88,0.87,0,0.02,689.62,9.07,4761445.8,7.82
9378,"writingprompts",2774,557,115,2658,-3.53,-2.84,8.42,1.96,0.95,0.94,0,0.01,873.6,17.12,5392502.55,15.84
9379,"writingprompts",3393,799,88,3304,-2.62,-1.91,6.22,1.47,0.86,0.82,0.01,0.03,425.98,6.75,2697472.5,5.66
9380,"writingprompts",3517,768,101,3415,-3.1,-2.42,7.69,1.79,0.93,0.92,0,0.04,667.86,11.19,4644474.73,10.05
9381,"writingprompts",9223,2073,142,9080,-2.81,-1.96,7.62,1.55,0.81,0.82,0,0.03,619.04,7.1,4354891.62,6.02
9382,"writingprompts",2631,531,154,2476,-2.79,-2.25,5.87,1.6,0.84,0.87,0.01,0.04,397.59,9.49,2383081.37,8.28
9383,"writingprompts",980,220,42,937,-2.92,-2,7.98,1.67,0.99,0.99,0,0.01,753.14,7.39,5180488.05,6.34
9384,"writingprompts",4228,933,246,3981,-2.58,-1.74,6.49,1.42,0.88,0.86,0,0.03,468.5,5.7,3248593.77,4.62
9385,"writingprompts",1403,302,124,1278,-2.64,-2,6.14,1.52,0.89,0.89,0,0.02,481.06,7.36,3210588.15,6.22
9386,"writingprompts",1496,318,148,1347,-3.29,-2.17,9.74,1.69,0.93,0.93,0,0.03,965.77,8.76,6464175.11,7.44
9387,"writingprompts",5455,1407,135,5319,-2.37,-1.7,6.15,1.47,0.84,0.83,0.01,0.05,367.98,5.47,2505936.79,4.43
9388,"writingprompts",881,183,59,821,-2.83,-1.92,7.38,1.47,0.94,0.92,0,0.03,583.02,6.82,3869965,5.67
9389,"writingprompts",1772,342,218,1553,-2.88,-2.11,7.99,1.65,0.92,0.94,0,0.06,651.8,8.25,4368910.34,7.13
9390,"writingprompts",3269,731,124,3144,-2.55,-1.79,6.62,1.41,0.91,0.92,0,0.04,536.54,5.99,3814326.89,4.92
9391,"writingprompts",1130,219,195,934,-3.33,-2.75,7.87,1.97,0.97,0.98,0,0.01,707.04,15.64,4805270.51,14.25
9392,"writingprompts",2635,581,299,2335,-3.23,-2.37,8.69,1.71,0.84,0.8,0.01,0.05,783.33,10.7,5467521.1,9.5
9393,"writingprompts",2764,657,69,2694,-2.7,-1.77,7.8,1.4,0.88,0.86,0,0.04,612.35,5.87,4223484.99,4.76
9394,"writingprompts",2889,602,291,2597,-2.71,-1.8,8.04,1.56,0.93,0.93,0,0.01,606.84,6.02,4105131.78,5
9395,"writingprompts",1279,259,196,1082,-2.84,-2.28,5.9,1.6,0.84,0.81,0.01,0.04,419.42,9.78,2437183.25,8.57
9396,"writingprompts",2913,599,131,2781,-3.63,-2.82,10.1,2.23,0.92,0.9,0,0.01,1075.03,16.78,7108866.56,15.65
9397,"writingprompts",6002,1403,82,5919,-2.94,-2.14,7.3,1.59,0.86,0.85,0,0.03,657.37,8.5,4564745.57,7.33
9398,"writingprompts",1819,387,18,1800,-3.87,-3.16,10.35,2.26,0.96,0.95,0,0.01,1224.44,23.57,8515651.13,22.27
9399,"writingprompts",6112,1302,177,5934,-3.55,-2.92,8.01,1.84,0.92,0.92,0,0.03,838.1,18.63,5639514.05,17.21
9400,"writingprompts",1787,384,212,1574,-2.99,-1.97,8.23,1.46,0.94,0.95,0,0.03,737.85,7.17,5265580.75,5.95
9401,"writingprompts",895,190,103,791,-2.99,-2.26,7.2,1.55,0.96,0.97,0,0.03,574.49,9.58,3935961.96,8.17
9402,"writingprompts",4678,967,79,4598,-3.33,-2.48,8.28,1.69,0.86,0.85,0,0.01,814.74,11.94,5526151.75,10.77
9403,"writingprompts",2879,658,70,2808,-2.95,-2.1,7.82,1.56,0.89,0.9,0,0.02,627.43,8.21,4378609.2,7.03
9404,"writingprompts",1266,246,100,1165,-2.91,-2.09,7.59,1.67,0.99,0.99,0,0.01,594.42,8.09,3705791.48,6.96
9405,"writingprompts",2693,583,112,2580,-2.84,-2.15,6.82,1.49,0.87,0.86,0,0.02,546.94,8.58,3878221.36,7.35
9406,"writingprompts",2184,524,147,2036,-3.45,-2.72,9.72,2.03,0.92,0.93,0,0.03,1048.51,15.26,7390016.44,14.18
9407,"writingprompts",6673,1450,80,6592,-3.18,-2.32,8.86,1.8,0.86,0.86,0,0.05,841.49,10.18,5943877.87,9.09
9408,"writingprompts",667,138,51,615,-3.68,-2.98,9.05,1.96,0.98,1,0,0,1070.37,19.69,8061297.15,18.16
9409,"writingprompts",4056,939,61,3994,-2.46,-1.54,6.86,1.44,0.51,0.44,0.04,0.03,468.53,4.66,3139561.87,3.65
9410,"writingprompts",2579,518,269,2309,-3.2,-2.42,7.99,1.92,0.91,0.92,0,0.05,676.35,11.25,4236198.64,10.12
9411,"writingprompts",1559,361,84,1474,-2.8,-2.08,6.24,1.55,0.9,0.92,0,0.08,394.44,8,2259249.24,6.77
9412,"writingprompts",4908,1170,44,4863,-2.8,-2.13,6.9,1.63,0.86,0.84,0.01,0.06,541.4,8.41,3614071.35,7.29
9413,"writingprompts",5954,1307,141,5812,-3.07,-2.27,7.94,1.69,0.85,0.83,0,0.02,694.5,9.68,4834702.08,8.47
9414,"writingprompts",5465,1255,89,5375,-3.08,-2.33,7.69,1.66,0.84,0.84,0,0.03,737.09,10.28,4971621.35,9.01
9415,"writingprompts",3212,643,91,3120,-2.88,-2.09,7.47,1.6,0.9,0.9,0,0.07,589.04,8.08,3933260.34,6.93
9416,"writingprompts",799,167,28,770,-4.66,-4.12,10.51,2.29,0.99,1,0,0,1534.24,61.56,9956387.79,59.81
9417,"writingprompts",2905,631,79,2825,-3.05,-2.1,8.65,1.55,0.91,0.9,0,0.03,726.38,8.17,5062008.31,7
9418,"writingprompts",4538,1032,251,4286,-2.46,-1.54,6.93,1.37,0.73,0.72,0.01,0.06,520.14,4.66,3714926.33,3.66
9419,"writingprompts",3772,821,74,3697,-3.07,-2.15,9.1,1.74,0.92,0.91,0,0.02,782.19,8.58,5295656.38,7.51
9420,"writingprompts",655,133,81,573,-3.51,-3.06,8.91,2.03,0.97,0.97,0,0.03,876.77,21.33,5879211.36,19.71
9421,"writingprompts",5057,1160,120,4936,-2.23,-1.46,5.4,1.21,0.82,0.83,0,0.05,315.24,4.31,1963594.9,3.22
9422,"writingprompts",1326,265,50,1275,-4.44,-3.88,10.86,2.49,1,1,0,0,1431.65,48.42,8854331.81,47.26
9423,"writingprompts",2068,439,44,2023,-2.77,-2.02,7.02,1.59,0.91,0.9,0,0.02,525.39,7.54,3299793.9,6.38
9424,"writingprompts",945,147,298,646,-2.97,-2.16,7.05,1.64,0.88,0.83,0.01,0.06,535.91,8.67,3520646.63,7.55
9425,"writingprompts",787,169,74,712,-2.77,-1.22,10.17,1.21,0.51,0.48,0.01,0.02,878.06,3.39,6314156.85,2.39
9426,"writingprompts",1132,264,18,1113,-3.54,-2.64,8.94,1.8,0.95,0.94,0,0.01,867.82,14.03,5121945.76,12.5
9427,"writingprompts",2519,572,160,2358,-2.63,-1.9,5.95,1.41,0.83,0.82,0,0.02,433.72,6.72,2805251.4,5.57
9428,"writingprompts",3893,845,74,3818,-3,-2.24,7.4,1.61,0.92,0.93,0,0.03,600.49,9.39,4127847.52,8.08
9429,"writingprompts",4660,963,283,4376,-3.08,-2.48,7.22,1.67,0.9,0.88,0,0.01,644.48,11.94,4505635.81,10.71
9430,"writingprompts",950,165,199,750,-3.25,-2.49,8.63,1.63,0.83,0.83,0.01,0.04,777.8,12.06,5553821.56,10.79
9431,"writingprompts",1331,344,51,1279,-3.69,-2.7,9.24,1.91,0.82,0.83,0.01,0.02,1074.71,14.8,7012441.23,13.38
9432,"writingprompts",2262,540,96,2165,-3.13,-2.24,8.73,1.77,0.87,0.84,0,0.03,815.16,9.35,5980799.09,8.2
9433,"writingprompts",6336,1316,303,6032,-3.18,-2.3,8.47,1.7,0.89,0.87,0,0.04,824.18,10.02,5688543.24,8.88
9434,"writingprompts",2820,731,97,2722,-2.34,-1.53,6.08,1.26,0.85,0.86,0.01,0.07,383.8,4.62,2558184.86,3.56
9435,"writingprompts",1932,473,69,1862,-2.37,-1.65,5.43,1.35,0.86,0.88,0,0.05,341.71,5.21,2275306.69,4.08
9436,"writingprompts",5821,1345,117,5703,-2.79,-2.09,6.54,1.54,0.85,0.82,0,0.02,491.44,8.08,3335113.94,6.92
9437,"writingprompts",2698,520,145,2552,-3.65,-3.06,8.99,2.18,0.97,0.97,0,0.02,1050.17,21.22,7226684.5,19.88
9438,"writingprompts",1640,370,52,1587,-3.99,-3.33,10.33,2.2,0.94,0.93,0,0.01,1388.24,27.94,9391822.29,26.79
9439,"writingprompts",9554,2161,239,9314,-2.38,-1.73,5.14,1.35,0.7,0.69,0.01,0.06,285.26,5.64,1790862,4.48
9440,"writingprompts",3234,859,10,3223,-2.21,-1.39,6,1.28,0.83,0.82,0.01,0.07,417.89,4.01,3039587,3
9441,"writingprompts",3204,717,283,2920,-2.87,-2.06,7.31,1.69,0.89,0.89,0,0.04,539.75,7.85,3223397.48,6.78
9442,"writingprompts",5021,1162,168,4852,-2.67,-1.82,7.15,1.49,0.82,0.8,0,0.02,541.68,6.17,3671006.89,5.06
9443,"writingprompts",6589,1601,142,6446,-2.3,-1.36,6.5,1.26,0.77,0.73,0.01,0.03,437.08,3.9,3149577.34,2.89
9444,"writingprompts",5361,1158,77,5283,-2.57,-1.82,6.32,1.38,0.81,0.8,0,0.04,445.57,6.14,3007783.16,4.97
9445,"writingprompts",2187,419,283,1903,-3,-2.23,7.01,1.61,0.91,0.89,0,0.03,539.44,9.3,3403314.05,8.04
9446,"writingprompts",1610,399,168,1441,-2.81,-1.87,7.35,1.55,0.7,0.66,0.02,0.1,586.03,6.49,4058538.94,5.35
9447,"writingprompts",1200,259,110,1089,-2.69,-2.01,5.85,1.54,0.91,0.91,0,0.03,364.89,7.46,2190116.87,6.2
9448,"writingprompts",1293,280,111,1181,-3.26,-2.3,9.53,1.81,0.92,0.91,0,0.01,871.9,10.02,6422271.17,8.86
9449,"writingprompts",1115,262,48,1066,-3.33,-2.55,8.96,1.87,0.89,0.86,0.01,0.04,882.94,12.88,6344592.43,11.65
9450,"writingprompts",614,148,38,575,-3.12,-2.22,8.4,1.76,0.93,0.96,0.01,0.04,827.39,9.22,5431054.85,8.07
9451,"writingprompts",2624,580,94,2529,-3.15,-2.26,8.66,1.73,0.9,0.91,0,0.01,772,9.58,5602196.67,8.41
9452,"writingprompts",3035,673,10,3024,-3.33,-2.66,8.92,2.08,0.89,0.91,0,0.04,921.63,14.3,6331116.6,13.22
9453,"writingprompts",4779,1031,187,4591,-2.8,-2.09,7.11,1.55,0.84,0.84,0.01,0.06,546.81,8.08,3839491.3,6.93
9454,"writingprompts",1713,394,32,1680,-2.76,-1.94,6.95,1.4,0.93,0.93,0,0.04,503.61,7,3640399.23,5.85
9455,"writingprompts",2343,466,190,2152,-3.25,-2.66,7.86,1.81,0.94,0.94,0,0.01,788,14.3,5400140.3,13.03
9456,"writingprompts",868,167,108,759,-2.43,-1.64,6.95,1.2,0.92,0.91,0,0.05,547.31,5.16,3673219.72,4.01
9457,"writingprompts",3371,881,95,3275,-2.76,-1.91,7.77,1.64,0.85,0.8,0.01,0.04,609.84,6.75,4178894.87,5.71
9458,"writingprompts",2176,552,5,2170,-2.51,-1.78,6.9,1.5,0.89,0.89,0,0.03,490.02,5.9,3374603.57,4.87
9459,"writingprompts",1390,332,48,1341,-2.79,-2.26,6.15,1.52,0.91,0.88,0,0.02,422.7,9.63,2669680.44,8.42
9460,"writingprompts",1965,418,213,1751,-2.58,-1.7,6.32,1.34,0.89,0.85,0,0.02,448.2,5.5,2788017.22,4.43
9461,"writingprompts",2746,581,100,2645,-3.57,-2.79,9.14,1.97,0.96,0.95,0,0.02,914.88,16.28,6130436.07,15
9462,"writingprompts",5723,1266,140,5582,-2.86,-2.05,7.09,1.57,0.91,0.92,0,0.02,533.91,7.81,3272885.94,6.67
9463,"writingprompts",2683,537,131,2551,-3.08,-2.29,7.91,1.57,0.94,0.95,0,0.03,718.69,9.87,4749509.49,8.48
9464,"writingprompts",6568,1441,91,6476,-2.45,-1.62,6.27,1.37,0.81,0.8,0.01,0.06,404.47,5.05,2649592.87,4.03
9465,"writingprompts",860,202,33,826,-2.96,-2.28,6.66,1.33,0.91,0.9,0,0.03,518.18,9.82,3652318.92,8.2
9466,"writingprompts",8848,2060,71,8776,-2.62,-1.81,6.63,1.45,0.8,0.78,0.01,0.05,495.85,6.08,3400154.05,4.97
9467,"writingprompts",5332,1224,225,5106,-2.38,-1.65,5.6,1.28,0.74,0.7,0.01,0.06,321.31,5.21,2087556.95,4.04
9468,"writingprompts",3138,682,10,3127,-3.41,-2.38,10.24,1.9,0.94,0.94,0,0.03,1109.51,10.86,7702952.65,9.81
9469,"writingprompts",2118,406,189,1928,-3,-2.08,7.28,1.56,0.95,0.94,0,0.03,750.06,8.04,5307544.06,6.83
9470,"writingprompts",2478,551,22,2455,-3.4,-2.64,9.21,1.97,0.89,0.86,0,0.02,905.16,14.01,6321574.69,12.86
9471,"writingprompts",1221,264,41,1179,-3.53,-2.82,11.05,2.25,0.64,0.55,0.03,0.05,997.21,16.7,7029400.2,15.67
9472,"writingprompts",1785,384,16,1768,-2.97,-2.24,7.3,1.61,0.93,0.94,0,0.03,614.05,9.44,4326885.92,8.25
9473,"writingprompts",2555,654,73,2481,-2.71,-1.85,8.45,1.77,0.64,0.64,0.04,0.17,675.6,6.36,4731064.06,5.36
9474,"writingprompts",4567,1029,194,4372,-2.54,-1.7,6.38,1.31,0.83,0.82,0.01,0.07,455.18,5.47,2965440.57,4.32
9475,"writingprompts",1119,251,43,1075,-3.12,-2.09,9.15,1.67,0.92,0.92,0,0.01,950.16,8.08,6781968.59,6.99
9476,"writingprompts",4295,890,120,4174,-2.83,-1.87,7.69,1.5,0.81,0.79,0,0.02,642.78,6.49,4402511.09,5.32
9477,"writingprompts",10117,2406,159,9957,-2.81,-1.97,7.93,1.6,0.79,0.79,0.01,0.06,667.05,7.17,4693189.45,6.09
9478,"writingprompts",5111,1289,199,4911,-2.13,-1.33,5.41,1.22,0.82,0.8,0.01,0.09,286.47,3.78,1761617.12,2.77
9479,"writingprompts",2584,614,263,2320,-2.55,-1.74,7.24,1.51,0.73,0.7,0.01,0.07,536.95,5.72,3824643.93,4.64
9480,"writingprompts",2441,671,157,2283,-2.67,-1.95,7.23,1.66,0.77,0.75,0.01,0.01,511.05,7.03,3306208.22,5.99
9481,"writingprompts",2365,443,229,2135,-2.98,-2.38,7.29,1.7,0.96,0.95,0,0.01,590.1,10.8,4080928.3,9.64
9482,"writingprompts",1330,294,15,1314,-2.93,-2.14,7.75,1.65,0.75,0.69,0.01,0.05,659.3,8.5,4718432.44,7.3
9483,"writingprompts",1581,308,189,1391,-3.1,-2.49,7.86,1.77,0.97,0.97,0,0.01,676.9,12,4607983.38,10.86
9484,"writingprompts",1665,316,243,1421,-3.53,-2.99,8.54,2.06,0.98,0.98,0,0.01,774.94,19.89,4929548.23,18.58
9485,"writingprompts",2604,508,92,2511,-3.76,-3.1,10.13,2.19,0.95,0.95,0,0.01,1240.68,22.32,8624661.43,21.21
9486,"writingprompts",2050,391,205,1844,-3.12,-2.52,5.98,1.72,0.92,0.91,0,0.03,501.39,12.43,3271978.42,11.17
9487,"writingprompts",4291,1035,151,4139,-2.43,-1.64,6.36,1.43,0.88,0.88,0.01,0.07,417.85,5.16,2867335.93,4.12
9488,"writingprompts",1541,318,203,1337,-4.06,-3.56,9.88,2.22,0.98,0.98,0,0.01,1171.14,35.34,7492234.3,33.46
9489,"writingprompts",1718,349,137,1580,-3.18,-2.44,8.29,1.76,0.97,0.97,0,0.01,786.16,11.47,5845649.73,10.27
9490,"writingprompts",1033,245,109,923,-2.39,-1.94,5.59,1.47,0.65,0.63,0.01,0.03,330.89,6.96,2298465.66,5.91
9491,"writingprompts",1774,376,83,1690,-3.36,-2.6,8.19,1.69,0.95,0.95,0,0.04,840.95,13.46,5966355.58,12.16
9492,"writingprompts",1300,282,138,1161,-2.86,-2.02,7.39,1.72,0.95,0.95,0,0.01,586.18,7.54,3820824.68,6.44
9493,"writingprompts",4397,994,80,4316,-2.73,-1.84,7.25,1.56,0.88,0.87,0,0.02,511.51,6.3,3321753.27,5.25
9494,"writingprompts",3987,894,162,3824,-3.13,-2.34,7.74,1.68,0.89,0.86,0,0.04,709.19,10.44,4692965.81,9.17
9495,"writingprompts",2339,495,114,2224,-2.95,-2.23,7.85,1.66,0.91,0.9,0,0.01,606.62,9.3,4217863.12,8.13
9496,"writingprompts",3039,694,142,2896,-2.62,-1.98,6.31,1.55,0.87,0.86,0,0.05,450.49,7.28,3017206,6.14
9497,"writingprompts",4112,896,234,3877,-3.38,-2.51,8.62,1.75,0.88,0.88,0,0.02,835.64,12.36,5508284.55,11.16
9498,"writingprompts",2053,387,157,1895,-3.52,-2.88,8.5,1.93,0.97,0.96,0,0.01,835.76,17.81,5298483.14,16.43
9499,"writingprompts",840,188,44,795,-3.17,-2.6,6.92,1.64,0.95,0.94,0,0.02,608.67,13.53,4431832.92,12.18
9500,"writingprompts",698,157,32,665,-3.11,-2.32,7.88,1.77,0.92,0.93,0,0.02,786.13,10.18,5231238.02,9.09
9501,"writingprompts",3013,679,125,2887,-3.23,-2.38,9.03,1.84,0.85,0.78,0.01,0.06,843.11,10.8,5812996.03,9.73
9502,"writingprompts",1048,196,198,849,-3.04,-2.08,8.57,1.58,0.9,0.91,0,0.01,813.15,8.04,5907381.85,6.7
9503,"writingprompts",2557,563,107,2449,-3.13,-2.46,7.31,1.69,0.92,0.91,0,0.05,648.54,11.7,4445341.6,10.44
9504,"writingprompts",2143,507,47,2095,-3.36,-2.58,8.68,1.68,0.94,0.93,0,0.03,882.25,13.2,6324500.64,11.97
9505,"writingprompts",1654,403,53,1600,-2.4,-1.4,7.43,1.19,0.74,0.7,0.01,0.02,489.41,4.06,3428869.86,2.99
9506,"writingprompts",5710,1214,79,5630,-3.24,-2.54,7.98,1.86,0.92,0.92,0,0.03,736.44,12.68,4897281.57,11.48
9507,"writingprompts",2599,532,232,2366,-3.04,-2.42,7.02,1.65,0.94,0.93,0,0.04,633.3,11.25,4292809.85,9.93
9508,"writingprompts",2517,559,110,2406,-2.85,-1.98,7.73,1.54,0.9,0.89,0,0.01,632.01,7.24,4298394,6.05
9509,"writingprompts",2559,479,193,2365,-3.18,-2.21,8.49,1.76,0.95,0.95,0,0.01,838.91,9.12,5920866.51,8.03
9510,"writingprompts",1015,245,86,928,-2.57,-1.87,6.03,1.4,0.79,0.76,0.01,0.03,310.97,6.49,1587614.6,5.27
9511,"writingprompts",2483,627,46,2436,-3.1,-2.31,9.13,2.01,0.72,0.69,0.01,0.03,825.34,10.07,5830624.22,9.04
9512,"writingprompts",1570,343,148,1421,-3.15,-2.49,7.53,1.72,0.97,0.96,0,0.02,782.17,12.06,5898459.24,10.81
9513,"writingprompts",782,165,109,672,-3.03,-2.1,8.79,1.89,0.96,0.98,0,0.02,782.23,8.17,4809717.06,7.16
9514,"writingprompts",671,128,112,558,-3.9,-3.32,10.03,2.04,0.79,0.81,0.02,0.05,1254.92,27.53,8432720.82,26.07
9515,"writingprompts",904,192,149,754,-3.61,-2.48,12.25,1.9,0.95,0.96,0,0.02,1273.69,11.94,8566719.6,10.82
9516,"writingprompts",858,171,27,830,-3.83,-3.26,9.93,2.16,0.97,0.97,0,0.02,1031.64,26.05,7055947.56,24.86
9517,"writingprompts",1430,327,106,1323,-2.64,-1.67,7.91,1.34,0.85,0.84,0.01,0.06,627.61,5.31,4392923.69,4.23
9518,"writingprompts",1122,217,114,1007,-2.96,-2.16,7.24,1.58,0.93,0.92,0,0.01,600.76,8.67,3999663.4,7.33
9519,"writingprompts",10461,2690,113,10347,-2.51,-1.7,6.58,1.41,0.76,0.74,0.01,0.06,452.41,5.47,2957417.58,4.44
9520,"writingprompts",921,229,93,827,-4.07,-3.23,12.09,2.47,0.96,0.96,0,0.03,1458.94,25.28,9583217.52,24.03
9521,"writingprompts",5074,1065,285,4788,-3.25,-2.39,7.98,1.69,0.92,0.92,0,0.02,809.33,10.91,5528754.34,9.69
9522,"writingprompts",1335,277,92,1242,-2.54,-1.89,6.03,1.4,0.93,0.94,0,0.01,381.56,6.62,2428789.11,5.49
9523,"writingprompts",813,158,102,710,-3.41,-2.68,8.43,1.88,0.99,1,0,0.01,845.25,14.52,5588580.93,13.41
9524,"writingprompts",3707,826,196,3510,-2.65,-1.78,6.42,1.43,0.7,0.69,0.01,0.02,407.72,5.9,2560931.15,4.78
9525,"writingprompts",4737,1029,205,4531,-2.73,-1.92,6.92,1.53,0.86,0.84,0,0.02,524.98,6.82,3739196.66,5.7
9526,"writingprompts",682,142,42,639,-4.42,-3.36,12.09,2.51,0.98,0.98,0,0.02,1694.03,28.83,10412125.59,27.72
9527,"writingprompts",1307,252,67,1239,-3.45,-2.65,9.68,1.86,0.96,0.95,0,0.01,910.43,14.16,6416830.75,12.87
9528,"writingprompts",2407,498,142,2264,-2.57,-1.84,5.78,1.41,0.84,0.85,0,0.01,362.3,6.26,2235511.89,5.13
9529,"writingprompts",3594,841,171,3422,-2.74,-1.83,7.4,1.34,0.82,0.83,0.01,0.11,574.73,6.23,4044280.33,5.07
9530,"writingprompts",8167,1886,168,7998,-2.66,-1.83,6.76,1.46,0.8,0.79,0.01,0.08,499.39,6.23,3249887.11,5.1
9531,"writingprompts",4168,872,244,3923,-3.41,-2.48,9.42,1.9,0.87,0.83,0,0.03,992.46,11.88,7032186.29,10.72
9532,"writingprompts",1636,388,54,1581,-3.09,-2.13,9.16,1.73,0.9,0.9,0,0.02,889.88,8.41,6217964.8,7.29
9533,"writingprompts",2925,597,297,2627,-2.8,-2.12,6.67,1.55,0.94,0.95,0,0.03,539.23,8.33,3803394.75,7.02
9534,"writingprompts",3616,848,38,3577,-3,-2.2,8.2,1.78,0.9,0.89,0,0.06,709.31,8.98,4906515.08,7.93
9535,"writingprompts",1287,301,19,1267,-3.1,-2.2,9.2,1.74,0.97,1,0,0,733.35,9.03,5339180.87,7.91
9536,"writingprompts",3911,839,199,3711,-2.51,-1.68,6.65,1.45,0.83,0.82,0.01,0.06,440.93,5.37,2944578.93,4.34
9537,"writingprompts",970,210,20,949,-3.5,-3.12,7.55,2.12,0.94,0.92,0,0.01,669.49,22.54,3717120.54,21.25
9538,"writingprompts",2219,454,217,2001,-2.99,-2.12,7.96,1.65,0.97,0.96,0,0.02,779.72,8.33,5418616.03,7.21
9539,"writingprompts",3467,741,119,3347,-3.79,-3.04,8.92,1.96,0.95,0.95,0,0.03,1079.47,20.91,7276028.42,19.42
9540,"writingprompts",3918,913,35,3882,-3.12,-2.18,9.09,1.81,0.94,0.94,0,0.03,812.73,8.85,5414225.81,7.83
9541,"writingprompts",2564,556,194,2369,-2.64,-1.6,8.43,1.39,0.87,0.88,0.01,0.08,634.57,4.93,4446199.55,3.89
9542,"writingprompts",1742,380,68,1673,-2.88,-1.94,7.01,1.41,0.94,0.95,0,0.03,571.29,6.99,3927440.2,5.78
9543,"writingprompts",2571,508,191,2379,-2.93,-2.12,7.92,1.58,0.91,0.89,0,0.04,669.84,8.29,4633593.46,7.16
9544,"writingprompts",1782,340,67,1714,-3.09,-2.34,7.02,1.59,0.87,0.84,0,0.02,572.02,10.44,3830607.71,9.11
9545,"writingprompts",6017,1375,142,5874,-3.2,-2.37,8.25,1.74,0.73,0.66,0.02,0.04,768.63,10.7,5362492.29,9.55
9546,"writingprompts",4955,1118,127,4827,-2.63,-1.72,6.92,1.3,0.76,0.73,0.01,0.03,498.07,5.56,3351622.4,4.37
9547,"writingprompts",2567,586,123,2443,-2.83,-1.93,7.32,1.43,0.89,0.89,0.01,0.05,559.66,6.89,3949651.24,5.66
9548,"writingprompts",1784,393,19,1764,-3.46,-2.83,8.46,1.92,0.94,0.92,0,0.03,919.27,16.95,6500405.48,15.59
9549,"writingprompts",1098,208,175,922,-3.67,-2.86,10.82,2.23,0.95,0.94,0,0.01,1258.03,17.57,9008288.1,16.47
9550,"writingprompts",3731,811,203,3527,-3.25,-2.57,8.33,1.9,0.92,0.91,0,0.02,800.99,13.07,5531099.94,11.87
9551,"writingprompts",3166,638,76,3089,-3.13,-2.38,7.42,1.66,0.92,0.9,0,0.03,673.54,10.75,4616005.02,9.48
9552,"writingprompts",5656,1261,109,5546,-2.7,-1.99,6.51,1.5,0.84,0.81,0.01,0.05,453.9,7.32,2911536.88,6.15
9553,"writingprompts",8445,1864,99,8345,-2.8,-2,7.2,1.59,0.81,0.79,0.01,0.07,566.04,7.39,3899706.44,6.26
9554,"writingprompts",1257,312,39,1217,-3.08,-2.09,8.04,1.6,0.84,0.82,0,0.05,675.79,8.09,3959453.43,7.04
9555,"writingprompts",1340,305,131,1208,-2.73,-2.01,6.24,1.59,0.85,0.88,0.01,0.06,488.65,7.46,3278036.11,6.39
9556,"writingprompts",2342,531,63,2278,-2.25,-1.35,6.23,1.07,0.77,0.72,0.01,0.02,387.59,3.86,2616923.55,2.73
9557,"writingprompts",5149,1126,106,5042,-3.29,-2.5,8.15,1.83,0.91,0.91,0,0.02,748.13,12.24,5104530.87,11.05
9558,"writingprompts",2696,570,154,2541,-3.18,-2.38,7.66,1.81,0.89,0.9,0,0.05,707.69,10.86,4457250.63,9.82
9559,"writingprompts",9229,1982,245,8983,-2.96,-2.2,7.54,1.65,0.86,0.83,0,0.03,620.75,8.98,4071302.23,7.82
9560,"writingprompts",3597,829,135,3461,-2.97,-2.21,7.52,1.68,0.94,0.95,0,0.02,632.13,9.12,4451456.82,8
9561,"writingprompts",819,155,166,652,-3.01,-2.06,7.87,1.59,0.97,0.96,0,0.01,547.41,7.85,2813247.21,6.73
9562,"writingprompts",824,171,52,771,-4.48,-3.61,13.09,2.58,0.99,1,0,0,1912.67,36.97,12674432.65,35.92
9563,"writingprompts",1065,220,16,1048,-3.34,-2.84,6.78,1.71,0.94,0.95,0,0.02,594.33,17.04,3603878.32,15.54
9564,"writingprompts",2029,404,122,1906,-3.6,-2.86,9.25,2.02,0.92,0.91,0,0.04,945.19,17.38,6383256.87,16.12
9565,"writingprompts",1093,199,148,944,-3.59,-2.93,9.51,2.13,0.97,0.96,0,0.01,988.09,18.73,6350641.96,17.58
9566,"writingprompts",1833,431,15,1817,-2.41,-1.67,6.3,1.26,0.9,0.92,0,0.03,518.76,5.31,3676209.51,4.1
9567,"writingprompts",3488,724,98,3389,-3.21,-2.39,8.64,1.85,0.93,0.95,0,0.04,844.79,10.91,5763364.72,9.74
9568,"writingprompts",1519,348,245,1273,-2.23,-1.34,5.7,1.2,0.75,0.73,0.01,0.03,344.9,3.82,2044071.81,2.75
9569,"writingprompts",1468,373,120,1347,-2.73,-2.03,6.98,1.58,0.92,0.91,0,0.01,523.76,7.61,3441255.08,6.56
9570,"writingprompts",2637,530,207,2429,-2.8,-2.02,7.12,1.48,0.95,0.96,0,0.01,576.93,7.58,3880607.64,6.42
9571,"writingprompts",3009,627,172,2836,-3.44,-2.77,9,2.03,0.75,0.79,0.02,0.01,913.41,15.96,6070782.06,14.84
9572,"writingprompts",7623,1805,91,7531,-2.59,-1.76,6.56,1.39,0.82,0.82,0,0.03,483.73,5.81,3221268.93,4.68
9573,"writingprompts",1889,439,102,1786,-3.43,-2.6,9.43,2.04,0.88,0.87,0,0.01,987,13.46,6775238.26,12.37
9574,"writingprompts",5550,1238,71,5478,-2.41,-1.66,6.01,1.27,0.77,0.77,0,0.02,428.15,5.28,2934402.99,4.17
9575,"writingprompts",1336,306,44,1291,-2.57,-1.94,5.3,1.35,0.87,0.87,0,0.03,356.02,6.92,2427420.66,5.65
9576,"writingprompts",2679,654,91,2587,-2.59,-1.8,6.64,1.42,0.76,0.72,0.01,0.03,503.48,6.05,3776728.11,4.98
9577,"writingprompts",1876,363,158,1717,-3.28,-2.5,7.35,1.68,0.96,0.96,0,0.02,630.96,12.18,4014724.49,10.92
9578,"writingprompts",2625,541,302,2322,-3.03,-2.17,8.19,1.7,0.96,0.95,0,0.01,677.86,8.76,4664749.76,7.56
9579,"writingprompts",1496,327,63,1432,-3.22,-2.32,9.24,1.79,0.95,0.92,0,0.02,859.8,10.18,5863738.62,8.98
9580,"writingprompts",4496,970,249,4246,-3.02,-2.2,7.42,1.7,0.87,0.87,0,0.03,630.98,8.98,4210657.21,7.83
9581,"writingprompts",2703,542,198,2504,-3.44,-2.61,9.69,1.93,0.94,0.96,0,0.03,965.64,13.6,6712944.36,12.36
9582,"writingprompts",5584,1398,142,5441,-2.52,-1.62,7.02,1.41,0.82,0.81,0,0.03,528.08,5.05,3682185.97,4.03
9583,"writingprompts",5609,1360,119,5489,-2.23,-1.38,6.18,1.27,0.69,0.71,0.03,0.14,371.57,3.99,2491084.77,2.97
9584,"writingprompts",966,187,52,913,-3.55,-2.79,10.18,1.87,0.97,0.97,0,0.01,960.38,16.28,6428977.91,14.68
9585,"writingprompts",3205,675,101,3103,-2.71,-2.13,5.53,1.44,0.91,0.91,0,0.04,348.62,8.41,2115180.73,7.15
9586,"writingprompts",2150,449,170,1979,-3.2,-2.37,7.64,1.56,0.93,0.93,0,0.03,699.32,10.7,5027518.34,9.19
9587,"writingprompts",4783,961,57,4725,-2.83,-2,7.42,1.59,0.88,0.86,0,0.02,620.82,7.39,4280793.01,6.22
9588,"writingprompts",8470,1924,51,8418,-3.26,-2.55,8.18,1.79,0.84,0.82,0,0.03,774.56,12.81,5320091.67,11.55
9589,"writingprompts",1393,283,135,1257,-3.03,-2.11,8.66,1.48,0.89,0.9,0,0.05,721.1,8.25,5339213.56,7.08
9590,"writingprompts",1503,312,49,1453,-3.47,-2.46,10.42,1.81,0.91,0.89,0,0.01,986.2,11.76,6936807.44,10.55
9591,"writingprompts",4262,932,76,4185,-2.6,-1.84,6.09,1.39,0.82,0.8,0.01,0.07,419.33,6.3,2643432.33,5.17
9592,"writingprompts",2436,524,127,2308,-3,-2.3,7.6,1.75,0.91,0.89,0,0.01,681.84,9.97,4248621.42,8.92
9593,"writingprompts",4822,1084,222,4599,-2.7,-1.87,6.58,1.37,0.77,0.76,0.01,0.04,537.62,6.46,3908026.99,5.25
9594,"writingprompts",1875,362,135,1739,-3.08,-2.22,8.34,1.72,0.96,0.96,0,0.01,775.43,9.16,5587691.33,8.06
9595,"writingprompts",2095,531,56,2038,-3.06,-2.03,8.9,1.55,0.86,0.87,0,0.05,852.74,7.61,6149573.89,6.53
9596,"writingprompts",1908,408,148,1759,-2.98,-2.22,7.34,1.71,0.88,0.9,0.01,0.09,583.58,9.26,3654182.58,8.11
9597,"writingprompts",2956,582,111,2844,-3.03,-2.26,7.59,1.71,0.93,0.93,0,0.02,612.89,9.58,4061361.95,8.4
9598,"writingprompts",700,159,39,660,-3.57,-3.09,8.74,2.27,0.87,0.95,0.02,0.05,946.73,21.98,5736990.72,20.72
9599,"writingprompts",7523,1692,123,7399,-2.82,-2.05,6.92,1.48,0.89,0.87,0,0.04,551.27,7.81,3840343.73,6.62
9600,"writingprompts",1144,254,123,1020,-2.83,-2.09,6.72,1.62,0.97,0.96,0,0.01,464.94,8.12,2963801.95,6.96
9601,"writingprompts",5013,1115,169,4843,-3,-2.19,7.64,1.73,0.86,0.87,0,0.02,610.21,8.94,3960638.74,7.81
9602,"writingprompts",2644,484,299,2344,-3.51,-2.73,9.56,1.88,0.96,0.95,0,0.01,1028.67,15.33,7192953,14.06
9603,"writingprompts",2072,495,60,2011,-2.77,-1.88,8.27,1.54,0.86,0.82,0,0.01,706.73,6.55,5066357.96,5.51
9604,"writingprompts",7750,1767,98,7651,-2.82,-1.94,7.47,1.53,0.87,0.87,0,0.06,612.63,6.96,4255653.44,5.83
9605,"writingprompts",2776,661,141,2634,-2.64,-1.93,6.63,1.44,0.88,0.9,0.01,0.06,472.75,6.89,3016380.48,5.72
9606,"writingprompts",945,184,148,796,-3.24,-2.44,8.58,1.65,0.95,0.95,0,0.02,937.84,11.42,7461554.08,9.93
9607,"writingprompts",2390,526,103,2286,-2.81,-1.92,8.06,1.54,0.89,0.89,0,0.01,631.93,6.86,4296368.57,5.77
9608,"writingprompts",3496,875,35,3460,-2.55,-1.77,6.39,1.43,0.81,0.79,0.01,0.03,420,5.87,2686860.03,4.73
9609,"writingprompts",1899,441,203,1695,-2.56,-1.79,7.07,1.4,0.85,0.82,0.01,0.04,576.91,5.99,4510038.44,4.84
9610,"writingprompts",4971,1248,82,4888,-2.38,-1.47,7.16,1.35,0.61,0.58,0.01,0.08,518.14,4.35,3775044.51,3.33
9611,"writingprompts",2739,563,159,2579,-3.33,-2.56,8.3,1.89,0.93,0.92,0,0.01,829.11,12.94,5709452.4,11.8
9612,"writingprompts",7697,1791,48,7648,-2.76,-2.07,6.52,1.51,0.85,0.84,0,0.03,445.49,7.92,2768852.2,6.76
9613,"writingprompts",3382,718,193,3188,-2.84,-2.05,7.12,1.51,0.86,0.83,0.01,0.05,585.38,7.77,3964818.64,6.62
9614,"writingprompts",5442,1452,78,5363,-2.81,-2,8.04,1.76,0.56,0.52,0.01,0.03,624.85,7.39,4271427.36,6.37
9615,"writingprompts",2288,460,160,2127,-2.7,-1.86,7.38,1.4,0.91,0.89,0,0.03,534.9,6.43,3581922.22,5.16
9616,"writingprompts",2165,516,75,2089,-2.81,-2.14,6.72,1.6,0.79,0.77,0.01,0.02,555.92,8.54,3893281.1,7.35
9617,"writingprompts",2390,523,50,2339,-3.5,-2.82,7.94,1.85,0.89,0.87,0,0.01,836.68,16.78,5410284.49,15.36
9618,"writingprompts",1340,326,87,1252,-3.59,-3,8.22,1.72,0.86,0.82,0,0.01,877.02,19.99,5981213.38,18.7
9619,"writingprompts",2885,628,123,2761,-2.97,-2.1,7.93,1.58,0.87,0.86,0,0.04,698.22,8.21,4896965.82,7.12
9620,"writingprompts",3434,819,99,3334,-3.02,-2.18,7.67,1.65,0.8,0.78,0,0.01,633.24,8.85,4065695.89,7.73
9621,"writingprompts",2045,441,116,1928,-3.18,-2.29,8.76,1.66,0.85,0.84,0,0.03,781.14,9.87,5370855.58,8.61
9622,"writingprompts",1428,333,111,1316,-2.87,-2.16,7.51,1.52,0.93,0.93,0,0.04,586.12,8.67,4022552,7.52
9623,"writingprompts",6009,1285,198,5810,-2.83,-2.15,6.3,1.53,0.81,0.79,0.01,0.02,471.09,8.58,3137566.79,7.36
9624,"writingprompts",1905,442,49,1855,-2.54,-1.92,5.58,1.38,0.81,0.77,0.01,0.07,385.7,6.82,2830449.98,5.64
9625,"writingprompts",2473,678,88,2384,-3.43,-2.75,8.98,2.03,0.87,0.86,0,0.01,906.06,15.64,6291567.01,14.59
9626,"writingprompts",1612,320,197,1414,-3.4,-2.77,8.73,1.98,0.96,0.95,0,0.02,903.57,15.96,6159414.69,14.79
9627,"writingprompts",6073,1352,100,5972,-3.12,-2.32,7.82,1.67,0.88,0.86,0,0.03,692.79,10.18,4679631.81,8.88
9628,"writingprompts",1548,344,124,1423,-2.9,-2.04,8.29,1.59,0.91,0.89,0,0.02,592.63,7.65,4157823.34,6.43
9629,"writingprompts",1698,332,277,1420,-2.97,-2.16,7.06,1.57,0.85,0.83,0,0.01,659.36,8.62,4786708.03,7.36
9630,"writingprompts",4943,1107,146,4796,-2.94,-2.21,7.18,1.54,0.91,0.91,0,0.02,608.69,9.12,4208647.9,7.85
9631,"writingprompts",3241,718,134,3106,-2.89,-2.16,7.71,1.79,0.89,0.9,0,0.03,571.73,8.67,3833079.04,7.64
9632,"writingprompts",2501,544,148,2352,-2.98,-2.14,7.4,1.66,0.92,0.88,0,0.03,684.72,8.54,4530237.29,7.41
9633,"writingprompts",2236,529,84,2151,-2.87,-2.18,7.35,1.66,0.81,0.78,0.01,0.02,623.95,8.85,4496098.36,7.71
9634,"writingprompts",793,160,97,695,-2.7,-1.64,7.14,1.27,0.91,0.89,0,0.01,611.1,5.16,4207049.04,4.06
9635,"writingprompts",1932,468,76,1855,-3,-2.21,7.45,1.54,0.89,0.89,0,0.04,624.75,9.12,4021049.3,7.96
9636,"writingprompts",2706,624,186,2519,-2.84,-1.8,8.69,1.5,0.85,0.84,0,0.02,746.3,6.05,5154250.77,5.02
9637,"writingprompts",726,134,109,616,-3.35,-2.47,7.86,1.79,0.98,0.98,0,0.01,629.95,11.9,4087325.67,10.55
9638,"writingprompts",1914,391,120,1793,-3.41,-2.65,9.34,2.07,0.93,0.93,0,0.01,862.12,14.15,5625050.79,13.02
9639,"writingprompts",3637,773,154,3482,-2.84,-2.14,6.87,1.54,0.9,0.89,0,0.03,551.01,8.5,3738370.53,7.24
9640,"writingprompts",9768,2702,112,9655,-2.39,-1.54,6.6,1.42,0.46,0.43,0.02,0.08,460.63,4.69,3201455.06,3.67
9641,"writingprompts",2365,549,151,2213,-2.87,-2.08,7.65,1.54,0.93,0.92,0,0.03,604.52,8,4110244.2,6.8
9642,"writingprompts",5254,1157,52,5201,-2.86,-1.96,7.68,1.58,0.88,0.88,0,0.04,609.62,7.1,4073439.99,5.97
9643,"writingprompts",3530,807,140,3389,-2.66,-1.93,7.08,1.54,0.85,0.82,0,0.03,490.8,6.89,3144336.48,5.82
9644,"writingprompts",7677,1700,136,7540,-3.4,-2.53,9.92,1.99,0.85,0.87,0,0.06,999.23,12.55,6939494.16,11.52
9645,"writingprompts",1812,409,164,1647,-3.03,-2.1,8.43,1.61,0.9,0.88,0,0.03,782.39,8.17,5623011.46,7.06
9646,"writingprompts",4783,1078,77,4705,-3.18,-2.28,8.33,1.75,0.84,0.86,0,0.03,750.49,9.82,4809795.61,8.7
9647,"writingprompts",2629,583,37,2591,-2.81,-2.02,6.09,1.49,0.9,0.92,0,0.05,427.94,7.54,2549822.89,6.33
9648,"writingprompts",1794,378,84,1709,-2.74,-1.9,7.61,1.5,0.94,0.96,0,0.04,666.28,6.66,4869078.61,5.52
9649,"writingprompts",4688,1047,132,4555,-2.55,-1.61,7.12,1.32,0.87,0.85,0,0.02,522.71,5,3664626.47,3.91
9650,"writingprompts",2206,478,109,2096,-3.11,-2.34,8.15,1.64,0.92,0.93,0,0.06,721.65,10.34,5136963.83,8.97
9651,"writingprompts",1852,375,100,1751,-3.12,-2.27,8.96,1.84,0.93,0.93,0,0.02,799.43,9.68,5210349.04,8.55
9652,"writingprompts",3107,640,94,3012,-3.06,-2.14,8.54,1.77,0.9,0.87,0,0.02,795.11,8.5,5276864.27,7.45
9653,"writingprompts",1272,245,109,1162,-2.78,-2.22,5.86,1.67,0.83,0.82,0,0.02,410.01,9.21,2415737.45,8.01
9654,"writingprompts",3438,751,67,3370,-2.92,-2,8.29,1.67,0.84,0.84,0,0.01,744.69,7.39,5318346.17,6.31
9655,"writingprompts",1068,232,120,947,-3.22,-2.28,8.24,1.53,0.93,0.9,0,0.01,748.97,9.78,4895145.45,8.42
9656,"writingprompts",1958,432,151,1806,-3.09,-2.43,7.72,1.77,0.94,0.94,0,0.03,678.69,11.36,4729999.33,10.16
9657,"writingprompts",3493,785,76,3416,-3.05,-2.42,6.51,1.65,0.86,0.84,0,0.01,533.38,11.25,3356272.11,10.03
9658,"writingprompts",1930,434,25,1904,-2.64,-1.7,7.02,1.46,0.97,0.97,0,0.03,548.9,5.48,3422236.46,4.46
9659,"writingprompts",2600,507,299,2300,-2.63,-1.97,6.07,1.44,0.89,0.89,0,0.02,386.24,7.17,2312939.12,6.03
9660,"writingprompts",2312,515,123,2188,-2.65,-1.85,6.12,1.36,0.9,0.9,0,0.03,434.91,6.36,2815309.91,5.21
9661,"writingprompts",3791,845,146,3644,-2.99,-2.19,8.21,1.62,0.86,0.85,0,0.05,748.33,8.94,5293966.22,7.77
9662,"writingprompts",4216,1087,184,4031,-2.19,-1.31,6.23,1.22,0.77,0.75,0.01,0.05,368.84,3.71,2454865.22,2.7
9663,"writingprompts",1308,271,221,1086,-2.44,-1.69,6.19,1.35,0.93,0.92,0,0.06,405.7,5.42,2382115.25,4.36
9664,"writingprompts",2590,557,199,2390,-2.84,-1.98,6.95,1.54,0.9,0.9,0,0.01,544.82,7.24,3220236.96,6.1
9665,"writingprompts",1900,403,22,1877,-2.96,-2.12,7.52,1.59,0.93,0.93,0,0.04,649.02,8.33,4463136.51,7.22
9666,"writingprompts",2051,445,88,1962,-2.89,-2.05,7.27,1.49,0.9,0.9,0,0.01,608.12,7.77,4210915.27,6.62
9667,"writingprompts",2445,556,136,2308,-3.13,-2.24,8.01,1.7,0.97,0.98,0,0.02,707.82,9.44,4904407.51,8.33
9668,"writingprompts",763,146,122,640,-3.63,-2.81,10.63,1.98,0.99,0.99,0,0.01,1061.27,16.64,7619070.04,15.58
9669,"writingprompts",1627,327,190,1436,-3.08,-2.08,9.16,1.81,0.94,0.94,0,0.02,866.68,8,6084201.86,6.97
9670,"writingprompts",1682,378,47,1634,-3.22,-2.35,9.18,1.94,0.95,0.94,0,0.02,850.96,10.48,5990347.58,9.38
9671,"writingprompts",4055,976,159,3895,-2.36,-1.52,6.61,1.32,0.79,0.74,0.01,0.03,422.09,4.6,2883904.73,3.57
9672,"writingprompts",1908,433,37,1870,-2.81,-2.05,7.06,1.61,0.82,0.84,0.01,0.02,590.1,7.77,4053125.59,6.69
9673,"writingprompts",7181,1615,132,7048,-3.19,-2.27,9.3,1.89,0.76,0.75,0,0.04,882.35,9.68,6089776.69,8.65
9674,"writingprompts",1666,340,130,1535,-3.32,-2.55,8.9,1.85,0.91,0.9,0,0.01,802.8,12.81,5361040.24,11.53
9675,"writingprompts",3359,764,41,3317,-2.99,-2.21,8.13,1.71,0.91,0.91,0,0.03,716.96,9.12,5046707.21,8
9676,"writingprompts",1450,297,70,1379,-3.14,-2.17,8.75,1.84,0.94,0.93,0,0.01,885.63,8.76,6029766.15,7.74
9677,"writingprompts",3451,758,64,3386,-2.88,-2.08,7.05,1.52,0.86,0.82,0,0.02,567.31,8.04,3887982.26,6.83
9678,"writingprompts",2477,527,110,2366,-3.05,-2.31,7.7,1.76,0.92,0.91,0,0.04,693.95,10.07,4787808.79,8.98
9679,"writingprompts",664,154,37,626,-2.63,-1.88,5.58,1.22,0.95,0.95,0,0.04,502.7,6.58,3749867.95,5.17
9680,"writingprompts",1564,373,117,1446,-3.74,-2.71,12.28,2.21,0.97,0.97,0,0.01,1255.66,15.03,8962114.12,13.92
9681,"writingprompts",1741,460,96,1644,-2.16,-1.58,4.98,1.36,0.84,0.86,0.01,0.05,320.49,4.88,2579154.23,3.84
9682,"writingprompts",2076,462,51,2024,-2.58,-1.7,6.92,1.4,0.9,0.88,0,0.03,529.26,5.47,3727683.89,4.43
9683,"writingprompts",5838,1397,168,5669,-2.22,-1.42,5.66,1.22,0.78,0.76,0.01,0.04,319.34,4.14,2018628.4,3.13
9684,"writingprompts",2566,541,115,2450,-3.28,-2.52,8.1,1.8,0.94,0.94,0,0.01,772,12.43,5117551.16,11.15
9685,"writingprompts",2264,486,199,2064,-2.72,-1.88,7.22,1.41,0.8,0.73,0.01,0.03,597.03,6.55,4331031.99,5.35
9686,"writingprompts",6428,1340,225,6202,-2.86,-2.01,7.54,1.5,0.87,0.86,0,0.04,653.2,7.46,4632863.73,6.33
9687,"writingprompts",752,188,58,693,-3.24,-2.51,8.56,1.9,0.97,0.97,0,0.03,865.79,12.3,6085741.88,11.18
9688,"writingprompts",812,154,148,663,-3.54,-2.86,8.65,1.84,0.98,1,0,0,873.34,17.55,5976782.58,16.28
9689,"writingprompts",7394,1794,43,7350,-2.43,-1.69,6.41,1.43,0.79,0.77,0,0.03,412.73,5.44,2836538.65,4.43
9690,"writingprompts",1214,287,90,1123,-3,-2.05,9.19,1.76,0.93,0.92,0,0.02,787.18,7.77,5509492.41,6.74
9691,"writingprompts",1702,386,166,1535,-3.09,-2.18,9.14,1.56,0.87,0.87,0.01,0.06,789.17,8.85,5761745.68,7.64
9692,"writingprompts",7317,1552,111,7205,-3.13,-2.26,8.97,1.77,0.88,0.87,0,0.06,833.78,9.54,5898299.77,8.45
9693,"writingprompts",3819,826,124,3694,-2.88,-2.14,6.64,1.57,0.82,0.78,0,0.01,550.23,8.5,3714769.48,7.36
9694,"writingprompts",956,197,56,899,-2.94,-2.24,6.66,1.65,0.95,0.95,0,0.02,517.38,9.39,3611183.95,8.11
9695,"writingprompts",2723,555,199,2523,-2.96,-1.94,7.71,1.37,0.87,0.86,0.01,0.07,707.69,6.96,5014225.21,5.75
9696,"writingprompts",4937,1161,44,4892,-2.87,-2.02,7.32,1.51,0.86,0.85,0.01,0.07,595.04,7.54,4166533.14,6.41
9697,"writingprompts",4259,974,73,4185,-2.82,-1.97,6.92,1.45,0.83,0.83,0.01,0.07,558.01,7.17,3821282.71,5.94
9698,"writingprompts",8130,1917,176,7953,-2.74,-1.8,7.84,1.51,0.85,0.84,0,0.04,638.27,6.05,4485570.19,4.98
9699,"writingprompts",2560,510,149,2410,-2.76,-2.08,7.08,1.64,0.95,0.94,0,0.03,567.98,8.01,4281527.2,6.87
9700,"writingprompts",735,169,130,604,-4.53,-3.1,16.97,2.89,0.46,0.42,0.02,0.06,2343.5,22.2,15150130.77,21.18
9701,"writingprompts",2949,719,244,2704,-2.5,-1.4,7.92,1.34,0.81,0.78,0.01,0.08,605.77,4.06,4407151.01,3.05
9702,"writingprompts",2889,615,219,2669,-3.13,-2.38,7.45,1.61,0.88,0.88,0,0.03,692.6,10.8,4769744.08,9.57
9703,"writingprompts",1750,392,177,1572,-2.9,-1.82,8.99,1.69,0.53,0.52,0.01,0.04,723.98,6.14,4844586.24,5.13
9704,"writingprompts",2665,627,159,2505,-2.65,-1.76,7.5,1.54,0.88,0.86,0,0.02,539.16,5.81,3627425.19,4.78
9705,"writingprompts",4806,1045,231,4574,-2.62,-1.85,6,1.42,0.84,0.84,0,0.05,396.39,6.36,2522781.92,5.2
9706,"writingprompts",3765,790,183,3581,-3.06,-2.49,7.49,1.84,0.88,0.83,0,0.02,617.91,12,4153696.8,10.8
9707,"writingprompts",1551,325,75,1475,-2.82,-2.07,6.9,1.53,0.92,0.92,0,0.02,524.03,7.92,3717376.66,6.53
9708,"writingprompts",6340,1362,237,6102,-2.69,-1.78,8.28,1.57,0.81,0.83,0,0.04,649.13,5.93,4622082.72,4.92
9709,"writingprompts",2407,528,78,2328,-2.95,-2.32,6.77,1.64,0.91,0.9,0,0.02,511.17,10.12,3360920.83,8.88
9710,"writingprompts",2636,510,196,2439,-3.54,-2.72,9.96,1.97,0.96,0.96,0,0.02,1104.28,15.11,7716204.23,13.91
9711,"writingprompts",2013,486,61,1951,-3.03,-2.13,8.97,1.75,0.92,0.93,0,0.04,784.85,8.41,5510651.28,7.3
9712,"writingprompts",1057,254,165,891,-2.59,-1.68,7.59,1.47,0.95,0.96,0,0.04,579.81,5.37,3798629.84,4.32
9713,"writingprompts",4812,974,292,4519,-2.96,-2.13,7.64,1.75,0.94,0.93,0,0.02,650.13,8.41,4390372.52,7.38
9714,"writingprompts",4165,908,248,3916,-2.51,-1.83,5.3,1.33,0.83,0.8,0.01,0.04,320.69,6.23,1969141.31,4.97
9715,"writingprompts",5704,1404,145,5558,-3.21,-2.45,8.29,1.84,0.81,0.82,0.01,0.02,741.92,11.59,4919904.22,10.52
9716,"writingprompts",6530,1518,69,6460,-2.84,-2.09,6.83,1.54,0.83,0.8,0.01,0.04,517.03,8.12,3446009.66,6.92
9717,"writingprompts",1347,269,104,1242,-3.25,-2.28,8.56,1.72,0.97,0.98,0,0.02,863.03,9.78,5616198.93,8.63
9718,"writingprompts",5214,1148,20,5193,-2.78,-1.83,7.3,1.48,0.86,0.84,0,0.05,597.05,6.23,3879298.83,5.1
9719,"writingprompts",5129,1194,104,5024,-2.96,-2.11,8.41,1.78,0.89,0.89,0,0.04,727.74,8.25,5038909.64,7.22
9720,"writingprompts",3487,704,127,3359,-2.96,-2.12,7.63,1.61,0.87,0.84,0,0.01,699.49,8.29,4727566.66,7.17
9721,"writingprompts",842,174,142,699,-2.54,-1.65,7.19,1.33,0.73,0.68,0.01,0.06,423.91,5.21,3202520.82,4.13
9722,"writingprompts",1295,306,57,1237,-2.53,-1.6,7.07,1.26,0.85,0.84,0,0.01,552.66,4.97,3862649.74,3.86
9723,"writingprompts",796,162,16,779,-3.52,-2.68,8.67,1.93,0.83,0.86,0.01,0.03,917.67,14.59,6006973.95,13.19
9724,"writingprompts",3212,699,101,3110,-3.02,-2.28,8.25,1.64,0.9,0.9,0,0.02,663.49,9.78,4610472.25,8.56
9725,"writingprompts",6979,1647,96,6882,-2.47,-1.71,5.89,1.34,0.85,0.8,0.01,0.02,393.79,5.53,2571539.19,4.41
9726,"writingprompts",3975,834,260,3714,-3.3,-2.51,9.32,1.92,0.92,0.89,0,0.01,889.87,12.3,6407778.42,11.14
9727,"writingprompts",3956,819,239,3716,-2.88,-2.07,6.94,1.6,0.91,0.9,0,0.05,539.04,7.92,3442773.24,6.85
9728,"writingprompts",2872,659,23,2848,-2.74,-2.24,5.86,1.58,0.82,0.81,0,0.06,417.88,9.39,2565010.42,8.09
9729,"writingprompts",2629,585,109,2519,-2.9,-2.03,8.16,1.62,0.92,0.88,0,0.02,700.9,7.61,4979620.07,6.52
9730,"writingprompts",822,164,148,673,-2.9,-2.1,7.3,1.46,0.95,0.96,0,0.04,709.93,8.16,5178629.67,6.95
9731,"writingprompts",1450,269,162,1287,-3.88,-3.17,8.79,1.88,0.95,0.94,0,0.01,1156.72,23.81,8006609.66,21.91
9732,"writingprompts",3009,676,231,2777,-2.71,-2.02,6.25,1.36,0.87,0.84,0.01,0.06,476.16,7.54,3255580.29,6.18
9733,"writingprompts",1422,324,87,1334,-2.98,-2.14,8.99,1.71,0.93,0.95,0,0.03,744.11,8.54,4974321.54,7.46
9734,"writingprompts",3384,732,49,3334,-2.61,-1.74,6.28,1.52,0.88,0.87,0,0.03,433.41,5.72,2683712,4.66
9735,"writingprompts",2384,481,292,2091,-2.92,-2.11,7.67,1.56,0.91,0.89,0,0.03,720.4,8.25,5105963.76,7.06
9736,"writingprompts",1262,305,63,1198,-3.18,-2.38,9.07,1.8,0.93,0.94,0,0.04,758.29,10.8,5426060.7,9.72
9737,"writingprompts",1011,217,65,945,-3.27,-2.38,9.74,1.86,0.81,0.77,0.01,0.04,897.24,10.8,6036764.5,9.73
9738,"writingprompts",7068,1741,97,6970,-2.09,-1.36,4.93,1.16,0.76,0.72,0.01,0.03,262.89,3.9,1643226.57,2.87
9739,"writingprompts",2124,430,227,1896,-3.19,-2.49,7.69,1.73,0.93,0.93,0,0.01,720.06,12.06,5023663.04,10.75
9740,"writingprompts",8821,2093,83,8737,-2.88,-2.14,7.18,1.57,0.83,0.81,0,0.05,567.18,8.5,3858542.77,7.29
9741,"writingprompts",1786,359,159,1626,-3.21,-2.13,8.71,1.57,0.92,0.9,0,0.01,801.02,8.41,5388739.53,7.21
9742,"writingprompts",1260,246,148,1111,-3.17,-2.33,8.21,1.75,0.95,0.94,0,0.03,762.89,10.23,5135096.93,9.07
9743,"writingprompts",4088,955,60,4027,-2.91,-2.09,7.38,1.61,0.88,0.88,0,0.04,564.15,8.08,3723356.53,6.96
9744,"writingprompts",3239,725,169,3069,-2.28,-1.42,6.22,1.23,0.9,0.88,0,0.03,360.09,4.14,2481751.66,3.1
9745,"writingprompts",5100,1230,155,4944,-3.24,-2.42,8.26,1.69,0.86,0.85,0,0.04,758.71,11.25,4942215.15,9.98
9746,"writingprompts",1246,275,60,1185,-3.39,-2.71,8.91,1.98,0.96,0.96,0,0.02,954.87,15.03,6136589.9,13.8
9747,"writingprompts",2440,515,163,2276,-2.32,-1.43,6.72,1.24,0.83,0.79,0.01,0.03,448.53,4.18,3160747.43,3.15
9748,"writingprompts",3514,804,126,3387,-2.96,-2.24,7.62,1.68,0.86,0.89,0.01,0.03,602.19,9.4,4177767.6,8.24
9749,"writingprompts",5959,1324,18,5940,-2.87,-1.99,8.23,1.6,0.83,0.8,0.01,0.04,718.66,7.32,4985844.45,6.19
9750,"writingprompts",9225,2088,81,9143,-2.55,-1.71,6.78,1.38,0.79,0.73,0.01,0.05,486.33,5.53,3289467.57,4.42
9751,"writingprompts",939,202,95,843,-4.51,-3.98,11.02,2.44,0.92,0.92,0.01,0.08,1519.78,53.8,10284313.79,52.38
9752,"writingprompts",3539,768,131,3407,-2.99,-2.32,7.23,1.75,0.91,0.89,0,0.03,578.29,10.18,3596890.87,8.95
9753,"writingprompts",4084,979,135,3948,-2.52,-1.68,6.97,1.44,0.87,0.86,0,0.04,480.06,5.37,3369071.26,4.34
9754,"writingprompts",1646,352,129,1516,-2.85,-2.04,6.93,1.54,0.95,0.95,0,0.02,552.09,7.69,3830013.13,6.39
9755,"writingprompts",6215,1283,187,6027,-2.98,-2.09,7.6,1.56,0.87,0.86,0,0.03,646.15,8.08,4482466.84,6.96
9756,"writingprompts",718,137,124,593,-3.28,-2.33,9.1,1.59,0.97,0.97,0,0,866.23,10.28,6356008.96,8.92
9757,"writingprompts",4348,977,20,4327,-2.98,-2.09,7.3,1.54,0.85,0.84,0.01,0.07,624.54,8.08,4063593.53,6.91
9758,"writingprompts",1511,316,98,1412,-3.66,-3.06,8.05,1.85,0.97,0.98,0,0.02,818.22,21.23,4935023.09,19.8
9759,"writingprompts",1173,250,10,1162,-3.67,-3.1,7.99,2.19,0.99,0.99,0,0.01,845.07,22.32,5305952.33,21.14
9760,"writingprompts",2322,518,194,2127,-2.9,-2.13,7.61,1.67,0.83,0.83,0,0.03,609.9,8.41,4161755.58,7.26
9761,"writingprompts",1646,367,98,1547,-2.8,-1.91,6.91,1.51,0.91,0.9,0,0.03,586.18,6.75,3975986.97,5.69
9762,"writingprompts",737,165,74,662,-3.49,-2.3,12.29,2.1,0.81,0.77,0.01,0.04,1314.75,9.97,9224139.84,8.96
9763,"writingprompts",3811,958,66,3744,-2.44,-1.52,6.47,1.23,0.81,0.79,0.01,0.06,437.72,4.57,2869406.96,3.48
9764,"writingprompts",2142,432,72,2069,-3.01,-2.19,7.85,1.71,0.93,0.94,0,0.02,695.71,8.94,4849900.86,7.82
9765,"writingprompts",3421,737,136,3284,-2.24,-1.54,4.89,1.19,0.81,0.76,0.01,0.03,266.49,4.66,1529614.94,3.52
9766,"writingprompts",8172,1867,151,8020,-2.71,-2.04,6.18,1.5,0.82,0.81,0.01,0.04,447.2,7.69,2912617.33,6.49
9767,"writingprompts",955,191,198,756,-3.74,-2.9,9.03,1.9,0.98,0.98,0,0.01,1082.79,18.17,7992017.86,16.81
9768,"writingprompts",5177,1060,300,4876,-3,-2.2,7.96,1.61,0.81,0.8,0,0.01,699.18,9.03,4920423.7,7.77
9769,"writingprompts",2111,464,30,2080,-3.55,-2.86,9.54,1.87,0.89,0.9,0,0.01,933.13,17.46,6510257.22,16.07
9770,"writingprompts",1690,340,82,1607,-3.05,-2.24,7.58,1.6,0.94,0.93,0,0.01,640.06,9.4,4316492.42,8.18
9771,"writingprompts",3113,657,248,2864,-3.35,-2.4,8.81,1.94,0.91,0.9,0,0.04,940.87,11.02,6217299.6,9.87
9772,"writingprompts",1855,418,114,1740,-2.33,-1.36,6.57,1.16,0.9,0.88,0.01,0.09,484.09,3.88,3632458.48,2.77
9773,"writingprompts",4580,995,109,4470,-3.05,-2.32,8.2,1.89,0.89,0.87,0,0.01,721.22,10.18,4676546.15,9.15
9774,"writingprompts",4821,1068,19,4801,-2.96,-2.28,6.99,1.72,0.89,0.87,0,0.01,573.11,9.78,3709121.73,8.56
9775,"writingprompts",2070,440,209,1860,-3.69,-2.8,9.76,2.05,0.91,0.93,0,0.03,1045.32,16.44,6826691,15.25
9776,"writingprompts",4619,1061,67,4551,-2.87,-2.13,7,1.48,0.83,0.81,0,0.02,582.08,8.41,3962135.79,7.11
9777,"writingprompts",5591,1206,35,5555,-3.81,-3.2,8.42,2.08,0.85,0.83,0,0.02,975.02,24.66,6062301.21,23.17
9778,"writingprompts",1871,419,117,1753,-2.77,-2.09,5.92,1.4,0.89,0.89,0,0.05,446.02,8.08,3237895.7,6.8
9779,"writingprompts",4296,930,141,4154,-2.93,-2.14,7.08,1.55,0.87,0.86,0,0.04,620.69,8.5,4263171.17,7.34
9780,"writingprompts",1066,232,129,936,-3.13,-2.42,6.9,1.52,0.98,0.99,0,0.01,584,11.25,3740642.2,10.1
9781,"writingprompts",4865,1126,91,4773,-2.95,-2.12,8.12,1.77,0.87,0.85,0,0.01,710,8.37,4864110.41,7.27
9782,"writingprompts",764,168,116,647,-3.6,-2.94,8.98,2.05,0.96,0.96,0,0.03,1050.88,18.92,6970935.42,17.53
9783,"writingprompts",4555,922,50,4504,-3.02,-2.25,7.6,1.6,0.89,0.89,0,0.03,712.63,9.49,5002251.97,8.34
9784,"writingprompts",1039,197,127,911,-3.75,-2.94,9.4,2.02,0.96,0.96,0,0.02,957.11,18.92,5851468.64,17.52
9785,"writingprompts",5084,1164,35,5048,-2.73,-1.87,7.06,1.47,0.83,0.81,0.01,0.05,535.83,6.48,3604315.28,5.37
9786,"writingprompts",7622,1956,180,7441,-2.18,-1.32,5.95,1.21,0.69,0.65,0.01,0.04,377.87,3.74,2524238.45,2.73
9787,"writingprompts",4098,902,285,3812,-2.78,-2.13,6.8,1.65,0.85,0.83,0,0.01,508.93,8.41,3342137.64,7.27
9788,"writingprompts",799,198,69,729,-3.91,-3.28,11.64,2.63,0.91,0.94,0,0.04,1318.22,26.61,9042390.4,25.48
9789,"writingprompts",1593,320,146,1446,-3.64,-2.76,9.43,1.83,0.96,0.95,0,0.02,993.5,15.88,6558675.85,14.59
9790,"writingprompts",5551,1161,184,5366,-3.17,-2.42,7.83,1.69,0.89,0.88,0,0.05,753.3,11.25,4966414.8,10.03
9791,"writingprompts",1653,402,61,1591,-2.54,-1.57,7.97,1.4,0.84,0.81,0.01,0.03,569.4,4.8,4168386.16,3.79
9792,"writingprompts",1074,266,23,1050,-3.28,-2.24,9.03,1.49,0.91,0.89,0,0.02,964.05,9.35,7249732.75,8.08
9793,"writingprompts",2790,583,142,2647,-3.12,-2.25,8.45,1.69,0.93,0.92,0,0.02,743.36,9.49,5114805.95,8.36
9794,"writingprompts",1262,288,109,1152,-3.06,-2.41,6.87,1.58,0.75,0.72,0,0.03,596.74,11.14,4249340.13,10.06
9795,"writingprompts",2647,636,179,2467,-2.43,-1.64,6.23,1.37,0.86,0.86,0,0.03,398.21,5.16,2674342.79,4.11
9796,"writingprompts",3202,696,131,3070,-3.01,-2.37,6.33,1.6,0.87,0.86,0,0.02,517.6,10.7,3265417.08,9.29
9797,"writingprompts",3527,800,99,3427,-3.1,-2.3,8.39,1.68,0.88,0.83,0,0.01,724.03,9.97,4786539.67,8.73
9798,"writingprompts",1716,324,148,1567,-3.01,-2.08,7.84,1.67,0.94,0.92,0,0,697.3,8.04,5009952.97,7.02
9799,"writingprompts",7830,1748,109,7720,-2.77,-2,7.1,1.63,0.88,0.86,0,0.04,523.79,7.39,3493778.68,6.36
9800,"writingprompts",1955,403,32,1922,-3.36,-2.63,8.38,1.93,0.96,0.96,0,0.01,860.01,13.87,5442909.97,12.73
9801,"writingprompts",5006,1085,221,4784,-3.04,-2.2,7.72,1.74,0.86,0.86,0,0.01,617.42,9.03,3956041.87,7.89
9802,"writingprompts",4678,1091,109,4568,-2.88,-2.06,7.18,1.46,0.9,0.9,0,0.03,567.38,7.85,3678017.95,6.64
9803,"writingprompts",2203,437,194,2008,-3.61,-2.77,10.29,2.11,0.92,0.93,0,0.01,1111.26,15.96,7479933.96,14.74
9804,"writingprompts",2363,571,19,2343,-2.51,-1.53,6.61,1.29,0.8,0.78,0.01,0.06,452.79,4.62,2957052.32,3.55
9805,"writingprompts",9000,1919,292,8707,-2.88,-2.13,6.9,1.62,0.85,0.83,0,0.03,547.68,8.41,3413397.93,7.22
9806,"writingprompts",1175,276,74,1100,-3.11,-2.24,7.4,1.65,0.97,0.95,0,0.01,660.64,9.44,4617149.02,8.11
9807,"writingprompts",4260,969,110,4149,-2.92,-2.17,7.73,1.73,0.9,0.89,0,0.02,620.23,8.76,4037101.68,7.68
9808,"writingprompts",1348,229,292,1055,-3.54,-2.88,9.42,1.9,0.98,0.99,0,0.01,971.17,17.81,7005390.9,16.27
9809,"writingprompts",6440,1473,161,6278,-2.99,-2.18,7.92,1.66,0.83,0.82,0,0.05,672.77,8.85,4605168.31,7.73
9810,"writingprompts",1447,425,64,1382,-3.13,-2.39,8.51,1.69,0.78,0.77,0,0.03,707.3,10.91,5003329.46,9.72
9811,"writingprompts",3680,777,248,3431,-2.77,-1.95,7.01,1.62,0.86,0.88,0,0.05,524.8,7.03,3369130.36,5.94
9812,"writingprompts",6399,1366,196,6202,-2.71,-1.96,6.55,1.42,0.82,0.82,0.01,0.06,472.93,7.14,3121533.66,5.94
9813,"writingprompts",2999,621,256,2742,-2.94,-2.13,7.29,1.52,0.95,0.96,0,0.03,580.67,8.41,3935205.33,7.13
9814,"writingprompts",2038,459,134,1903,-3.91,-3.08,11.29,2.28,0.94,0.95,0,0.01,1326.32,21.76,9124069.29,20.71
9815,"writingprompts",9088,2059,23,9064,-3.41,-2.57,8.41,1.72,0.86,0.85,0,0.02,889.61,13.07,6017879.15,11.87
9816,"writingprompts",1422,303,124,1297,-3.36,-2.45,10.1,1.91,0.92,0.91,0,0.02,977.62,11.59,6950425.95,10.28
9817,"writingprompts",2077,494,59,2017,-2.66,-1.68,6.68,1.36,0.86,0.86,0.01,0.12,474.7,5.37,2765742.87,4.29
9818,"writingprompts",1308,260,146,1161,-3.11,-2.41,8.43,1.93,0.94,0.95,0,0.02,694.91,11.13,4518200.13,9.98
9819,"writingprompts",1063,247,43,1019,-2.66,-1.72,7.07,1.49,0.81,0.83,0.01,0.1,536.39,5.58,3833824.98,4.5
9820,"writingprompts",906,179,100,805,-3.36,-2.58,8.25,1.72,0.92,0.91,0,0.02,891.91,13.2,6375509.23,11.82
9821,"writingprompts",795,162,28,766,-2.85,-2.05,7.46,1.41,0.98,1,0,0,628.07,7.76,4228354.01,6.41
9822,"writingprompts",1399,281,86,1312,-3.76,-3.16,9.04,2.19,0.91,0.9,0,0.01,1002.43,23.57,6116104.28,22.34
9823,"writingprompts",5450,1164,200,5249,-3.04,-2.15,7.95,1.61,0.9,0.9,0,0.04,700.42,8.58,4893335.22,7.32
9824,"writingprompts",1712,374,124,1587,-2.73,-2.04,7,1.46,0.94,0.94,0,0.02,404.15,7.7,2681694,6.53
9825,"writingprompts",1134,247,22,1111,-3.17,-2.44,9.21,1.84,0.98,0.98,0,0.02,842.26,11.47,5619803.61,10.32
9826,"writingprompts",5239,1128,281,4957,-3.19,-2.46,8.1,1.84,0.88,0.87,0,0.02,746.13,11.7,5048769.88,10.54
9827,"writingprompts",2390,532,70,2319,-3.13,-2.35,7.08,1.64,0.95,0.96,0,0.03,609.93,10.49,3875621.94,9.2
9828,"writingprompts",3417,737,114,3302,-2.78,-1.75,7.66,1.37,0.88,0.85,0,0.04,630.46,5.75,4497733.7,4.62
9829,"writingprompts",3020,610,120,2899,-3.13,-2.56,7.37,1.81,0.94,0.94,0,0.02,699.94,13,4580783.87,11.69
9830,"writingprompts",3850,720,168,3681,-3.93,-2.94,10.69,2.15,0.94,0.93,0,0.01,1322.97,18.92,8649085.13,17.84
9831,"writingprompts",1137,229,166,970,-2.74,-2.05,5.43,1.41,0.91,0.9,0,0.04,403.78,7.77,2577938.93,6.67
9832,"writingprompts",1104,186,270,833,-3.17,-2.28,9.29,1.61,0.96,0.99,0,0.01,928.67,9.82,7260901.82,8.46
9833,"writingprompts",1236,277,170,1065,-3.1,-1.88,9.97,1.5,0.91,0.91,0,0.05,831.22,6.55,6068966.02,5.35
9834,"writingprompts",1220,287,112,1107,-2.13,-1.05,6.45,0.99,0.56,0.48,0.03,0.04,452.16,2.86,3069660.02,1.84
9835,"writingprompts",2105,427,98,2006,-3.05,-2.44,7.81,1.72,0.94,0.93,0,0.02,673.26,11.47,4637957.4,10.17
9836,"writingprompts",1837,333,296,1540,-2.94,-2.26,6.88,1.68,0.92,0.91,0,0.02,532.42,9.58,3541887.62,8.38
9837,"writingprompts",1429,269,76,1352,-2.64,-1.76,6.51,1.38,0.89,0.91,0.01,0.06,495.4,5.81,3500095.53,4.61
9838,"writingprompts",4658,970,263,4394,-2.59,-1.78,6.71,1.43,0.92,0.91,0,0.02,451.16,5.93,2938083.36,4.85
9839,"writingprompts",2943,609,252,2690,-2.7,-1.97,6.43,1.36,0.91,0.9,0,0.02,505.63,7.17,3616456.09,5.86
9840,"writingprompts",7433,1542,263,7169,-3.25,-2.38,8.59,1.72,0.89,0.89,0,0.02,828.71,10.8,5577215.37,9.68
9841,"writingprompts",2798,590,40,2757,-3.34,-2.54,9.38,2.06,0.86,0.85,0,0.01,907.18,12.62,6253179.09,11.51
9842,"writingprompts",4051,874,80,3970,-2.44,-1.56,6.96,1.31,0.89,0.88,0,0.05,522.36,4.76,3661309.71,3.68
9843,"writingprompts",5233,1047,299,4933,-3.63,-2.66,10.86,2.06,0.95,0.95,0,0.03,1170.33,14.3,8137404.42,13.18
9844,"writingprompts",774,159,56,717,-3.56,-2.43,9.38,1.81,0.97,0.98,0,0.02,973.18,11.36,6108248.84,10.21
9845,"writingprompts",6847,1608,173,6673,-3.04,-2.16,8.43,1.73,0.88,0.86,0,0.05,729.65,8.67,4877177.64,7.6
9846,"writingprompts",737,143,132,604,-3,-2.24,8.21,1.84,0.95,0.94,0,0.02,639.78,9.39,4040931.14,8.35
9847,"writingprompts",4214,947,142,4071,-2.96,-2.11,8.03,1.69,0.92,0.92,0,0.03,695.87,8.25,4857199.92,7.14
9848,"writingprompts",1280,251,35,1244,-3.15,-2.39,7.61,1.77,0.93,0.94,0,0.02,751.51,10.91,5061113.88,9.6
9849,"writingprompts",2217,443,94,2122,-2.98,-2.01,8.49,1.65,0.95,0.95,0,0.01,699.03,7.46,4921824.14,6.4
9850,"writingprompts",2010,440,86,1923,-3.4,-2.56,8.99,2.01,0.93,0.91,0,0.02,840.35,12.94,5439589.46,11.86
9851,"writingprompts",3015,614,239,2775,-2.96,-2.19,7.05,1.57,0.83,0.81,0,0.01,600.43,8.94,3830576.32,7.67
9852,"writingprompts",1750,404,93,1656,-2.73,-1.92,7.29,1.44,0.88,0.88,0,0.05,545.42,6.82,3989277.82,5.62
9853,"writingprompts",1855,383,172,1682,-2.92,-2.32,6.86,1.67,0.88,0.89,0,0.03,554.68,10.18,3620517.57,8.93
9854,"writingprompts",1520,292,120,1399,-3.33,-2.36,9.76,1.93,0.96,0.95,0,0.02,957.88,10.54,6580063.83,9.41
9855,"writingprompts",6199,1332,98,6100,-2.91,-2.15,7.56,1.66,0.89,0.89,0,0.03,613.06,8.58,3981830.72,7.43
9856,"writingprompts",3353,677,120,3232,-3.12,-2.23,8.58,1.75,0.91,0.87,0,0.01,767.62,9.3,5128976.64,8.21
9857,"writingprompts",965,182,170,794,-2.81,-2.09,7.96,1.77,0.98,0.98,0,0.02,513.35,8.14,3738737.49,7.09
9858,"writingprompts",6358,1565,90,6267,-3.5,-2.64,9.49,1.88,0.89,0.9,0,0.05,1043.77,14.01,7258658.52,12.88
9859,"writingprompts",2508,546,199,2308,-3.33,-2.62,8.08,1.8,0.93,0.92,0,0.03,741.95,13.67,5079329.04,12.25
9860,"writingprompts",1262,297,54,1207,-2.93,-2.01,8.11,1.59,0.88,0.86,0.01,0.06,610.38,7.46,3914795.71,6.4
9861,"writingprompts",1922,380,63,1858,-3.42,-2.71,8.85,1.83,0.96,0.96,0,0.01,803.46,15.03,5545738.93,13.74
9862,"writingprompts",1240,275,35,1204,-3.62,-2.82,9.99,2.18,0.96,0.96,0,0.03,1073.41,16.78,7085792.66,15.62
9863,"writingprompts",2209,465,195,2013,-2.86,-2.12,6.84,1.59,0.88,0.86,0,0.01,522.03,8.33,3340630.55,7.16
9864,"writingprompts",2868,672,95,2772,-2.73,-2,6.39,1.54,0.81,0.78,0.01,0.06,481.76,7.39,3015318.15,6.27
9865,"writingprompts",1294,245,163,1130,-2.97,-1.92,8.08,1.43,0.95,0.95,0,0.01,668.08,6.82,4837058.31,5.57
9866,"writingprompts",3083,640,208,2874,-2.94,-2.1,7.73,1.59,0.92,0.93,0,0.05,675.82,8.21,4560733.6,7.01
9867,"writingprompts",3521,796,112,3408,-3.11,-2.32,7.82,1.66,0.93,0.93,0,0.04,694.13,10.18,4726410.81,8.92
9868,"writingprompts",2429,565,84,2344,-2.25,-1.41,5.79,1.17,0.89,0.86,0,0.02,333.44,4.1,2300546.91,3.02
9869,"writingprompts",731,158,53,677,-3.46,-2.46,9.33,1.87,0.97,0.97,0,0.01,1024.02,11.76,7347898.55,10.69
9870,"writingprompts",4048,847,191,3856,-2.98,-2.13,7.47,1.55,0.87,0.86,0,0.05,615.75,8.41,4155425.82,7.14
9871,"writingprompts",3969,924,219,3749,-2.64,-1.73,7.19,1.38,0.84,0.85,0.01,0.08,536.92,5.64,3736582.77,4.51
9872,"writingprompts",2766,570,134,2631,-2.88,-2.12,6.62,1.47,0.93,0.93,0,0.02,554.37,8.34,3751549.47,7.09
9873,"writingprompts",8248,2180,92,8155,-2.58,-1.69,7.35,1.52,0.74,0.68,0.01,0.05,530.25,5.42,3639282.36,4.41
9874,"writingprompts",1643,307,18,1624,-3.55,-2.75,9.94,2.23,0.97,0.98,0,0.02,988.32,15.64,6173199.06,14.6
9875,"writingprompts",3422,703,68,3353,-2.91,-2.12,6.82,1.68,0.94,0.94,0,0.02,531.51,8.33,3167517.1,7.18
9876,"writingprompts",1070,220,41,1028,-3.47,-2.96,8.6,2.19,0.97,0.97,0,0.01,792.63,19.4,5048914.69,18.21
9877,"writingprompts",1497,345,22,1474,-2.92,-1.88,8.05,1.51,0.91,0.9,0,0.01,716.25,6.55,4921139.37,5.46
9878,"writingprompts",2336,497,245,2090,-3.21,-2.63,7.98,1.85,0.93,0.94,0,0.03,711.45,13.87,4862449.32,12.56
9879,"writingprompts",1989,392,64,1924,-3.31,-2.59,7.75,1.73,0.91,0.9,0,0.02,807.41,13.33,5899921.75,11.89
9880,"writingprompts",2761,732,111,2649,-2.15,-1.42,5.88,1.31,0.88,0.86,0,0.05,321.02,4.12,2172443.81,3.11
9881,"writingprompts",5187,1178,126,5060,-2.52,-1.6,6.77,1.32,0.81,0.77,0.01,0.02,499.38,4.93,3492992.18,3.82
9882,"writingprompts",2303,517,70,2232,-3.35,-2.57,8.94,2.03,0.96,0.95,0,0.02,891.58,13.07,6003546.22,11.99
9883,"writingprompts",1210,257,50,1159,-3.12,-2.62,6.45,1.76,0.9,0.9,0,0.01,494.98,13.74,2961000.46,12.57
9884,"writingprompts",3012,663,16,2995,-3.72,-2.97,9.28,2.07,0.93,0.92,0,0.02,1036.14,19.49,6619284.11,18.07
9885,"writingprompts",1577,368,83,1493,-3.05,-2.25,8.46,1.82,0.95,0.93,0,0.02,739.4,9.49,4962229.93,8.44
9886,"writingprompts",9265,2323,88,9176,-2.06,-1.07,6.28,1.06,0.49,0.43,0.01,0.04,383.79,2.92,2653406.73,1.92
9887,"writingprompts",1082,199,159,922,-2.7,-1.75,7.45,1.52,0.98,0.98,0,0.02,558.27,5.75,3581136.36,4.73
9888,"writingprompts",6380,1361,102,6277,-3.4,-2.46,9.78,1.96,0.9,0.9,0,0.03,1008.84,11.7,6995033.05,10.62
9889,"writingprompts",2890,611,150,2739,-2.89,-2.21,6.48,1.56,0.9,0.9,0,0.05,539.44,9.12,3806109.15,7.96
9890,"writingprompts",2634,572,112,2521,-3.16,-2.16,9.31,1.67,0.88,0.87,0,0.05,836.35,8.67,5809188,7.52
9891,"writingprompts",4048,897,193,3854,-3.06,-2.32,8.15,1.73,0.9,0.87,0,0.02,735.82,10.18,5326332.4,9.02
9892,"writingprompts",981,207,112,868,-2.98,-1.7,9.77,1.65,0.99,1,0,0,963.66,5.47,7228077.01,4.46
9893,"writingprompts",2050,435,3,2046,-3.65,-2.89,9.71,1.91,0.95,0.95,0,0.02,1043.5,17.99,7464814.79,16.72
9894,"writingprompts",1544,321,98,1445,-3.14,-2.52,7.76,1.89,0.9,0.89,0,0.02,668.99,12.43,4113901.19,11.24
9895,"writingprompts",1178,232,64,1113,-3.32,-2.78,9.3,2.14,0.93,0.96,0,0.04,809.56,16.04,5181392.2,14.96
9896,"writingprompts",5531,1270,86,5444,-2.25,-1.4,5.98,1.25,0.69,0.69,0,0.01,416.51,4.04,2827774.14,3.03
9897,"writingprompts",4537,966,217,4319,-3.1,-2.23,8.05,1.64,0.89,0.88,0,0.01,788.35,9.3,5528901.59,8.14
9898,"writingprompts",2282,576,22,2259,-2.84,-1.91,7.5,1.49,0.86,0.87,0,0.02,623.89,6.75,4520736.33,5.54
9899,"writingprompts",2908,629,249,2658,-2.81,-2,7.14,1.51,0.88,0.87,0,0.03,617.67,7.39,4316629.41,6.21
9900,"writingprompts",2557,544,139,2417,-2.87,-2.1,8.05,1.67,0.88,0.89,0,0.02,634.23,8.16,4377620.38,7.03
9901,"writingprompts",2550,602,112,2437,-3,-2,8.73,1.61,0.73,0.71,0.01,0.02,759.54,7.39,5191633.67,6.25
9902,"writingprompts",5080,1165,189,4890,-3.03,-2.31,7.72,1.69,0.85,0.82,0,0.03,681.68,10.07,4637649.5,8.9
9903,"writingprompts",3541,784,100,3440,-3.07,-2.33,7.25,1.66,0.9,0.89,0,0.03,621.43,10.23,4163195.63,9.02
9904,"writingprompts",3164,728,121,3042,-3.22,-2.34,9.31,1.85,0.92,0.91,0,0.02,862.82,10.34,6036354.22,9.19
9905,"writingprompts",1210,250,93,1116,-3.28,-2.63,8.33,1.92,0.89,0.95,0.01,0.05,805.04,13.88,5464605.35,12.55
9906,"writingprompts",4421,1031,217,4203,-2.69,-1.86,7.18,1.51,0.82,0.8,0,0.01,540.23,6.42,3602869.36,5.39
9907,"writingprompts",3883,895,171,3711,-2.52,-1.76,6.26,1.38,0.81,0.76,0.01,0.02,472.48,5.81,3420897.55,4.68
9908,"writingprompts",2634,508,204,2429,-2.79,-1.87,7.48,1.45,0.94,0.96,0,0.03,568.46,6.46,3911142.63,5.25
9909,"writingprompts",570,115,69,500,-2.82,-2.08,5.68,1.6,0.92,0.9,0,0.02,269.91,8,487858.04,6.8
9910,"writingprompts",7359,1774,141,7217,-2.51,-1.76,6.35,1.41,0.82,0.79,0,0.03,419.49,5.81,2875029.76,4.69
9911,"writingprompts",1440,280,135,1304,-3.84,-3.08,9.9,1.98,0.97,0.98,0,0.02,1277.23,21.87,8380142.22,20.66
9912,"writingprompts",2706,574,34,2671,-3.16,-2.4,8.05,1.72,0.92,0.92,0,0.03,708.74,10.96,4595987.1,9.81
9913,"writingprompts",4275,959,20,4254,-2.78,-2.1,6.26,1.5,0.78,0.77,0,0.01,477.18,8.17,3194093.3,7.01
9914,"writingprompts",7111,1706,99,7011,-2.5,-1.64,7.04,1.4,0.81,0.8,0,0.03,428.24,5.16,2592484.61,4.13
9915,"writingprompts",7497,1688,90,7406,-3.07,-2.3,7.78,1.69,0.81,0.78,0.01,0.03,613.58,9.92,4058569.04,8.77
9916,"writingprompts",4198,868,283,3914,-3.14,-2.34,7.59,1.67,0.88,0.89,0,0.03,680.7,10.33,4486677.63,9.02
9917,"writingprompts",8053,1720,239,7813,-3.21,-2.34,8.25,1.76,0.87,0.87,0,0.01,780.99,10.38,5280430.11,9.29
9918,"writingprompts",5244,1104,122,5121,-3.15,-2.33,8.21,1.72,0.89,0.87,0,0.03,752.23,10.28,5289204.92,9.07
9919,"writingprompts",4150,849,20,4129,-3.13,-2.49,7.33,1.71,0.89,0.88,0,0.01,605.04,12.06,4163344.43,10.81
9920,"writingprompts",5206,1267,159,5046,-2.69,-1.89,7.16,1.52,0.8,0.79,0,0.03,535.43,6.62,3624044.13,5.55
9921,"writingprompts",2292,543,218,2073,-2.8,-1.97,8.11,1.63,0.9,0.88,0,0.03,611.82,7.17,4375726.58,6.16
9922,"writingprompts",1547,355,52,1494,-2.45,-1.66,5.92,1.37,0.91,0.89,0,0.01,362.5,5.26,2084958.82,4.15
9923,"writingprompts",1709,420,135,1573,-2.88,-1.83,8.75,1.55,0.6,0.6,0.01,0.05,708.62,6.2,5134554.02,5.15
9924,"writingprompts",1308,266,81,1226,-3.47,-2.6,10.76,2.02,0.85,0.86,0.01,0.06,1152.24,13.4,8410725.45,12.29
9925,"writingprompts",2796,687,63,2732,-2.54,-1.62,6.83,1.41,0.85,0.87,0.01,0.07,520.79,5.05,3731324.67,4.01
9926,"writingprompts",2887,673,56,2830,-2.89,-2.07,7.44,1.68,0.92,0.92,0,0.01,617.6,7.92,3853179.08,6.86
9927,"writingprompts",4212,982,102,4109,-2.72,-2,6.85,1.56,0.89,0.89,0,0.04,542.03,7.39,3845112.75,6.31
9928,"writingprompts",987,209,210,776,-2.58,-1.55,9.57,1.48,0.42,0.3,0.1,0.12,725.69,4.71,5208221.19,3.66
9929,"writingprompts",2736,616,61,2674,-2.92,-2.12,7.84,1.55,0.91,0.92,0,0.02,667.31,8.33,4602213.17,7.14
9930,"writingprompts",2499,538,59,2439,-2.65,-2.06,6.27,1.48,0.84,0.78,0.01,0.02,443.57,7.88,2922366.82,6.58
9931,"writingprompts",6229,1453,168,6060,-2.83,-1.99,7.71,1.57,0.79,0.77,0.01,0.06,573.9,7.32,3858081.5,6.19
9932,"writingprompts",2369,478,181,2187,-2.75,-2.14,6.69,1.62,0.94,0.92,0,0.01,453,8.54,2839770.38,7.4
9933,"writingprompts",9527,2321,53,9473,-2.58,-1.81,6.49,1.4,0.74,0.77,0.02,0.12,442.61,6.11,2923791.1,4.99
9934,"writingprompts",3724,786,174,3549,-3.02,-2.08,8.42,1.54,0.89,0.89,0,0.01,683.03,8.04,4728861.03,6.88
9935,"writingprompts",712,200,69,642,-3.04,-2.27,8.26,1.7,0.73,0.65,0.03,0.1,819.82,9.68,5987722.4,8.63
9936,"writingprompts",694,145,60,633,-3.17,-1.96,9.35,1.58,0.96,0.95,0,0.02,875.86,7.1,6256065.33,6.06
9937,"writingprompts",8224,1939,147,8076,-2.92,-2.16,7.64,1.73,0.87,0.85,0,0.03,577.37,8.67,3765691.2,7.6
9938,"writingprompts",6701,1494,196,6504,-2.65,-1.88,6.86,1.52,0.82,0.79,0,0.02,533.92,6.55,3749780.51,5.44
9939,"writingprompts",2342,512,149,2192,-2.98,-2.16,8.14,1.52,0.93,0.91,0,0.01,659.8,8.72,4659042.14,7.46
9940,"writingprompts",2853,605,143,2709,-2.78,-2.12,7.09,1.5,0.9,0.9,0,0.03,552.75,8.33,3837037.93,7.13
9941,"writingprompts",4529,1004,124,4404,-2.8,-1.89,7.26,1.48,0.88,0.85,0,0.04,573.4,6.62,4064528.66,5.48
9942,"writingprompts",3798,839,208,3589,-2.8,-2.11,6.51,1.58,0.8,0.77,0.01,0.06,493.66,8.25,3136862.49,7.05
9943,"writingprompts",5249,1418,95,5153,-2.31,-1.49,6.67,1.3,0.76,0.76,0.02,0.13,408.38,4.44,2867194.69,3.43
9944,"writingprompts",8018,2005,218,7799,-2.36,-1.46,6.73,1.27,0.75,0.73,0.01,0.09,452.19,4.31,3247310.08,3.28
9945,"writingprompts",2334,442,244,2089,-2.91,-2.09,7.41,1.56,0.88,0.87,0,0.01,618.27,8.12,4193221.38,6.97
9946,"writingprompts",1990,383,124,1865,-3.29,-2.65,8.56,1.95,0.95,0.93,0,0,754.15,14.15,5252087.17,12.92
9947,"writingprompts",1539,305,200,1338,-2.46,-1.69,6.48,1.45,0.73,0.73,0.01,0.04,431.28,5.42,2594084.89,4.35
9948,"writingprompts",1698,344,112,1585,-3.06,-2.26,8.19,1.61,0.89,0.86,0.01,0.07,721.37,9.59,4877053.31,8.37
9949,"writingprompts",9880,2274,154,9725,-2.84,-2.01,8.2,1.63,0.8,0.8,0,0.05,709.03,7.46,4989282,6.4
9950,"writingprompts",1713,399,182,1530,-2.91,-1.83,9.15,1.51,0.85,0.84,0,0.06,782.46,6.23,5737604.49,5.15
9951,"writingprompts",1413,285,256,1156,-3.22,-2.28,8.7,1.64,0.97,0.96,0,0.01,882.85,9.78,5952514.12,8.67
9952,"writingprompts",1849,379,62,1786,-3.15,-2.22,9.35,1.79,0.85,0.9,0.01,0.06,817.44,9.21,5789438.87,8.19
9953,"writingprompts",2118,448,161,1956,-2.89,-2.13,7.2,1.52,0.89,0.87,0,0.05,612.39,8.41,4300553.33,7.15
9954,"writingprompts",1282,260,183,1098,-3.34,-2.44,8.52,1.93,0.98,0.98,0,0.01,911.08,11.42,6315722.4,10.34
9955,"writingprompts",1853,380,60,1792,-3.09,-2.26,7.41,1.87,0.94,0.94,0,0.03,628.29,9.58,4332654.23,8.52
9956,"writingprompts",6913,1602,305,6607,-2.41,-1.57,6.46,1.37,0.85,0.84,0,0.04,421.97,4.81,2851371.74,3.78
9957,"writingprompts",3104,711,48,3055,-2.72,-1.87,7.32,1.57,0.8,0.79,0.02,0.12,556.9,6.49,3755704.54,5.4
9958,"writingprompts",1224,266,133,1090,-2.83,-2.24,6.18,1.56,0.88,0.85,0,0.01,469.33,9.44,3189038.18,8.19
9959,"writingprompts",5770,1328,96,5673,-2.65,-1.85,6.59,1.49,0.83,0.83,0,0.02,462.49,6.33,3138480.63,5.25
9960,"writingprompts",2592,597,100,2491,-2.72,-1.78,7.96,1.59,0.82,0.78,0.01,0.03,635.05,5.93,4578546.75,4.91
9961,"writingprompts",680,131,76,603,-3.18,-2.67,8.07,1.72,0.87,0.91,0.01,0.02,641.4,14.44,4544860.16,13.16
9962,"writingprompts",606,119,39,566,-4.31,-3.53,11.21,2.57,0.99,0.99,0,0.01,1587.02,34.12,10525254.12,32.8
9963,"writingprompts",2544,570,72,2471,-2.64,-1.78,6.63,1.4,0.92,0.91,0,0.03,469.54,5.9,3174645.61,4.79
9964,"writingprompts",880,165,87,792,-3.47,-2.69,8.5,1.76,0.98,0.97,0,0.01,962.86,14.73,6684955.13,13.49
9965,"writingprompts",1765,413,92,1672,-2.43,-1.76,6.1,1.4,0.78,0.73,0.01,0.05,470.98,5.81,3502091.65,4.68
9966,"writingprompts",2020,454,113,1906,-3.06,-2.04,8.37,1.59,0.89,0.92,0,0.07,663.77,7.73,4181964.08,6.54
9967,"writingprompts",10041,2238,155,9885,-2.39,-1.44,6.66,1.26,0.62,0.59,0.01,0.02,441.46,4.22,2986237.46,3.18
9968,"writingprompts",9599,2200,259,9339,-2.73,-2.03,6.88,1.53,0.83,0.81,0,0.04,518.69,7.61,3490703.63,6.48
9969,"writingprompts",3019,649,152,2866,-3.04,-2.13,8.34,1.59,0.92,0.9,0,0.02,698.37,8.41,4592822.62,7.28
9970,"writingprompts",3971,915,98,3872,-2.95,-2.08,7.86,1.52,0.88,0.89,0,0.03,681.13,8,4761252.55,6.87
9971,"writingprompts",1701,390,93,1607,-2.74,-2.02,6.1,1.53,0.94,0.92,0,0.04,466.15,7.58,2915938.01,6.42
9972,"writingprompts",920,184,105,814,-3.36,-2.3,10.45,1.77,0.94,0.93,0,0.01,1028.23,9.92,7751695.25,8.77
9973,"writingprompts",1361,305,43,1317,-2.82,-1.99,7.46,1.41,0.93,0.95,0,0.02,599.62,7.32,4276430.12,6.09
9974,"writingprompts",1840,423,73,1766,-2.54,-1.79,6.69,1.47,0.92,0.92,0,0.04,521.98,5.99,3591960.92,4.91
9975,"writingprompts",2033,461,59,1973,-3.12,-2.42,6.93,1.7,0.9,0.88,0,0.02,626.18,11.25,4203040.45,10.08
9976,"writingprompts",4362,936,153,4208,-3.01,-2.2,7.57,1.58,0.9,0.89,0,0.07,665.47,9.07,4619859.16,7.82
9977,"writingprompts",1731,385,78,1652,-3.7,-2.7,10.59,2,0.83,0.86,0,0.04,1248.96,14.88,8659337.1,13.69
9978,"writingprompts",1359,282,127,1231,-3.51,-2.84,8.05,1.8,0.96,0.96,0,0.02,821.94,17.12,5694367.54,15.81
9979,"writingprompts",2714,562,211,2502,-3.01,-2.28,7.65,1.73,0.91,0.91,0,0.02,672.04,9.78,4677310.98,8.62
9980,"writingprompts",4065,977,36,4028,-3.15,-2.61,6.86,1.74,0.9,0.91,0,0.04,636.92,13.6,4412116.65,12.3
9981,"writingprompts",9977,2182,126,9850,-2.7,-1.95,6.69,1.55,0.87,0.86,0,0.04,502.34,7.03,3373057.26,5.91
9982,"writingprompts",2384,487,151,2232,-3.14,-2.5,7.5,1.81,0.91,0.87,0,0.02,638.22,12.18,4217939.24,10.99
9983,"writingprompts",1533,350,101,1431,-2.83,-1.7,9.05,1.55,0.78,0.72,0.03,0.14,710.91,5.5,4783422.94,4.48
9984,"writingprompts",1196,263,96,1099,-2.93,-2.38,6.33,1.67,0.85,0.86,0,0.02,530.95,10.8,3601315.37,9.54
9985,"writingprompts",4843,1098,216,4626,-2.65,-1.96,6.54,1.52,0.88,0.87,0,0.04,505.83,7.06,3535673.22,5.91
9986,"writingprompts",5142,1247,122,5019,-2.55,-1.72,6.83,1.39,0.85,0.84,0,0.05,518.53,5.58,3654796.98,4.45
9987,"writingprompts",2072,446,139,1932,-2.95,-2.34,7.53,1.65,0.91,0.9,0,0.01,600.91,10.34,4202065.78,9.12
9988,"writingprompts",6009,1339,128,5880,-3.17,-2.41,8.01,1.72,0.87,0.85,0.01,0.06,773.54,11.13,5378421.72,9.92
9989,"writingprompts",8892,1942,119,8772,-3.26,-2.55,7.7,1.76,0.73,0.72,0.01,0.06,753.78,12.81,5191077.76,11.46
9990,"writingprompts",1541,381,77,1463,-3.2,-2.38,9.01,1.73,0.8,0.82,0.01,0.03,766.94,10.8,5540059.82,9.67
9991,"writingprompts",6738,1509,94,6643,-2.72,-1.86,6.59,1.42,0.82,0.8,0,0.04,505.02,6.42,3339370.46,5.27
9992,"writingprompts",5603,1450,102,5500,-2.7,-1.79,7.79,1.54,0.84,0.82,0,0.05,625.99,5.99,4373978.9,4.98
9993,"writingprompts",5515,1186,150,5364,-3.86,-3.28,9.46,2.18,0.95,0.95,0,0.03,1120.2,26.44,7523354.42,25.12
9994,"writingprompts",2125,427,271,1853,-2.91,-2.17,7.21,1.59,0.97,0.98,0,0.02,533.55,8.76,3494680.75,7.62
9995,"writingprompts",5057,1138,158,4898,-2.65,-1.87,6.63,1.42,0.84,0.82,0,0.02,490.08,6.46,3213021.59,5.28
9996,"writingprompts",2184,487,94,2089,-2.85,-1.85,8.05,1.58,0.93,0.93,0,0.05,710.01,6.36,4854355.67,5.33
9997,"writingprompts",5240,1170,187,5052,-3.33,-2.56,8.58,1.89,0.87,0.88,0,0.03,828.52,13,5740163.41,11.86
9998,"writingprompts",1209,247,114,1094,-3.57,-2.96,8.04,1.88,0.96,0.95,0,0.03,915.14,19.3,5883132.58,17.95
9999,"writingprompts",2240,401,291,1948,-3.29,-2.61,8.18,2,0.96,0.96,0,0.01,723.12,13.6,4487106.5,12.54
10000,"writingprompts",4863,1097,135,4727,-2.97,-2.14,8.32,1.7,0.89,0.89,0,0.03,709.1,8.5,4779758.08,7.41
